# 
# Wavefront OBJ file
# Converted by the DEEP Exploration Deep Exploration 6.5 x64 6.5.0.9182
# Right Hemisphere, LTD
# http://www.righthemisphere.com/
# 
mtllib sp.mtl
# object Geosphere__1
g Geosphere__1
v 0.00000 3.59117 7.05941
v 1.32428 3.59117 6.93407
v 0.40920 4.85064 6.93407
v 0.67104 3.59117 7.02743
v 0.87204 4.22476 6.97660
v 0.20736 4.22938 7.02743
v 2.51894 3.59117 6.59467
v 1.68617 4.81624 6.74471
v 1.94410 3.59117 6.78640
v 2.11905 4.20019 6.70625
v 1.51406 4.21481 6.86684
v 1.06097 4.83844 6.86684
v 0.77838 5.98684 6.59467
v 1.23405 5.41827 6.70625
v 0.60076 5.44013 6.78640
v 3.50946 3.59117 6.12523
v 2.80987 4.74851 6.37181
v 3.04163 3.59117 6.37050
v 3.18167 4.16113 6.27591
v 2.67681 4.18198 6.50542
v 4.28546 3.59117 5.60979
v 3.72761 4.66252 5.89847
v 3.92302 3.59117 5.86895
v 4.02914 4.11543 5.77287
v 3.63196 4.13864 6.02861
v 3.29532 4.70687 6.14256
v 3.00253 5.77262 6.00505
v 3.38335 5.21986 5.97790
v 2.91797 5.28090 6.20203
v 2.27202 4.78562 6.57620
v 1.96897 5.90584 6.37181
v 2.50877 5.84417 6.20203
v 2.40177 5.33618 6.40477
v 1.83807 5.38286 6.57620
v 1.38905 5.95439 6.50542
v 1.08448 6.92886 6.12523
v 1.52524 6.44099 6.27591
v 0.93990 6.48394 6.37050
v 2.17082 6.80529 5.89847
v 2.59451 6.30564 5.97790
v 2.07940 6.38041 6.14256
v 1.64304 6.87620 6.02861
v 1.32428 7.66691 5.60979
v 1.74369 7.26113 5.77287
v 1.21228 7.32222 5.86895
v -1.07134 4.36955 6.93407
v -0.33308 4.61634 6.97660
v -0.54289 3.98559 7.02743
v -0.64405 5.57336 6.74471
v 0.07557 5.79469 6.70625
v -0.12522 5.22384 6.86684
v -0.85835 4.98564 6.86684
v -2.03785 5.07176 6.59467
v -1.35635 5.32944 6.70625
v -1.57281 4.73389 6.78640
v -0.23239 6.62115 6.37181
v 0.44110 6.79326 6.27591
v 0.26526 6.31954 6.50542
v 0.13293 7.46743 5.89847
v 0.74644 7.58515 5.77287
v 0.60161 7.21458 6.02861
v -0.04278 7.06996 6.14256
v -1.14683 7.12088 6.00505
v -0.50346 7.31226 5.97790
v -0.70535 6.88849 6.20203
v -0.43390 6.12108 6.57620
v -1.59293 6.17907 6.37181
v -1.36749 6.67338 6.20203
v -0.91741 6.41464 6.40477
v -1.13599 5.89297 6.57620
v -1.81829 5.64253 6.50542
v -2.83918 5.65397 6.12523
v -2.23902 5.92241 6.27591
v -2.46073 5.37900 6.37050
v -2.38597 6.64898 5.89847
v -1.77987 6.89751 5.97790
v -2.01014 6.43074 6.14256
v -2.61649 6.16890 6.02861
v -3.46701 6.11011 5.60979
v -2.95148 6.38359 5.77287
v -3.17379 5.89708 5.86895
v -1.07134 2.81279 6.93407
v -1.07791 3.59117 6.97660
v -0.54289 3.19675 7.02743
v -2.08423 3.59117 6.74471
v -2.07233 4.34396 6.70625
v -1.59145 3.97657 6.86684
v -1.59145 3.20577 6.86684
v -2.03785 2.11058 6.59467
v -2.07233 2.83838 6.70625
v -1.57281 2.44845 6.78640
v -2.95347 4.30643 6.37181
v -2.90904 5.00017 6.27591
v -2.51284 4.68658 6.50542
v -3.64543 4.91545 5.89847
v -3.56783 5.53527 5.77287
v -3.26012 5.28302 6.02861
v -3.32176 4.62545 6.14256
v -3.71135 3.59117 6.00505
v -3.69453 4.26221 5.97790
v -3.35391 3.93925 6.20203
v -2.54016 3.96026 6.57620
v -2.95347 2.87591 6.37181
v -3.35391 3.24309 6.20203
v -2.96876 3.59117 6.40477
v -2.54016 3.22208 6.57620
v -2.51284 2.49577 6.50542
v -2.83918 1.52837 6.12523
v -2.90904 2.18217 6.27591
v -2.46073 1.80334 6.37050
v -3.64543 2.26689 5.89847
v -3.69453 2.92014 5.97790
v -3.32176 2.55689 6.14256
v -3.26012 1.89933 6.02861
v -3.46701 1.07223 5.60979
v -3.56783 1.64707 5.77287
v -3.17379 1.28527 5.86895
v 0.40920 2.33170 6.93407
v -0.33308 2.56600 6.97660
v 0.20736 2.95296 7.02743
v -0.64405 1.60899 6.74471
v -1.35635 1.85290 6.70625
v -0.85835 2.19670 6.86684
v -0.12522 1.95851 6.86684
v 0.77838 1.19550 6.59467
v 0.07557 1.38765 6.70625
v 0.60076 1.74221 6.78640
v -1.59293 1.00327 6.37181
v -2.23902 1.25993 6.27591
v -1.81829 1.53981 6.50542
v -2.38597 0.53336 5.89847
v -2.95148 0.79875 5.77287
v -2.61649 1.01344 6.02861
v -2.01014 0.75161 6.14256
v -1.14683 0.06147 6.00505
v -1.77987 0.28483 5.97790
v -1.36749 0.50896 6.20203
v -1.13599 1.28938 6.57620
v -0.23239 0.56119 6.37181
v -0.70535 0.29386 6.20203
v -0.91741 0.76770 6.40477
v -0.43390 1.06126 6.57620
v 0.26526 0.86280 6.50542
v 1.08448 0.25349 6.12523
v 0.44110 0.38908 6.27591
v 0.93990 0.69840 6.37050
v 0.13293 -0.28509 5.89847
v -0.50346 -0.12992 5.97790
v -0.04278 0.11238 6.14256
v 0.60161 -0.03224 6.02861
v 1.32428 -0.48456 5.60979
v 0.74644 -0.40281 5.77287
v 1.21228 -0.13987 5.86895
v 0.87204 2.95758 6.97660
v 1.68617 2.36610 6.74471
v 1.23405 1.76407 6.70625
v 1.06097 2.34390 6.86684
v 1.51406 2.96754 6.86684
v 2.11905 2.98215 6.70625
v 1.96897 1.27650 6.37181
v 1.52524 0.74136 6.27591
v 1.38905 1.22795 6.50542
v 2.17082 0.37705 5.89847
v 1.74369 -0.07879 5.77287
v 1.64304 0.30614 6.02861
v 2.07940 0.80193 6.14256
v 3.00253 1.40972 6.00505
v 2.59451 0.87670 5.97790
v 2.50877 1.33817 6.20203
v 1.83807 1.79948 6.57620
v 2.80987 2.43383 6.37181
v 2.91797 1.90145 6.20203
v 2.40177 1.84616 6.40477
v 2.27202 2.39673 6.57620
v 2.67681 3.00037 6.50542
v 3.18167 3.02121 6.27591
v 3.72761 2.51983 5.89847
v 3.38335 1.96249 5.97790
v 3.29532 2.47547 6.14256
v 3.63196 3.04370 6.02861
v 4.02914 3.06692 5.77287
v 5.10823 7.30252 3.15706
v 5.49668 7.58473 1.91653
v 4.42530 8.36310 2.73498
v 5.32787 7.46209 2.54253
v 4.99140 8.00079 2.34001
v 4.78498 7.85655 2.95729
v 5.68332 7.72032 0.69620
v 4.77049 8.57139 1.50813
v 5.61406 7.67004 1.29607
v 5.26137 8.16659 1.10375
v 5.15013 8.10381 1.71671
v 4.61965 8.48925 2.12197
v 3.64543 9.20096 2.25300
v 4.22518 8.91943 1.89534
v 4.04125 8.81276 2.49763
v 5.70200 7.73392 -0.39963
v 4.94705 8.61596 0.33634
v 5.71022 7.73989 0.12844
v 5.35740 8.18807 -0.03910
v 5.32859 8.19290 0.51506
v 5.60979 7.66691 -1.32428
v 4.98708 8.53882 -0.69620
v 5.66617 7.70791 -0.88419
v 5.32690 8.10941 -1.02208
v 5.35456 8.15825 -0.55243
v 4.98124 8.58935 -0.20037
v 4.14940 9.30233 0.00000
v 4.59241 8.94095 -0.35278
v 4.55034 8.98585 0.16368
v 4.87851 8.61206 0.90881
v 3.96255 9.33126 1.08842
v 4.07120 9.33397 0.52968
v 4.47782 9.00144 0.71607
v 4.37044 8.98115 1.29692
v 3.82085 9.28830 1.66689
v 2.86278 9.79672 1.76928
v 3.41804 9.59711 1.44242
v 3.24945 9.52773 2.00828
v 3.16439 9.86310 0.69620
v 3.66878 9.61198 0.35278
v 3.55762 9.62367 0.88712
v 3.02591 9.85013 1.22647
v 2.14273 10.18584 1.32428
v 2.65102 10.05355 1.02208
v 2.49238 10.01382 1.54036
v 4.17236 7.58473 4.05926
v 4.32520 8.00079 3.41796
v 4.65680 7.46209 3.62832
v 3.48235 8.57139 3.59240
v 3.58482 8.91943 2.93149
v 3.96390 8.48925 3.18294
v 3.83868 8.10381 3.83868
v 3.16439 7.72032 4.77197
v 3.34018 8.16659 4.21226
v 3.66996 7.67004 4.44177
v 2.74561 9.33126 3.05743
v 2.81877 9.59711 2.41210
v 3.19963 9.28830 2.67203
v 2.03785 9.86310 2.51894
v 2.09974 10.05355 1.91403
v 2.45023 9.85013 2.15794
v 2.38453 9.62367 2.78530
v 1.85565 9.30233 3.71135
v 1.95626 9.61198 3.12368
v 2.29447 9.33397 3.40449
v 3.11453 8.98115 3.32904
v 2.51322 8.61596 4.27436
v 2.18136 8.98585 3.99673
v 2.64301 9.00144 3.68483
v 2.99456 8.61206 3.95704
v 2.84372 8.19290 4.53564
v 2.19255 7.73392 5.27878
v 2.36093 8.18807 4.80929
v 2.66855 7.73989 5.04995
v 1.60755 8.53882 4.77197
v 1.73823 8.94095 4.26538
v 2.04844 8.58935 4.54501
v 1.90047 8.15825 5.03635
v 1.46805 8.10941 5.22159
v 1.74314 7.70791 5.46343
v 5.08744 6.32526 4.05926
v 4.65832 6.97562 4.08416
v 5.12052 6.82389 3.62832
v 4.12644 6.58921 4.88050
v 3.66039 7.18116 4.85267
v 4.16656 7.09474 4.49439
v 4.61965 6.47111 4.49439
v 4.90490 5.32466 4.77193
v 4.54539 5.96303 4.85267
v 5.01330 5.82104 4.44177
v 3.12164 6.74332 5.49126
v 2.66059 7.26583 5.40861
v 3.15435 7.23694 5.15686
v 2.18831 7.27236 5.61203
v 2.63500 6.78411 5.71810
v 3.06975 6.25176 5.77347
v 3.62256 6.67935 5.21295
v 3.96255 5.58598 5.49126
v 3.47896 5.68849 5.77347
v 3.56042 6.17797 5.51968
v 4.05646 6.08211 5.21295
v 4.44207 5.46449 5.15686
v 4.61753 4.39619 5.27878
v 4.31698 4.98598 5.40861
v 4.77028 4.84708 5.04995
v 3.85093 5.11052 5.71810
v 4.17727 4.53484 5.61203
v 4.45389 3.97682 5.46343
v 5.90589 6.32526 2.73498
v 5.53040 6.34203 3.41796
v 5.53523 6.82389 2.95729
v 5.81261 5.36409 3.59236
v 5.38366 5.35401 4.21226
v 5.47800 5.84747 3.83868
v 5.88327 5.84747 3.18294
v 6.46170 5.32466 2.25300
v 6.17526 5.35401 2.93149
v 6.21487 5.82104 2.49763
v 5.55548 4.42860 4.27436
v 5.10150 4.41602 4.80929
v 5.25527 4.87368 4.53564
v 5.20223 3.59117 4.77197
v 4.75075 3.59117 5.22159
v 4.93083 3.98733 5.03635
v 5.38654 3.99483 4.54501
v 6.00505 3.59117 3.71135
v 5.62508 3.59117 4.26538
v 5.80473 3.99872 3.99673
v 5.70052 4.88766 3.95704
v 6.30759 4.42860 3.05743
v 6.17077 3.99872 3.40449
v 5.96223 4.43296 3.68483
v 6.08863 4.88766 3.32904
v 6.40706 4.87368 2.67203
v 6.78648 4.39619 1.76928
v 6.58302 4.41602 2.41210
v 6.65012 4.84708 2.00828
v 6.59467 3.59117 2.51894
v 6.33068 3.59117 3.12368
v 6.47411 3.99483 2.78530
v 6.70981 3.98733 2.15794
v 6.93407 3.59117 1.32428
v 6.79495 3.59117 1.91403
v 6.87849 3.97682 1.54036
v 5.73627 6.97562 2.34001
v 6.21067 6.58921 1.50813
v 6.37312 5.96303 1.89534
v 6.08588 6.47111 2.12197
v 5.88327 7.09474 1.71671
v 5.97735 7.18116 1.10375
v 6.68363 5.58598 1.08842
v 6.76822 4.98598 1.44242
v 6.59903 5.46449 1.66689
v 6.94279 4.66252 0.69620
v 6.96529 4.11543 1.02208
v 6.88768 4.53484 1.22647
v 6.83664 5.11052 0.88712
v 6.71387 5.77262 0.00000
v 6.85989 5.21986 0.35278
v 6.71980 5.68849 0.52968
v 6.47674 6.08211 1.29692
v 6.30759 6.74332 0.33634
v 6.53676 6.25176 0.16368
v 6.52922 6.17797 0.71607
v 6.28268 6.67935 0.90881
v 6.02310 7.23694 0.51506
v 6.02746 7.26583 -0.03910
v 6.24659 6.80529 -0.69620
v 6.50707 6.30564 -0.35278
v 6.29285 6.78411 -0.20037
v 5.99819 7.27236 -0.55243
v 5.94321 7.26113 -1.02208
v -1.95113 9.59622 3.15706
v -2.09952 10.05287 1.91653
v -3.17091 9.27449 2.73498
v -2.03505 9.85445 2.54253
v -2.65140 9.70094 2.34001
v -2.57795 9.46003 2.95729
v -2.17082 10.27230 0.69620
v -3.26232 9.66718 1.50813
v -2.14438 10.19093 1.29607
v -2.72561 10.00890 1.10375
v -2.70028 9.88373 1.71671
v -3.23077 9.49829 2.12197
v -4.20870 8.79171 2.25300
v -3.76180 9.25611 1.89534
v -3.71724 9.04820 2.49763
v -2.17798 10.29429 -0.39963
v -3.25012 9.84882 0.33634
v -2.18111 10.30394 0.12844
v -2.71638 10.10688 -0.03910
v -2.72985 10.08096 0.51506
v -2.14273 10.18584 -1.32428
v -3.16439 9.86310 -0.69620
v -2.16429 10.25218 -0.88419
v -2.65102 10.05355 -1.02208
v -2.68889 10.09498 -0.55243
v -3.21425 9.87314 -0.20037
v -4.14940 9.30233 0.00000
v -3.66878 9.61198 -0.35278
v -3.72448 9.58585 0.16368
v -3.26758 9.78244 0.90881
v -4.23463 9.13356 1.08842
v -4.20362 9.23773 0.52968
v -3.76176 9.52171 0.71607
v -3.77565 9.41331 1.29692
v -4.23759 8.98555 1.66689
v -5.01716 8.23149 1.76928
v -4.65574 8.69788 1.44242
v -4.64184 8.51611 2.00828
v -4.98708 8.53882 0.69620
v -4.59241 8.94095 0.35278
v -4.63786 8.83881 0.88712
v -5.01758 8.40309 1.22647
v -5.60979 7.66691 1.32428
v -5.32690 8.10941 1.02208
v -5.33808 7.94627 1.54036
v -2.50877 8.79340 4.05926
v -2.85727 9.06735 3.41796
v -2.24241 9.21625 3.62832
v -3.66039 8.44206 3.59236
v -3.95971 8.64705 2.93149
v -3.43342 8.87465 3.18294
v -3.10555 8.63646 3.83868
v -2.94924 7.87663 4.77193
v -3.31930 8.18176 4.21226
v -2.74514 8.34192 4.44177
v -4.61071 7.97618 3.05743
v -4.84094 8.12792 2.41210
v -4.42953 8.39475 2.67203
v -5.33520 7.46743 2.51894
v -5.49723 7.58515 1.91403
v -5.19546 7.85558 2.15794
v -5.00038 7.72312 2.78530
v -4.85822 7.12088 3.71135
v -5.12162 7.31226 3.12368
v -4.75266 7.54796 3.40449
v -4.16376 8.21887 3.32904
v -4.00224 7.53415 4.27436
v -4.45656 7.33285 3.99673
v -4.32875 7.77670 3.68483
v -3.84974 7.99071 3.95704
v -3.49772 7.71774 4.53564
v -3.26245 6.95656 5.27878
v -3.64234 7.25707 4.80929
v -3.12101 7.41113 5.04995
v -4.20870 6.64898 4.77197
v -4.55077 6.89751 4.26538
v -4.12055 7.08390 4.54501
v -3.75625 6.80995 5.03635
v -3.84343 6.38359 5.22159
v -3.37657 6.52113 5.46343
v -1.02814 9.27449 4.05926
v -1.77932 9.06735 4.08416
v -1.49216 9.46003 3.62832
v -1.57616 8.44206 4.88050
v -2.28311 8.18176 4.85267
v -2.04458 8.63646 4.49439
v -1.31144 8.87465 4.49439
v -0.13293 8.79171 4.77193
v -0.85115 8.64705 4.85267
v -0.57153 9.04820 4.44177
v -2.03323 7.53415 5.49126
v -2.67266 7.25707 5.40861
v -2.49259 7.71774 5.15686
v -2.82478 6.80995 5.61203
v -2.22237 7.08390 5.71810
v -1.58175 7.33285 5.77347
v -1.81761 7.99071 5.21295
v -0.67269 7.97618 5.49126
v -0.91961 7.54796 5.77347
v -1.35995 7.77670 5.51968
v -1.11548 8.21887 5.21295
v -0.40895 8.39475 5.15686
v 0.66121 8.23149 5.27878
v 0.00746 8.12792 5.40861
v 0.27962 8.51611 5.04995
v -0.25497 7.72312 5.71810
v 0.39332 7.85558 5.61203
v 1.00950 7.94627 5.46343
v -0.77524 10.05287 2.73498
v -0.90724 9.70094 3.41796
v -1.36401 9.85445 2.95729
v 0.11001 9.66718 3.59240
v -0.01288 9.25611 4.21226
v -0.45309 9.49829 3.83868
v -0.32783 9.88373 3.18294
v 0.34808 10.27230 2.25300
v 0.23167 10.00890 2.93149
v -0.20024 10.19093 2.49763
v 0.92024 9.13356 4.27436
v 0.79193 8.69788 4.80929
v 0.40416 8.98555 4.53564
v 1.14692 8.40309 5.03635
v 1.28061 8.83881 4.54501
v 1.40612 9.23773 3.99673
v 0.52849 9.41331 3.95704
v 1.15268 9.84882 3.05743
v 1.51922 9.58585 3.40449
v 1.04182 9.52171 3.68483
v 0.64846 9.78244 3.32904
v 0.76012 10.08096 2.67203
v 1.33148 10.29429 1.76928
v 1.24977 10.10688 2.41210
v 0.86052 10.30394 2.00828
v 1.61670 9.87314 2.78530
v 1.69663 10.09498 2.15794
v 1.75873 10.25218 1.54036
v -1.44619 10.09252 2.34001
v -0.93206 10.42429 1.50813
v -0.28636 10.38532 1.89534
v -0.85835 10.26917 2.12197
v -1.51406 10.26917 1.71671
v -1.56713 10.38532 1.10375
v 0.16817 10.56412 1.08842
v 0.76491 10.45915 1.44242
v 0.25751 10.44611 1.66689
v 1.12650 10.52524 0.69620
v 1.65376 10.37757 1.02208
v 1.23092 10.43336 1.22647
v 0.66760 10.56268 0.88712
v 0.00000 10.65058 0.00000
v 0.57081 10.61860 0.35278
v 0.08184 10.63016 0.52968
v -0.36761 10.52066 1.29692
v -1.04872 10.56412 0.33634
v -0.51036 10.63016 0.16368
v -0.44254 10.60017 0.71607
v -0.99556 10.52066 0.90881
v -1.60606 10.44611 0.51506
v -1.63224 10.45915 -0.03910
v -1.12650 10.52524 -0.69620
v -0.57081 10.61860 -0.35278
v -1.09206 10.56268 -0.20037
v -1.64745 10.43336 -0.55243
v -1.65376 10.37757 -1.02208
v -6.31412 3.59117 3.15706
v -6.79428 3.59117 1.91653
v -6.38503 2.33170 2.73498
v -6.58561 3.59117 2.54253
v -6.63008 2.95758 2.34001
v -6.37825 2.95296 2.95729
v -7.02497 3.59117 0.69620
v -6.78673 2.36610 1.50813
v -6.93940 3.59117 1.29607
v -6.94593 2.98215 1.10375
v -6.81901 2.96754 1.71671
v -6.61640 2.34390 2.12197
v -6.24659 1.19550 2.25300
v -6.55015 1.76407 1.89534
v -6.33860 1.74221 2.49763
v -7.04806 3.59117 -0.39963
v -6.95575 2.43383 0.33634
v -7.05822 3.59117 0.12844
v -7.03624 3.02121 -0.03910
v -7.01574 3.00037 0.51506
v -6.93407 3.59117 -1.32428
v -6.94279 2.51983 -0.69620
v -7.00379 3.59117 -0.88419
v -6.96529 3.06692 -1.02208
v -7.01641 3.04370 -0.55243
v -6.96778 2.47547 -0.20037
v -6.71387 1.40972 0.00000
v -6.85989 1.96249 -0.35278
v -6.85222 1.90145 0.16368
v -6.89797 2.39673 0.90881
v -6.57972 1.27650 1.08842
v -6.66923 1.33817 0.52968
v -6.80275 1.84616 0.71607
v -6.70392 1.79948 1.29692
v -6.43984 1.22795 1.66689
v -5.96358 0.25349 1.76928
v -6.29548 0.74136 1.44242
v -6.11828 0.69840 2.00828
v -6.24659 0.37705 0.69620
v -6.50707 0.87670 0.35278
v -6.42400 0.80193 0.88712
v -6.12692 0.30614 1.22647
v -5.60979 -0.48456 1.32428
v -5.94321 -0.07879 1.02208
v -5.79151 -0.13987 1.54036
v -5.72289 2.81279 4.05926
v -6.09109 2.56600 3.41796
v -6.04271 3.19675 3.62832
v -5.74462 1.60899 3.59240
v -6.03204 1.38765 2.93149
v -6.08588 1.95851 3.18294
v -5.75801 2.19670 3.83868
v -4.98708 2.11058 4.77193
v -5.39167 1.85290 4.21226
v -5.36655 2.44845 4.44177
v -5.59521 0.56119 3.05743
v -5.81062 0.38908 2.41210
v -5.93728 0.86280 2.67203
v -5.33520 -0.28509 2.51894
v -5.49723 -0.40281 1.91403
v -5.66121 -0.03224 2.15794
v -5.47495 0.11238 2.78530
v -4.85822 0.06147 3.71135
v -5.12162 -0.12992 3.12368
v -5.23180 0.29386 3.40449
v -5.68786 1.06126 3.32904
v -4.98674 1.00327 4.27436
v -4.93570 0.50896 3.99673
v -5.31834 0.76770 3.68483
v -5.37388 1.28938 3.95704
v -5.00547 1.53981 4.53564
v -4.20883 1.52837 5.27878
v -4.61202 1.25993 4.80929
v -4.59749 1.80334 5.04995
v -4.20870 0.53336 4.77197
v -4.55077 0.28483 4.26538
v -4.59508 0.75161 4.54501
v -4.22201 1.01344 5.03635
v -3.84343 0.79875 5.22159
v -3.82996 1.28527 5.46343
v -5.72289 4.36955 4.05926
v -5.75801 3.59117 4.08416
v -6.04271 3.98559 3.62832
v -5.10052 3.59117 4.88050
v -5.07147 2.83838 4.85267
v -5.43018 3.20577 4.49439
v -5.43018 3.97657 4.49439
v -4.98708 5.07176 4.77193
v -5.07147 4.34396 4.85267
v -5.36655 4.73389 4.44177
v -4.37827 2.87591 5.49126
v -4.31236 2.18217 5.40861
v -4.69484 2.49577 5.15686
v -3.93417 1.89933 5.61203
v -4.00851 2.55689 5.71810
v -4.04731 3.24309 5.77347
v -4.74588 3.22208 5.21295
v -4.37827 4.30643 5.49126
v -4.04731 3.93925 5.77347
v -4.40094 3.59117 5.51968
v -4.74588 3.96026 5.21295
v -4.69484 4.68658 5.15686
v -4.20883 5.65397 5.27878
v -4.31236 5.00017 5.40861
v -4.59749 5.37900 5.04995
v -4.00851 4.62545 5.71810
v -3.93417 5.28302 5.61203
v -3.82996 5.89708 5.46343
v -6.38503 4.85064 2.73498
v -6.09109 4.61634 3.41796
v -6.37825 4.22938 2.95729
v -5.74462 5.57336 3.59240
v -5.39167 5.32944 4.21226
v -5.75801 4.98564 3.83868
v -6.08588 5.22384 3.18294
v -6.24659 5.98684 2.25300
v -6.03204 5.79469 2.93149
v -6.33860 5.44013 2.49763
v -4.98674 6.17907 4.27436
v -4.61202 5.92241 4.80929
v -5.00547 5.64253 4.53564
v -4.22201 6.16890 5.03635
v -4.59508 6.43074 4.54501
v -4.93570 6.67338 3.99673
v -5.37388 5.89297 3.95704
v -5.59521 6.62115 3.05743
v -5.23180 6.88849 3.40449
v -5.31834 6.41464 3.68483
v -5.68786 6.12108 3.32904
v -5.93728 6.31954 2.67203
v -5.96358 6.92886 1.76928
v -5.81062 6.79326 2.41210
v -6.11828 6.48394 2.00828
v -5.47495 7.06996 2.78530
v -5.66121 7.21458 2.15794
v -5.79151 7.32222 1.54036
v -6.63008 4.22476 2.34001
v -6.78673 4.81624 1.50813
v -6.55015 5.41827 1.89534
v -6.61640 4.83844 2.12197
v -6.81901 4.21481 1.71671
v -6.94593 4.20019 1.10375
v -6.57972 5.90584 1.08842
v -6.29548 6.44099 1.44242
v -6.43984 5.95439 1.66689
v -6.24659 6.80529 0.69620
v -5.94321 7.26113 1.02208
v -6.12692 6.87620 1.22647
v -6.42400 6.38041 0.88712
v -6.71387 5.77262 0.00000
v -6.50707 6.30564 0.35278
v -6.66923 5.84417 0.52968
v -6.70392 5.38286 1.29692
v -6.95575 4.74851 0.33634
v -6.85222 5.28090 0.16368
v -6.80275 5.33618 0.71607
v -6.89797 4.78562 0.90881
v -7.01574 4.18198 0.51506
v -7.03624 4.16113 -0.03910
v -6.94279 4.66252 -0.69620
v -6.85989 5.21986 -0.35278
v -6.96778 4.70687 -0.20037
v -7.01641 4.13864 -0.55243
v -6.96529 4.11543 -1.02208
v -1.95113 -2.41388 3.15706
v -2.09952 -2.87053 1.91653
v -0.77524 -2.87053 2.73498
v -2.03505 -2.67211 2.54253
v -1.44619 -2.91018 2.34001
v -1.36401 -2.67211 2.95729
v -2.17082 -3.08996 0.69620
v -0.93206 -3.24195 1.50813
v -2.14438 -3.00858 1.29607
v -1.56713 -3.20298 1.10375
v -1.51406 -3.08682 1.71671
v -0.85835 -3.08682 2.12197
v 0.34808 -3.08996 2.25300
v -0.28636 -3.20298 1.89534
v -0.20024 -3.00858 2.49763
v -2.17798 -3.11194 -0.39963
v -1.04872 -3.38178 0.33634
v -2.18111 -3.12160 0.12844
v -1.63224 -3.27681 -0.03910
v -1.60606 -3.26376 0.51506
v -2.14273 -3.00350 -1.32428
v -1.12650 -3.34289 -0.69620
v -2.16429 -3.06984 -0.88419
v -1.65376 -3.19522 -1.02208
v -1.64745 -3.25101 -0.55243
v -1.09206 -3.38034 -0.20037
v 0.00000 -3.46824 0.00000
v -0.57081 -3.43626 -0.35278
v -0.51036 -3.44782 0.16368
v -0.99556 -3.33832 0.90881
v 0.16817 -3.38178 1.08842
v 0.08184 -3.44782 0.52968
v -0.44254 -3.41783 0.71607
v -0.36761 -3.33832 1.29692
v 0.25751 -3.26376 1.66689
v 1.33148 -3.11194 1.76928
v 0.76491 -3.27681 1.44242
v 0.86052 -3.12160 2.00828
v 1.12650 -3.34289 0.69620
v 0.57081 -3.43626 0.35278
v 0.66760 -3.38034 0.88712
v 1.23092 -3.25101 1.22647
v 2.14273 -3.00350 1.32428
v 1.65376 -3.19522 1.02208
v 1.75873 -3.06984 1.54036
v -1.02814 -2.09215 4.05926
v -0.90724 -2.51860 3.41796
v -1.49216 -2.27769 3.62832
v 0.11001 -2.48484 3.59240
v 0.23167 -2.82656 2.93149
v -0.32783 -2.70138 3.18294
v -0.45309 -2.31594 3.83868
v -0.13293 -1.60937 4.77193
v -0.01288 -2.07377 4.21226
v -0.57153 -1.86586 4.44177
v 1.15268 -2.66648 3.05743
v 1.24977 -2.92454 2.41210
v 0.76012 -2.89862 2.67203
v 2.03785 -2.68075 2.51894
v 2.09974 -2.87121 1.91403
v 1.69663 -2.91264 2.15794
v 1.61670 -2.69079 2.78530
v 1.85565 -2.11998 3.71135
v 1.95626 -2.42964 3.12368
v 1.51922 -2.40350 3.40449
v 0.64846 -2.60010 3.32904
v 0.92024 -1.95122 4.27436
v 1.40612 -2.05538 3.99673
v 1.04182 -2.33937 3.68483
v 0.52849 -2.23097 3.95704
v 0.40416 -1.80321 4.53564
v 0.66121 -1.04915 5.27878
v 0.79193 -1.51554 4.80929
v 0.27962 -1.33377 5.04995
v 1.60755 -1.35647 4.77197
v 1.73823 -1.75860 4.26538
v 1.28061 -1.65647 4.54501
v 1.14692 -1.22075 5.03635
v 1.46805 -0.92706 5.22159
v 1.00950 -0.76393 5.46343
v -2.50877 -1.61106 4.05926
v -1.77932 -1.88501 4.08416
v -2.24241 -2.03391 3.62832
v -1.57616 -1.25972 4.88050
v -0.85115 -1.46471 4.85267
v -1.31144 -1.69231 4.49439
v -2.04458 -1.45412 4.49439
v -2.94924 -0.69429 4.77193
v -2.28311 -0.99942 4.85267
v -2.74514 -1.15958 4.44177
v -0.67269 -0.79384 5.49126
v 0.00746 -0.94558 5.40861
v -0.40895 -1.21241 5.15686
v 0.39332 -0.67324 5.61203
v -0.25497 -0.54078 5.71810
v -0.91961 -0.36561 5.77347
v -1.11548 -1.03652 5.21295
v -2.03323 -0.35181 5.49126
v -1.58175 -0.15051 5.77347
v -1.35995 -0.59436 5.51968
v -1.81761 -0.80837 5.21295
v -2.49259 -0.53540 5.15686
v -3.26245 0.22578 5.27878
v -2.67266 -0.07472 5.40861
v -3.12101 -0.22879 5.04995
v -2.22237 0.09845 5.71810
v -2.82478 0.37239 5.61203
v -3.37657 0.66121 5.46343
v -3.17091 -2.09215 2.73498
v -2.85727 -1.88501 3.41796
v -2.57795 -2.27769 2.95729
v -3.66039 -1.25972 3.59236
v -3.31930 -0.99942 4.21226
v -3.10555 -1.45412 3.83868
v -3.43342 -1.69231 3.18294
v -4.20870 -1.60937 2.25300
v -3.95971 -1.46471 2.93149
v -3.71724 -1.86586 2.49763
v -4.00224 -0.35181 4.27436
v -3.64234 -0.07472 4.80929
v -3.49772 -0.53540 4.53564
v -3.75625 0.37239 5.03635
v -4.12055 0.09845 4.54501
v -4.45656 -0.15051 3.99673
v -3.84974 -0.80837 3.95704
v -4.61071 -0.79384 3.05743
v -4.75266 -0.36561 3.40449
v -4.32875 -0.59436 3.68483
v -4.16376 -1.03652 3.32904
v -4.42953 -1.21241 2.67203
v -5.01716 -1.04915 1.76928
v -4.84094 -0.94558 2.41210
v -4.64184 -1.33377 2.00828
v -5.00038 -0.54078 2.78530
v -5.19546 -0.67324 2.15794
v -5.33808 -0.76393 1.54036
v -2.65140 -2.51860 2.34001
v -3.26232 -2.48484 1.50813
v -3.76180 -2.07377 1.89534
v -3.23077 -2.31594 2.12197
v -2.70028 -2.70138 1.71671
v -2.72561 -2.82656 1.10375
v -4.23463 -1.95122 1.08842
v -4.65574 -1.51554 1.44242
v -4.23759 -1.80321 1.66689
v -4.98708 -1.35647 0.69620
v -5.32690 -0.92706 1.02208
v -5.01758 -1.22075 1.22647
v -4.63786 -1.65647 0.88712
v -4.14940 -2.11998 0.00000
v -4.59241 -1.75860 0.35278
v -4.20362 -2.05538 0.52968
v -3.77565 -2.23097 1.29692
v -3.25012 -2.66648 0.33634
v -3.72448 -2.40350 0.16368
v -3.76176 -2.33937 0.71607
v -3.26758 -2.60010 0.90881
v -2.72985 -2.89862 0.51506
v -2.71638 -2.92454 -0.03910
v -3.16439 -2.68075 -0.69620
v -3.66878 -2.42964 -0.35278
v -3.21425 -2.69079 -0.20037
v -2.68889 -2.91264 -0.55243
v -2.65102 -2.87121 -1.02208
v 5.10823 -0.12018 3.15706
v 5.49668 -0.40238 1.91653
v 5.90589 0.85708 2.73498
v 5.32787 -0.27975 2.54253
v 5.73627 0.20672 2.34001
v 5.53523 0.35846 2.95729
v 5.68332 -0.53798 0.69620
v 6.21067 0.59313 1.50813
v 5.61406 -0.48770 1.29607
v 5.97735 0.00119 1.10375
v 5.88327 0.08760 1.71671
v 6.08588 0.71124 2.12197
v 6.46170 1.85769 2.25300
v 6.37312 1.21931 1.89534
v 6.21487 1.36130 2.49763
v 5.70200 -0.55158 -0.39963
v 6.30759 0.43903 0.33634
v 5.71022 -0.55755 0.12844
v 6.02746 -0.08349 -0.03910
v 6.02310 -0.05460 0.51506
v 5.60979 -0.48456 -1.32428
v 6.24659 0.37705 -0.69620
v 5.66617 -0.52557 -0.88419
v 5.94321 -0.07879 -1.02208
v 5.99819 -0.09002 -0.55243
v 6.29285 0.39823 -0.20037
v 6.71387 1.40972 0.00000
v 6.50707 0.87670 -0.35278
v 6.53676 0.93058 0.16368
v 6.28268 0.50299 0.90881
v 6.68363 1.59636 1.08842
v 6.71980 1.49385 0.52968
v 6.52922 1.00437 0.71607
v 6.47674 1.10023 1.29692
v 6.59903 1.71785 1.66689
v 6.78648 2.78615 1.76928
v 6.76822 2.19636 1.44242
v 6.65012 2.33526 2.00828
v 6.94279 2.51983 0.69620
v 6.85989 1.96249 0.35278
v 6.83664 2.07182 0.88712
v 6.88768 2.64750 1.22647
v 6.96529 3.06692 1.02208
v 6.87849 3.20552 1.54036
v 5.08744 0.85708 4.05926
v 5.53040 0.84031 3.41796
v 5.12052 0.35846 3.62832
v 5.81261 1.81825 3.59236
v 6.17526 1.82833 2.93149
v 5.88327 1.33487 3.18294
v 5.47800 1.33487 3.83868
v 4.90490 1.85769 4.77193
v 5.38366 1.82833 4.21226
v 5.01330 1.36130 4.44177
v 6.30759 2.75374 3.05743
v 6.58302 2.76632 2.41210
v 6.40706 2.30866 2.67203
v 6.70981 3.19501 2.15794
v 6.47411 3.18752 2.78530
v 6.17077 3.18362 3.40449
v 6.08863 2.29468 3.32904
v 5.55548 2.75374 4.27436
v 5.80473 3.18362 3.99673
v 5.96223 2.74938 3.68483
v 5.70052 2.29468 3.95704
v 5.25527 2.30866 4.53564
v 4.61753 2.78615 5.27878
v 5.10150 2.76632 4.80929
v 4.77028 2.33526 5.04995
v 5.38654 3.18752 4.54501
v 4.93083 3.19501 5.03635
v 4.45389 3.20552 5.46343
v 4.17236 -0.40238 4.05926
v 4.65832 0.20672 4.08416
v 4.65680 -0.27975 3.62832
v 4.12644 0.59313 4.88050
v 4.54539 1.21931 4.85267
v 4.61965 0.71124 4.49439
v 4.16656 0.08760 4.49439
v 3.16439 -0.53798 4.77197
v 3.66039 0.00119 4.85267
v 3.66996 -0.48770 4.44177
v 3.96255 1.59636 5.49126
v 4.31698 2.19636 5.40861
v 4.44207 1.71785 5.15686
v 4.17727 2.64750 5.61203
v 3.85093 2.07182 5.71810
v 3.47896 1.49385 5.77347
v 4.05646 1.10023 5.21295
v 3.12164 0.43903 5.49126
v 3.06975 0.93058 5.77347
v 3.56042 1.00437 5.51968
v 3.62256 0.50299 5.21295
v 3.15435 -0.05460 5.15686
v 2.19255 -0.55158 5.27878
v 2.66059 -0.08349 5.40861
v 2.66855 -0.55755 5.04995
v 2.63500 0.39823 5.71810
v 2.18831 -0.09002 5.61203
v 1.74314 -0.52557 5.46343
v 4.42530 -1.18076 2.73498
v 4.32520 -0.81845 3.41796
v 4.78498 -0.67421 2.95729
v 3.48235 -1.38905 3.59240
v 3.34018 -0.98425 4.21226
v 3.83868 -0.92147 3.83868
v 3.96390 -1.30691 3.18294
v 3.64543 -2.01861 2.25300
v 3.58482 -1.73709 2.93149
v 4.04125 -1.63042 2.49763
v 2.51322 -1.43361 4.27436
v 2.36093 -1.00573 4.80929
v 2.84372 -1.01056 4.53564
v 1.90047 -0.97591 5.03635
v 2.04844 -1.40701 4.54501
v 2.18136 -1.80351 3.99673
v 2.99456 -1.42972 3.95704
v 2.74561 -2.14892 3.05743
v 2.29447 -2.15163 3.40449
v 2.64301 -1.81910 3.68483
v 3.11453 -1.79880 3.32904
v 3.19963 -2.10596 2.67203
v 2.86278 -2.61437 1.76928
v 2.81877 -2.41477 2.41210
v 3.24945 -2.34538 2.00828
v 2.38453 -2.44133 2.78530
v 2.45023 -2.66779 2.15794
v 2.49238 -2.83147 1.54036
v 4.99140 -0.81845 2.34001
v 4.77049 -1.38905 1.50813
v 4.22518 -1.73709 1.89534
v 4.61965 -1.30691 2.12197
v 5.15013 -0.92147 1.71671
v 5.26137 -0.98425 1.10375
v 3.96255 -2.14892 1.08842
v 3.41804 -2.41477 1.44242
v 3.82085 -2.10596 1.66689
v 3.16439 -2.68075 0.69620
v 2.65102 -2.87121 1.02208
v 3.02591 -2.66779 1.22647
v 3.55762 -2.44133 0.88712
v 4.14940 -2.11998 0.00000
v 3.66878 -2.42964 0.35278
v 4.07120 -2.15163 0.52968
v 4.37044 -1.79880 1.29692
v 4.94705 -1.43361 0.33634
v 4.55034 -1.80351 0.16368
v 4.47782 -1.81910 0.71607
v 4.87851 -1.42972 0.90881
v 5.32859 -1.01056 0.51506
v 5.35740 -1.00573 -0.03910
v 4.98708 -1.35647 -0.69620
v 4.59241 -1.75860 -0.35278
v 4.98124 -1.40701 -0.20037
v 5.35456 -0.97591 -0.55243
v 5.32690 -0.92706 -1.02208
v 0.00000 3.59117 -7.05941
v -1.32428 3.59117 -6.93407
v -0.40920 4.85064 -6.93407
v -0.67104 3.59117 -7.02743
v -0.87204 4.22476 -6.97660
v -0.20736 4.22938 -7.02743
v -2.51894 3.59117 -6.59467
v -1.68617 4.81624 -6.74471
v -1.94410 3.59117 -6.78640
v -2.11905 4.20019 -6.70625
v -1.51406 4.21481 -6.86684
v -1.06097 4.83844 -6.86684
v -0.77838 5.98684 -6.59467
v -1.23405 5.41827 -6.70625
v -0.60076 5.44013 -6.78640
v -3.50946 3.59117 -6.12523
v -2.80987 4.74851 -6.37181
v -3.04163 3.59117 -6.37050
v -3.18167 4.16113 -6.27591
v -2.67681 4.18198 -6.50542
v -4.28546 3.59117 -5.60979
v -3.72761 4.66252 -5.89847
v -3.92302 3.59117 -5.86895
v -4.02914 4.11543 -5.77287
v -3.63196 4.13864 -6.02861
v -3.29532 4.70687 -6.14256
v -3.00253 5.77262 -6.00505
v -3.38335 5.21986 -5.97790
v -2.91797 5.28090 -6.20203
v -2.27202 4.78562 -6.57620
v -1.96897 5.90584 -6.37181
v -2.50877 5.84417 -6.20203
v -2.40177 5.33618 -6.40477
v -1.83807 5.38286 -6.57620
v -1.38905 5.95439 -6.50542
v -1.08448 6.92886 -6.12523
v -1.52524 6.44099 -6.27591
v -0.93990 6.48394 -6.37050
v -2.17082 6.80529 -5.89847
v -2.59451 6.30564 -5.97790
v -2.07940 6.38041 -6.14256
v -1.64304 6.87620 -6.02861
v -1.32428 7.66691 -5.60979
v -1.74369 7.26113 -5.77287
v -1.21228 7.32222 -5.86895
v 1.07134 4.36955 -6.93407
v 0.33308 4.61634 -6.97660
v 0.54289 3.98559 -7.02743
v 0.64405 5.57336 -6.74471
v -0.07557 5.79469 -6.70625
v 0.12522 5.22384 -6.86684
v 0.85835 4.98564 -6.86684
v 2.03785 5.07176 -6.59467
v 1.35635 5.32944 -6.70625
v 1.57281 4.73389 -6.78640
v 0.23239 6.62115 -6.37181
v -0.44110 6.79326 -6.27591
v -0.26526 6.31954 -6.50542
v -0.13293 7.46743 -5.89847
v -0.74644 7.58515 -5.77287
v -0.60161 7.21458 -6.02861
v 0.04278 7.06996 -6.14256
v 1.14683 7.12088 -6.00505
v 0.50346 7.31226 -5.97790
v 0.70535 6.88849 -6.20203
v 0.43390 6.12108 -6.57620
v 1.59293 6.17907 -6.37181
v 1.36749 6.67338 -6.20203
v 0.91741 6.41464 -6.40477
v 1.13599 5.89297 -6.57620
v 1.81829 5.64253 -6.50542
v 2.83918 5.65397 -6.12523
v 2.23902 5.92241 -6.27591
v 2.46073 5.37900 -6.37050
v 2.38597 6.64898 -5.89847
v 1.77987 6.89751 -5.97790
v 2.01014 6.43074 -6.14256
v 2.61649 6.16890 -6.02861
v 3.46701 6.11011 -5.60979
v 2.95148 6.38359 -5.77287
v 3.17379 5.89708 -5.86895
v 1.07134 2.81279 -6.93407
v 1.07791 3.59117 -6.97660
v 0.54289 3.19675 -7.02743
v 2.08423 3.59117 -6.74471
v 2.07233 4.34396 -6.70625
v 1.59145 3.97657 -6.86684
v 1.59145 3.20577 -6.86684
v 2.03785 2.11058 -6.59467
v 2.07233 2.83838 -6.70625
v 1.57281 2.44845 -6.78640
v 2.95347 4.30643 -6.37181
v 2.90904 5.00017 -6.27591
v 2.51284 4.68658 -6.50542
v 3.64543 4.91545 -5.89847
v 3.56783 5.53527 -5.77287
v 3.26012 5.28302 -6.02861
v 3.32176 4.62545 -6.14256
v 3.71135 3.59117 -6.00505
v 3.69453 4.26221 -5.97790
v 3.35391 3.93925 -6.20203
v 2.54016 3.96026 -6.57620
v 2.95347 2.87591 -6.37181
v 3.35391 3.24309 -6.20203
v 2.96876 3.59117 -6.40477
v 2.54016 3.22208 -6.57620
v 2.51284 2.49577 -6.50542
v 2.83918 1.52837 -6.12523
v 2.90904 2.18217 -6.27591
v 2.46073 1.80334 -6.37050
v 3.64543 2.26689 -5.89847
v 3.69453 2.92014 -5.97790
v 3.32176 2.55689 -6.14256
v 3.26012 1.89933 -6.02861
v 3.46701 1.07223 -5.60979
v 3.56783 1.64707 -5.77287
v 3.17379 1.28527 -5.86895
v -0.40920 2.33170 -6.93407
v 0.33308 2.56600 -6.97660
v -0.20736 2.95296 -7.02743
v 0.64405 1.60899 -6.74471
v 1.35635 1.85290 -6.70625
v 0.85835 2.19670 -6.86684
v 0.12522 1.95851 -6.86684
v -0.77838 1.19550 -6.59467
v -0.07557 1.38765 -6.70625
v -0.60076 1.74221 -6.78640
v 1.59293 1.00327 -6.37181
v 2.23902 1.25993 -6.27591
v 1.81829 1.53981 -6.50542
v 2.38597 0.53336 -5.89847
v 2.95148 0.79875 -5.77287
v 2.61649 1.01344 -6.02861
v 2.01014 0.75161 -6.14256
v 1.14683 0.06147 -6.00505
v 1.77987 0.28483 -5.97790
v 1.36749 0.50896 -6.20203
v 1.13599 1.28938 -6.57620
v 0.23239 0.56119 -6.37181
v 0.70535 0.29386 -6.20203
v 0.91741 0.76770 -6.40477
v 0.43390 1.06126 -6.57620
v -0.26526 0.86280 -6.50542
v -1.08448 0.25349 -6.12523
v -0.44110 0.38908 -6.27591
v -0.93990 0.69840 -6.37050
v -0.13293 -0.28509 -5.89847
v 0.50346 -0.12992 -5.97790
v 0.04278 0.11238 -6.14256
v -0.60161 -0.03224 -6.02861
v -1.32428 -0.48456 -5.60979
v -0.74644 -0.40281 -5.77287
v -1.21228 -0.13987 -5.86895
v -0.87204 2.95758 -6.97660
v -1.68617 2.36610 -6.74471
v -1.23405 1.76407 -6.70625
v -1.06097 2.34390 -6.86684
v -1.51406 2.96754 -6.86684
v -2.11905 2.98215 -6.70625
v -1.96897 1.27650 -6.37181
v -1.52524 0.74136 -6.27591
v -1.38905 1.22795 -6.50542
v -2.17082 0.37705 -5.89847
v -1.74369 -0.07879 -5.77287
v -1.64304 0.30614 -6.02861
v -2.07940 0.80193 -6.14256
v -3.00253 1.40972 -6.00505
v -2.59451 0.87670 -5.97790
v -2.50877 1.33817 -6.20203
v -1.83807 1.79948 -6.57620
v -2.80987 2.43383 -6.37181
v -2.91797 1.90145 -6.20203
v -2.40177 1.84616 -6.40477
v -2.27202 2.39673 -6.57620
v -2.67681 3.00037 -6.50542
v -3.18167 3.02121 -6.27591
v -3.72761 2.51983 -5.89847
v -3.38335 1.96249 -5.97790
v -3.29532 2.47547 -6.14256
v -3.63196 3.04370 -6.02861
v -4.02914 3.06692 -5.77287
v -5.10823 7.30252 -3.15706
v -5.49668 7.58473 -1.91653
v -4.42530 8.36310 -2.73498
v -5.32787 7.46209 -2.54253
v -4.99140 8.00079 -2.34001
v -4.78498 7.85655 -2.95729
v -5.68332 7.72032 -0.69620
v -4.77049 8.57139 -1.50813
v -5.61406 7.67004 -1.29607
v -5.26137 8.16659 -1.10375
v -5.15013 8.10381 -1.71671
v -4.61965 8.48925 -2.12197
v -3.64543 9.20096 -2.25300
v -4.22518 8.91943 -1.89534
v -4.04125 8.81276 -2.49763
v -5.70200 7.73392 0.39963
v -4.94705 8.61596 -0.33634
v -5.71022 7.73989 -0.12844
v -5.35740 8.18807 0.03910
v -5.32859 8.19290 -0.51506
v -5.66617 7.70791 0.88419
v -5.35456 8.15825 0.55243
v -4.98124 8.58935 0.20037
v -4.55034 8.98585 -0.16368
v -4.87851 8.61206 -0.90881
v -3.96255 9.33126 -1.08842
v -4.07120 9.33397 -0.52968
v -4.47782 9.00144 -0.71607
v -4.37044 8.98115 -1.29692
v -3.82085 9.28830 -1.66689
v -2.86278 9.79672 -1.76928
v -3.41804 9.59711 -1.44242
v -3.24945 9.52773 -2.00828
v -3.55762 9.62367 -0.88712
v -3.02591 9.85013 -1.22647
v -2.49238 10.01382 -1.54036
v -4.17236 7.58473 -4.05926
v -4.32520 8.00079 -3.41796
v -4.65680 7.46209 -3.62832
v -3.48235 8.57139 -3.59240
v -3.58482 8.91943 -2.93149
v -3.96390 8.48925 -3.18294
v -3.83868 8.10381 -3.83868
v -3.16439 7.72032 -4.77197
v -3.34018 8.16659 -4.21226
v -3.66996 7.67004 -4.44177
v -2.74561 9.33126 -3.05743
v -2.81877 9.59711 -2.41210
v -3.19963 9.28830 -2.67203
v -2.03785 9.86310 -2.51894
v -2.09974 10.05355 -1.91403
v -2.45023 9.85013 -2.15794
v -2.38453 9.62367 -2.78530
v -1.85565 9.30233 -3.71135
v -1.95626 9.61198 -3.12368
v -2.29447 9.33397 -3.40449
v -3.11453 8.98115 -3.32904
v -2.51322 8.61596 -4.27436
v -2.18136 8.98585 -3.99673
v -2.64301 9.00144 -3.68483
v -2.99456 8.61206 -3.95704
v -2.84372 8.19290 -4.53564
v -2.19255 7.73392 -5.27878
v -2.36093 8.18807 -4.80929
v -2.66855 7.73989 -5.04995
v -1.60755 8.53882 -4.77197
v -1.73823 8.94095 -4.26538
v -2.04844 8.58935 -4.54501
v -1.90047 8.15825 -5.03635
v -1.46805 8.10941 -5.22159
v -1.74314 7.70791 -5.46343
v -5.08744 6.32526 -4.05926
v -4.65832 6.97562 -4.08416
v -5.12052 6.82389 -3.62832
v -4.12644 6.58921 -4.88050
v -3.66039 7.18116 -4.85267
v -4.16656 7.09474 -4.49439
v -4.61965 6.47111 -4.49439
v -4.90490 5.32466 -4.77193
v -4.54539 5.96303 -4.85267
v -5.01330 5.82104 -4.44177
v -3.12164 6.74332 -5.49126
v -2.66059 7.26583 -5.40861
v -3.15435 7.23694 -5.15686
v -2.18831 7.27236 -5.61203
v -2.63500 6.78411 -5.71810
v -3.06975 6.25176 -5.77347
v -3.62256 6.67935 -5.21295
v -3.96255 5.58598 -5.49126
v -3.47896 5.68849 -5.77347
v -3.56042 6.17797 -5.51968
v -4.05646 6.08211 -5.21295
v -4.44207 5.46449 -5.15686
v -4.61753 4.39619 -5.27878
v -4.31698 4.98598 -5.40861
v -4.77028 4.84708 -5.04995
v -3.85093 5.11052 -5.71810
v -4.17727 4.53484 -5.61203
v -4.45389 3.97682 -5.46343
v -5.90589 6.32526 -2.73498
v -5.53040 6.34203 -3.41796
v -5.53523 6.82389 -2.95729
v -5.81261 5.36409 -3.59236
v -5.38366 5.35401 -4.21226
v -5.47800 5.84747 -3.83868
v -5.88327 5.84747 -3.18294
v -6.46170 5.32466 -2.25300
v -6.17526 5.35401 -2.93149
v -6.21487 5.82104 -2.49763
v -5.55548 4.42860 -4.27436
v -5.10150 4.41602 -4.80929
v -5.25527 4.87368 -4.53564
v -5.20223 3.59117 -4.77197
v -4.75075 3.59117 -5.22159
v -4.93083 3.98733 -5.03635
v -5.38654 3.99483 -4.54501
v -6.00505 3.59117 -3.71135
v -5.62508 3.59117 -4.26538
v -5.80473 3.99872 -3.99673
v -5.70052 4.88766 -3.95704
v -6.30759 4.42860 -3.05743
v -6.17077 3.99872 -3.40449
v -5.96223 4.43296 -3.68483
v -6.08863 4.88766 -3.32904
v -6.40706 4.87368 -2.67203
v -6.78648 4.39619 -1.76928
v -6.58302 4.41602 -2.41210
v -6.65012 4.84708 -2.00828
v -6.59467 3.59117 -2.51894
v -6.33068 3.59117 -3.12368
v -6.47411 3.99483 -2.78530
v -6.70981 3.98733 -2.15794
v -6.79495 3.59117 -1.91403
v -6.87849 3.97682 -1.54036
v -5.73627 6.97562 -2.34001
v -6.21067 6.58921 -1.50813
v -6.37312 5.96303 -1.89534
v -6.08588 6.47111 -2.12197
v -5.88327 7.09474 -1.71671
v -5.97735 7.18116 -1.10375
v -6.68363 5.58598 -1.08842
v -6.76822 4.98598 -1.44242
v -6.59903 5.46449 -1.66689
v -6.88768 4.53484 -1.22647
v -6.83664 5.11052 -0.88712
v -6.71980 5.68849 -0.52968
v -6.47674 6.08211 -1.29692
v -6.30759 6.74332 -0.33634
v -6.53676 6.25176 -0.16368
v -6.52922 6.17797 -0.71607
v -6.28268 6.67935 -0.90881
v -6.02310 7.23694 -0.51506
v -6.02746 7.26583 0.03910
v -6.29285 6.78411 0.20037
v -5.99819 7.27236 0.55243
v 1.95113 9.59622 -3.15706
v 2.09952 10.05287 -1.91653
v 3.17091 9.27449 -2.73498
v 2.03505 9.85445 -2.54253
v 2.65140 9.70094 -2.34001
v 2.57795 9.46003 -2.95729
v 2.17082 10.27230 -0.69620
v 3.26232 9.66718 -1.50813
v 2.14438 10.19093 -1.29607
v 2.72561 10.00890 -1.10375
v 2.70028 9.88373 -1.71671
v 3.23077 9.49829 -2.12197
v 4.20870 8.79171 -2.25300
v 3.76180 9.25611 -1.89534
v 3.71724 9.04820 -2.49763
v 2.17798 10.29429 0.39963
v 3.25012 9.84882 -0.33634
v 2.18111 10.30394 -0.12844
v 2.71638 10.10688 0.03910
v 2.72985 10.08096 -0.51506
v 2.16429 10.25218 0.88419
v 2.68889 10.09498 0.55243
v 3.21425 9.87314 0.20037
v 3.72448 9.58585 -0.16368
v 3.26758 9.78244 -0.90881
v 4.23463 9.13356 -1.08842
v 4.20362 9.23773 -0.52968
v 3.76176 9.52171 -0.71607
v 3.77565 9.41331 -1.29692
v 4.23759 8.98555 -1.66689
v 5.01716 8.23149 -1.76928
v 4.65574 8.69788 -1.44242
v 4.64184 8.51611 -2.00828
v 4.63786 8.83881 -0.88712
v 5.01758 8.40309 -1.22647
v 5.33808 7.94627 -1.54036
v 2.50877 8.79340 -4.05926
v 2.85727 9.06735 -3.41796
v 2.24241 9.21625 -3.62832
v 3.66039 8.44206 -3.59236
v 3.95971 8.64705 -2.93149
v 3.43342 8.87465 -3.18294
v 3.10555 8.63646 -3.83868
v 2.94924 7.87663 -4.77193
v 3.31930 8.18176 -4.21226
v 2.74514 8.34192 -4.44177
v 4.61071 7.97618 -3.05743
v 4.84094 8.12792 -2.41210
v 4.42953 8.39475 -2.67203
v 5.33520 7.46743 -2.51894
v 5.49723 7.58515 -1.91403
v 5.19546 7.85558 -2.15794
v 5.00038 7.72312 -2.78530
v 4.85822 7.12088 -3.71135
v 5.12162 7.31226 -3.12368
v 4.75266 7.54796 -3.40449
v 4.16376 8.21887 -3.32904
v 4.00224 7.53415 -4.27436
v 4.45656 7.33285 -3.99673
v 4.32875 7.77670 -3.68483
v 3.84974 7.99071 -3.95704
v 3.49772 7.71774 -4.53564
v 3.26245 6.95656 -5.27878
v 3.64234 7.25707 -4.80929
v 3.12101 7.41113 -5.04995
v 4.20870 6.64898 -4.77197
v 4.55077 6.89751 -4.26538
v 4.12055 7.08390 -4.54501
v 3.75625 6.80995 -5.03635
v 3.84343 6.38359 -5.22159
v 3.37657 6.52113 -5.46343
v 1.02814 9.27449 -4.05926
v 1.77932 9.06735 -4.08416
v 1.49216 9.46003 -3.62832
v 1.57616 8.44206 -4.88050
v 2.28311 8.18176 -4.85267
v 2.04458 8.63646 -4.49439
v 1.31144 8.87465 -4.49439
v 0.13293 8.79171 -4.77193
v 0.85115 8.64705 -4.85267
v 0.57153 9.04820 -4.44177
v 2.03323 7.53415 -5.49126
v 2.67266 7.25707 -5.40861
v 2.49259 7.71774 -5.15686
v 2.82478 6.80995 -5.61203
v 2.22237 7.08390 -5.71810
v 1.58175 7.33285 -5.77347
v 1.81761 7.99071 -5.21295
v 0.67269 7.97618 -5.49126
v 0.91961 7.54796 -5.77347
v 1.35995 7.77670 -5.51968
v 1.11548 8.21887 -5.21295
v 0.40895 8.39475 -5.15686
v -0.66121 8.23149 -5.27878
v -0.00746 8.12792 -5.40861
v -0.27962 8.51611 -5.04995
v 0.25497 7.72312 -5.71810
v -0.39332 7.85558 -5.61203
v -1.00950 7.94627 -5.46343
v 0.77524 10.05287 -2.73498
v 0.90724 9.70094 -3.41796
v 1.36401 9.85445 -2.95729
v -0.11001 9.66718 -3.59240
v 0.01288 9.25611 -4.21226
v 0.45309 9.49829 -3.83868
v 0.32783 9.88373 -3.18294
v -0.34808 10.27230 -2.25300
v -0.23167 10.00890 -2.93149
v 0.20024 10.19093 -2.49763
v -0.92024 9.13356 -4.27436
v -0.79193 8.69788 -4.80929
v -0.40416 8.98555 -4.53564
v -1.14692 8.40309 -5.03635
v -1.28061 8.83881 -4.54501
v -1.40612 9.23773 -3.99673
v -0.52849 9.41331 -3.95704
v -1.15268 9.84882 -3.05743
v -1.51922 9.58585 -3.40449
v -1.04182 9.52171 -3.68483
v -0.64846 9.78244 -3.32904
v -0.76012 10.08096 -2.67203
v -1.33148 10.29429 -1.76928
v -1.24977 10.10688 -2.41210
v -0.86052 10.30394 -2.00828
v -1.61670 9.87314 -2.78530
v -1.69663 10.09498 -2.15794
v -1.75873 10.25218 -1.54036
v 1.44619 10.09252 -2.34001
v 0.93206 10.42429 -1.50813
v 0.28636 10.38532 -1.89534
v 0.85835 10.26917 -2.12197
v 1.51406 10.26917 -1.71671
v 1.56713 10.38532 -1.10375
v -0.16817 10.56412 -1.08842
v -0.76491 10.45915 -1.44242
v -0.25751 10.44611 -1.66689
v -1.23092 10.43336 -1.22647
v -0.66760 10.56268 -0.88712
v -0.08184 10.63016 -0.52968
v 0.36761 10.52066 -1.29692
v 1.04872 10.56412 -0.33634
v 0.51036 10.63016 -0.16368
v 0.44254 10.60017 -0.71607
v 0.99556 10.52066 -0.90881
v 1.60606 10.44611 -0.51506
v 1.63224 10.45915 0.03910
v 1.09206 10.56268 0.20037
v 1.64745 10.43336 0.55243
v 6.31412 3.59117 -3.15706
v 6.79428 3.59117 -1.91653
v 6.38503 2.33170 -2.73498
v 6.58561 3.59117 -2.54253
v 6.63008 2.95758 -2.34001
v 6.37825 2.95296 -2.95729
v 7.02497 3.59117 -0.69620
v 6.78673 2.36610 -1.50813
v 6.93940 3.59117 -1.29607
v 6.94593 2.98215 -1.10375
v 6.81901 2.96754 -1.71671
v 6.61640 2.34390 -2.12197
v 6.24659 1.19550 -2.25300
v 6.55015 1.76407 -1.89534
v 6.33860 1.74221 -2.49763
v 7.04806 3.59117 0.39963
v 6.95575 2.43383 -0.33634
v 7.05822 3.59117 -0.12844
v 7.03624 3.02121 0.03910
v 7.01574 3.00037 -0.51506
v 7.00379 3.59117 0.88419
v 7.01641 3.04370 0.55243
v 6.96778 2.47547 0.20037
v 6.85222 1.90145 -0.16368
v 6.89797 2.39673 -0.90881
v 6.57972 1.27650 -1.08842
v 6.66923 1.33817 -0.52968
v 6.80275 1.84616 -0.71607
v 6.70392 1.79948 -1.29692
v 6.43984 1.22795 -1.66689
v 5.96358 0.25349 -1.76928
v 6.29548 0.74136 -1.44242
v 6.11828 0.69840 -2.00828
v 6.42400 0.80193 -0.88712
v 6.12692 0.30614 -1.22647
v 5.79151 -0.13987 -1.54036
v 5.72289 2.81279 -4.05926
v 6.09109 2.56600 -3.41796
v 6.04271 3.19675 -3.62832
v 5.74462 1.60899 -3.59240
v 6.03204 1.38765 -2.93149
v 6.08588 1.95851 -3.18294
v 5.75801 2.19670 -3.83868
v 4.98708 2.11058 -4.77193
v 5.39167 1.85290 -4.21226
v 5.36655 2.44845 -4.44177
v 5.59521 0.56119 -3.05743
v 5.81062 0.38908 -2.41210
v 5.93728 0.86280 -2.67203
v 5.33520 -0.28509 -2.51894
v 5.49723 -0.40281 -1.91403
v 5.66121 -0.03224 -2.15794
v 5.47495 0.11238 -2.78530
v 4.85822 0.06147 -3.71135
v 5.12162 -0.12992 -3.12368
v 5.23180 0.29386 -3.40449
v 5.68786 1.06126 -3.32904
v 4.98674 1.00327 -4.27436
v 4.93570 0.50896 -3.99673
v 5.31834 0.76770 -3.68483
v 5.37388 1.28938 -3.95704
v 5.00547 1.53981 -4.53564
v 4.20883 1.52837 -5.27878
v 4.61202 1.25993 -4.80929
v 4.59749 1.80334 -5.04995
v 4.20870 0.53336 -4.77197
v 4.55077 0.28483 -4.26538
v 4.59508 0.75161 -4.54501
v 4.22201 1.01344 -5.03635
v 3.84343 0.79875 -5.22159
v 3.82996 1.28527 -5.46343
v 5.72289 4.36955 -4.05926
v 5.75801 3.59117 -4.08416
v 6.04271 3.98559 -3.62832
v 5.10052 3.59117 -4.88050
v 5.07147 2.83838 -4.85267
v 5.43018 3.20577 -4.49439
v 5.43018 3.97657 -4.49439
v 4.98708 5.07176 -4.77193
v 5.07147 4.34396 -4.85267
v 5.36655 4.73389 -4.44177
v 4.37827 2.87591 -5.49126
v 4.31236 2.18217 -5.40861
v 4.69484 2.49577 -5.15686
v 3.93417 1.89933 -5.61203
v 4.00851 2.55689 -5.71810
v 4.04731 3.24309 -5.77347
v 4.74588 3.22208 -5.21295
v 4.37827 4.30643 -5.49126
v 4.04731 3.93925 -5.77347
v 4.40094 3.59117 -5.51968
v 4.74588 3.96026 -5.21295
v 4.69484 4.68658 -5.15686
v 4.20883 5.65397 -5.27878
v 4.31236 5.00017 -5.40861
v 4.59749 5.37900 -5.04995
v 4.00851 4.62545 -5.71810
v 3.93417 5.28302 -5.61203
v 3.82996 5.89708 -5.46343
v 6.38503 4.85064 -2.73498
v 6.09109 4.61634 -3.41796
v 6.37825 4.22938 -2.95729
v 5.74462 5.57336 -3.59240
v 5.39167 5.32944 -4.21226
v 5.75801 4.98564 -3.83868
v 6.08588 5.22384 -3.18294
v 6.24659 5.98684 -2.25300
v 6.03204 5.79469 -2.93149
v 6.33860 5.44013 -2.49763
v 4.98674 6.17907 -4.27436
v 4.61202 5.92241 -4.80929
v 5.00547 5.64253 -4.53564
v 4.22201 6.16890 -5.03635
v 4.59508 6.43074 -4.54501
v 4.93570 6.67338 -3.99673
v 5.37388 5.89297 -3.95704
v 5.59521 6.62115 -3.05743
v 5.23180 6.88849 -3.40449
v 5.31834 6.41464 -3.68483
v 5.68786 6.12108 -3.32904
v 5.93728 6.31954 -2.67203
v 5.96358 6.92886 -1.76928
v 5.81062 6.79326 -2.41210
v 6.11828 6.48394 -2.00828
v 5.47495 7.06996 -2.78530
v 5.66121 7.21458 -2.15794
v 5.79151 7.32222 -1.54036
v 6.63008 4.22476 -2.34001
v 6.78673 4.81624 -1.50813
v 6.55015 5.41827 -1.89534
v 6.61640 4.83844 -2.12197
v 6.81901 4.21481 -1.71671
v 6.94593 4.20019 -1.10375
v 6.57972 5.90584 -1.08842
v 6.29548 6.44099 -1.44242
v 6.43984 5.95439 -1.66689
v 6.12692 6.87620 -1.22647
v 6.42400 6.38041 -0.88712
v 6.66923 5.84417 -0.52968
v 6.70392 5.38286 -1.29692
v 6.95575 4.74851 -0.33634
v 6.85222 5.28090 -0.16368
v 6.80275 5.33618 -0.71607
v 6.89797 4.78562 -0.90881
v 7.01574 4.18198 -0.51506
v 7.03624 4.16113 0.03910
v 6.96778 4.70687 0.20037
v 7.01641 4.13864 0.55243
v 1.95113 -2.41388 -3.15706
v 2.09952 -2.87053 -1.91653
v 0.77524 -2.87053 -2.73498
v 2.03505 -2.67211 -2.54253
v 1.44619 -2.91018 -2.34001
v 1.36401 -2.67211 -2.95729
v 2.17082 -3.08996 -0.69620
v 0.93206 -3.24195 -1.50813
v 2.14438 -3.00858 -1.29607
v 1.56713 -3.20298 -1.10375
v 1.51406 -3.08682 -1.71671
v 0.85835 -3.08682 -2.12197
v -0.34808 -3.08996 -2.25300
v 0.28636 -3.20298 -1.89534
v 0.20024 -3.00858 -2.49763
v 2.17798 -3.11194 0.39963
v 1.04872 -3.38178 -0.33634
v 2.18111 -3.12160 -0.12844
v 1.63224 -3.27681 0.03910
v 1.60606 -3.26376 -0.51506
v 2.16429 -3.06984 0.88419
v 1.64745 -3.25101 0.55243
v 1.09206 -3.38034 0.20037
v 0.51036 -3.44782 -0.16368
v 0.99556 -3.33832 -0.90881
v -0.16817 -3.38178 -1.08842
v -0.08184 -3.44782 -0.52968
v 0.44254 -3.41783 -0.71607
v 0.36761 -3.33832 -1.29692
v -0.25751 -3.26376 -1.66689
v -1.33148 -3.11194 -1.76928
v -0.76491 -3.27681 -1.44242
v -0.86052 -3.12160 -2.00828
v -0.66760 -3.38034 -0.88712
v -1.23092 -3.25101 -1.22647
v -1.75873 -3.06984 -1.54036
v 1.02814 -2.09215 -4.05926
v 0.90724 -2.51860 -3.41796
v 1.49216 -2.27769 -3.62832
v -0.11001 -2.48484 -3.59240
v -0.23167 -2.82656 -2.93149
v 0.32783 -2.70138 -3.18294
v 0.45309 -2.31594 -3.83868
v 0.13293 -1.60937 -4.77193
v 0.01288 -2.07377 -4.21226
v 0.57153 -1.86586 -4.44177
v -1.15268 -2.66648 -3.05743
v -1.24977 -2.92454 -2.41210
v -0.76012 -2.89862 -2.67203
v -2.03785 -2.68075 -2.51894
v -2.09974 -2.87121 -1.91403
v -1.69663 -2.91264 -2.15794
v -1.61670 -2.69079 -2.78530
v -1.85565 -2.11998 -3.71135
v -1.95626 -2.42964 -3.12368
v -1.51922 -2.40350 -3.40449
v -0.64846 -2.60010 -3.32904
v -0.92024 -1.95122 -4.27436
v -1.40612 -2.05538 -3.99673
v -1.04182 -2.33937 -3.68483
v -0.52849 -2.23097 -3.95704
v -0.40416 -1.80321 -4.53564
v -0.66121 -1.04915 -5.27878
v -0.79193 -1.51554 -4.80929
v -0.27962 -1.33377 -5.04995
v -1.60755 -1.35647 -4.77197
v -1.73823 -1.75860 -4.26538
v -1.28061 -1.65647 -4.54501
v -1.14692 -1.22075 -5.03635
v -1.46805 -0.92706 -5.22159
v -1.00950 -0.76393 -5.46343
v 2.50877 -1.61106 -4.05926
v 1.77932 -1.88501 -4.08416
v 2.24241 -2.03391 -3.62832
v 1.57616 -1.25972 -4.88050
v 0.85115 -1.46471 -4.85267
v 1.31144 -1.69231 -4.49439
v 2.04458 -1.45412 -4.49439
v 2.94924 -0.69429 -4.77193
v 2.28311 -0.99942 -4.85267
v 2.74514 -1.15958 -4.44177
v 0.67269 -0.79384 -5.49126
v -0.00746 -0.94558 -5.40861
v 0.40895 -1.21241 -5.15686
v -0.39332 -0.67324 -5.61203
v 0.25497 -0.54078 -5.71810
v 0.91961 -0.36561 -5.77347
v 1.11548 -1.03652 -5.21295
v 2.03323 -0.35181 -5.49126
v 1.58175 -0.15051 -5.77347
v 1.35995 -0.59436 -5.51968
v 1.81761 -0.80837 -5.21295
v 2.49259 -0.53540 -5.15686
v 3.26245 0.22578 -5.27878
v 2.67266 -0.07472 -5.40861
v 3.12101 -0.22879 -5.04995
v 2.22237 0.09845 -5.71810
v 2.82478 0.37239 -5.61203
v 3.37657 0.66121 -5.46343
v 3.17091 -2.09215 -2.73498
v 2.85727 -1.88501 -3.41796
v 2.57795 -2.27769 -2.95729
v 3.66039 -1.25972 -3.59236
v 3.31930 -0.99942 -4.21226
v 3.10555 -1.45412 -3.83868
v 3.43342 -1.69231 -3.18294
v 4.20870 -1.60937 -2.25300
v 3.95971 -1.46471 -2.93149
v 3.71724 -1.86586 -2.49763
v 4.00224 -0.35181 -4.27436
v 3.64234 -0.07472 -4.80929
v 3.49772 -0.53540 -4.53564
v 3.75625 0.37239 -5.03635
v 4.12055 0.09845 -4.54501
v 4.45656 -0.15051 -3.99673
v 3.84974 -0.80837 -3.95704
v 4.61071 -0.79384 -3.05743
v 4.75266 -0.36561 -3.40449
v 4.32875 -0.59436 -3.68483
v 4.16376 -1.03652 -3.32904
v 4.42953 -1.21241 -2.67203
v 5.01716 -1.04915 -1.76928
v 4.84094 -0.94558 -2.41210
v 4.64184 -1.33377 -2.00828
v 5.00038 -0.54078 -2.78530
v 5.19546 -0.67324 -2.15794
v 5.33808 -0.76393 -1.54036
v 2.65140 -2.51860 -2.34001
v 3.26232 -2.48484 -1.50813
v 3.76180 -2.07377 -1.89534
v 3.23077 -2.31594 -2.12197
v 2.70028 -2.70138 -1.71671
v 2.72561 -2.82656 -1.10375
v 4.23463 -1.95122 -1.08842
v 4.65574 -1.51554 -1.44242
v 4.23759 -1.80321 -1.66689
v 5.01758 -1.22075 -1.22647
v 4.63786 -1.65647 -0.88712
v 4.20362 -2.05538 -0.52968
v 3.77565 -2.23097 -1.29692
v 3.25012 -2.66648 -0.33634
v 3.72448 -2.40350 -0.16368
v 3.76176 -2.33937 -0.71607
v 3.26758 -2.60010 -0.90881
v 2.72985 -2.89862 -0.51506
v 2.71638 -2.92454 0.03910
v 3.21425 -2.69079 0.20037
v 2.68889 -2.91264 0.55243
v -5.10823 -0.12018 -3.15706
v -5.49668 -0.40238 -1.91653
v -5.90589 0.85708 -2.73498
v -5.32787 -0.27975 -2.54253
v -5.73627 0.20672 -2.34001
v -5.53523 0.35846 -2.95729
v -5.68332 -0.53798 -0.69620
v -6.21067 0.59313 -1.50813
v -5.61406 -0.48770 -1.29607
v -5.97735 0.00119 -1.10375
v -5.88327 0.08760 -1.71671
v -6.08588 0.71124 -2.12197
v -6.46170 1.85769 -2.25300
v -6.37312 1.21931 -1.89534
v -6.21487 1.36130 -2.49763
v -5.70200 -0.55158 0.39963
v -6.30759 0.43903 -0.33634
v -5.71022 -0.55755 -0.12844
v -6.02746 -0.08349 0.03910
v -6.02310 -0.05460 -0.51506
v -5.66617 -0.52557 0.88419
v -5.99819 -0.09002 0.55243
v -6.29285 0.39823 0.20037
v -6.53676 0.93058 -0.16368
v -6.28268 0.50299 -0.90881
v -6.68363 1.59636 -1.08842
v -6.71980 1.49385 -0.52968
v -6.52922 1.00437 -0.71607
v -6.47674 1.10023 -1.29692
v -6.59903 1.71785 -1.66689
v -6.78648 2.78615 -1.76928
v -6.76822 2.19636 -1.44242
v -6.65012 2.33526 -2.00828
v -6.83664 2.07182 -0.88712
v -6.88768 2.64750 -1.22647
v -6.87849 3.20552 -1.54036
v -5.08744 0.85708 -4.05926
v -5.53040 0.84031 -3.41796
v -5.12052 0.35846 -3.62832
v -5.81261 1.81825 -3.59236
v -6.17526 1.82833 -2.93149
v -5.88327 1.33487 -3.18294
v -5.47800 1.33487 -3.83868
v -4.90490 1.85769 -4.77193
v -5.38366 1.82833 -4.21226
v -5.01330 1.36130 -4.44177
v -6.30759 2.75374 -3.05743
v -6.58302 2.76632 -2.41210
v -6.40706 2.30866 -2.67203
v -6.70981 3.19501 -2.15794
v -6.47411 3.18752 -2.78530
v -6.17077 3.18362 -3.40449
v -6.08863 2.29468 -3.32904
v -5.55548 2.75374 -4.27436
v -5.80473 3.18362 -3.99673
v -5.96223 2.74938 -3.68483
v -5.70052 2.29468 -3.95704
v -5.25527 2.30866 -4.53564
v -4.61753 2.78615 -5.27878
v -5.10150 2.76632 -4.80929
v -4.77028 2.33526 -5.04995
v -5.38654 3.18752 -4.54501
v -4.93083 3.19501 -5.03635
v -4.45389 3.20552 -5.46343
v -4.17236 -0.40238 -4.05926
v -4.65832 0.20672 -4.08416
v -4.65680 -0.27975 -3.62832
v -4.12644 0.59313 -4.88050
v -4.54539 1.21931 -4.85267
v -4.61965 0.71124 -4.49439
v -4.16656 0.08760 -4.49439
v -3.16439 -0.53798 -4.77197
v -3.66039 0.00119 -4.85267
v -3.66996 -0.48770 -4.44177
v -3.96255 1.59636 -5.49126
v -4.31698 2.19636 -5.40861
v -4.44207 1.71785 -5.15686
v -4.17727 2.64750 -5.61203
v -3.85093 2.07182 -5.71810
v -3.47896 1.49385 -5.77347
v -4.05646 1.10023 -5.21295
v -3.12164 0.43903 -5.49126
v -3.06975 0.93058 -5.77347
v -3.56042 1.00437 -5.51968
v -3.62256 0.50299 -5.21295
v -3.15435 -0.05460 -5.15686
v -2.19255 -0.55158 -5.27878
v -2.66059 -0.08349 -5.40861
v -2.66855 -0.55755 -5.04995
v -2.63500 0.39823 -5.71810
v -2.18831 -0.09002 -5.61203
v -1.74314 -0.52557 -5.46343
v -4.42530 -1.18076 -2.73498
v -4.32520 -0.81845 -3.41796
v -4.78498 -0.67421 -2.95729
v -3.48235 -1.38905 -3.59240
v -3.34018 -0.98425 -4.21226
v -3.83868 -0.92147 -3.83868
v -3.96390 -1.30691 -3.18294
v -3.64543 -2.01861 -2.25300
v -3.58482 -1.73709 -2.93149
v -4.04125 -1.63042 -2.49763
v -2.51322 -1.43361 -4.27436
v -2.36093 -1.00573 -4.80929
v -2.84372 -1.01056 -4.53564
v -1.90047 -0.97591 -5.03635
v -2.04844 -1.40701 -4.54501
v -2.18136 -1.80351 -3.99673
v -2.99456 -1.42972 -3.95704
v -2.74561 -2.14892 -3.05743
v -2.29447 -2.15163 -3.40449
v -2.64301 -1.81910 -3.68483
v -3.11453 -1.79880 -3.32904
v -3.19963 -2.10596 -2.67203
v -2.86278 -2.61437 -1.76928
v -2.81877 -2.41477 -2.41210
v -3.24945 -2.34538 -2.00828
v -2.38453 -2.44133 -2.78530
v -2.45023 -2.66779 -2.15794
v -2.49238 -2.83147 -1.54036
v -4.99140 -0.81845 -2.34001
v -4.77049 -1.38905 -1.50813
v -4.22518 -1.73709 -1.89534
v -4.61965 -1.30691 -2.12197
v -5.15013 -0.92147 -1.71671
v -5.26137 -0.98425 -1.10375
v -3.96255 -2.14892 -1.08842
v -3.41804 -2.41477 -1.44242
v -3.82085 -2.10596 -1.66689
v -3.02591 -2.66779 -1.22647
v -3.55762 -2.44133 -0.88712
v -4.07120 -2.15163 -0.52968
v -4.37044 -1.79880 -1.29692
v -4.94705 -1.43361 -0.33634
v -4.55034 -1.80351 -0.16368
v -4.47782 -1.81910 -0.71607
v -4.87851 -1.42972 -0.90881
v -5.32859 -1.01056 -0.51506
v -5.35740 -1.00573 0.03910
v -4.98124 -1.40701 0.20037
v -5.35456 -0.97591 0.55243
# 1922 verticies
vt 0.63672 0.00781
vt 0.65088 0.02674
vt 0.62588 0.02674
vt 0.66504 0.04567
vt 0.64004 0.04567
vt 0.61504 0.04567
vt 0.67920 0.06461
vt 0.65420 0.06461
vt 0.69336 0.08354
vt 0.66836 0.08354
vt 0.64336 0.08354
vt 0.62920 0.06461
vt 0.60420 0.06461
vt 0.61836 0.08354
vt 0.59336 0.08354
vt 0.70752 0.10247
vt 0.68252 0.10247
vt 0.72168 0.12140
vt 0.69668 0.12140
vt 0.67168 0.12140
vt 0.73584 0.14034
vt 0.71084 0.14034
vt 0.75000 0.15927
vt 0.72500 0.15927
vt 0.70000 0.15927
vt 0.68584 0.14034
vt 0.66084 0.14034
vt 0.67500 0.15927
vt 0.65000 0.15927
vt 0.65752 0.10247
vt 0.64668 0.12140
vt 0.63584 0.14034
vt 0.62168 0.12140
vt 0.63252 0.10247
vt 0.60752 0.10247
vt 0.58252 0.10247
vt 0.59668 0.12140
vt 0.57168 0.12140
vt 0.61084 0.14034
vt 0.62500 0.15927
vt 0.60000 0.15927
vt 0.58584 0.14034
vt 0.56084 0.14034
vt 0.57500 0.15927
vt 0.55000 0.15927
vt 0.43359 0.00781
vt 0.44814 0.02674
vt 0.42314 0.02674
vt 0.46269 0.04567
vt 0.43769 0.04567
vt 0.41269 0.04567
vt 0.47724 0.06461
vt 0.45224 0.06461
vt 0.49180 0.08354
vt 0.46679 0.08354
vt 0.44179 0.08354
vt 0.42724 0.06461
vt 0.40224 0.06461
vt 0.41679 0.08354
vt 0.39179 0.08354
vt 0.50635 0.10247
vt 0.48135 0.10247
vt 0.52090 0.12140
vt 0.49590 0.12140
vt 0.47090 0.12140
vt 0.53545 0.14034
vt 0.51045 0.14034
vt 0.52500 0.15927
vt 0.50000 0.15927
vt 0.48545 0.14034
vt 0.46045 0.14034
vt 0.47500 0.15927
vt 0.45000 0.15927
vt 0.45635 0.10247
vt 0.44590 0.12140
vt 0.43545 0.14034
vt 0.42090 0.12140
vt 0.43135 0.10247
vt 0.40635 0.10247
vt 0.38135 0.10247
vt 0.39590 0.12140
vt 0.37090 0.12140
vt 0.41045 0.14034
vt 0.42500 0.15927
vt 0.40000 0.15927
vt 0.38545 0.14034
vt 0.36045 0.14034
vt 0.37500 0.15927
vt 0.35000 0.15927
vt 0.24219 0.00391
vt 0.25567 0.02333
vt 0.23067 0.02333
vt 0.26914 0.04275
vt 0.24414 0.04275
vt 0.21914 0.04275
vt 0.28262 0.06217
vt 0.25762 0.06217
vt 0.29610 0.08159
vt 0.27110 0.08159
vt 0.24610 0.08159
vt 0.23262 0.06217
vt 0.20762 0.06217
vt 0.22109 0.08159
vt 0.19610 0.08159
vt 0.30957 0.10101
vt 0.28457 0.10101
vt 0.32305 0.12043
vt 0.29805 0.12043
vt 0.27305 0.12043
vt 0.33652 0.13985
vt 0.31152 0.13985
vt 0.32500 0.15927
vt 0.30000 0.15927
vt 0.28652 0.13985
vt 0.26152 0.13985
vt 0.27500 0.15927
vt 0.25000 0.15927
vt 0.25957 0.10101
vt 0.24805 0.12043
vt 0.23652 0.13985
vt 0.22305 0.12043
vt 0.23457 0.10101
vt 0.20957 0.10101
vt 0.18457 0.10101
vt 0.19805 0.12043
vt 0.17305 0.12043
vt 0.21152 0.13985
vt 0.22500 0.15927
vt 0.20000 0.15927
vt 0.18652 0.13985
vt 0.16152 0.13985
vt 0.17500 0.15927
vt 0.15000 0.15927
vt 0.03516 0.00391
vt 0.04952 0.02333
vt 0.02393 0.02344
vt 0.06387 0.04275
vt 0.03828 0.04286
vt 0.01270 0.04297
vt 0.07823 0.06217
vt 0.05264 0.06228
vt 0.09258 0.08159
vt 0.06699 0.08170
vt 0.04141 0.08181
vt 0.02705 0.06239
vt 0.00147 0.06250
vt 0.01582 0.08192
vt -0.00976 0.08204
vt 0.10694 0.10101
vt 0.08135 0.10112
vt 0.12129 0.12043
vt 0.09570 0.12054
vt 0.07012 0.12065
vt 0.13565 0.13985
vt 0.11006 0.13996
vt 0.12441 0.15938
vt 0.09883 0.15949
vt 0.08447 0.14007
vt 0.05889 0.14018
vt 0.07324 0.15960
vt 0.04766 0.15971
vt 0.05576 0.10123
vt 0.04453 0.12076
vt 0.03330 0.14029
vt 0.01895 0.12088
vt 0.03018 0.10134
vt 0.00459 0.10146
vt -0.02100 0.10157
vt -0.00664 0.12099
vt -0.03223 0.12110
vt 0.00771 0.14041
vt 0.02207 0.15983
vt -0.00352 0.15994
vt -0.01787 0.14052
vt -0.04346 0.14063
vt -0.02910 0.16005
vt -0.05469 0.16016
vt 0.84766 0.00000
vt 0.86036 0.02002
vt 0.83545 0.01991
vt 0.87305 0.04004
vt 0.84815 0.03993
vt 0.82325 0.03982
vt 0.88574 0.06006
vt 0.86084 0.05995
vt 0.89844 0.08008
vt 0.87354 0.07997
vt 0.84864 0.07986
vt 0.83594 0.05984
vt 0.81104 0.05973
vt 0.82373 0.07975
vt 0.79883 0.07963
vt 0.91114 0.10010
vt 0.88623 0.09999
vt 0.92383 0.12012
vt 0.89893 0.12001
vt 0.87402 0.11990
vt 0.93652 0.14014
vt 0.91162 0.14003
vt 0.94922 0.16016
vt 0.92432 0.16005
vt 0.89942 0.15994
vt 0.88672 0.13992
vt 0.86182 0.13981
vt 0.87451 0.15983
vt 0.84961 0.15971
vt 0.86133 0.09988
vt 0.84912 0.11979
vt 0.83692 0.13969
vt 0.82422 0.11967
vt 0.83643 0.09977
vt 0.81152 0.09965
vt 0.78662 0.09954
vt 0.79932 0.11956
vt 0.77442 0.11945
vt 0.81201 0.13958
vt 0.82471 0.15960
vt 0.79980 0.15949
vt 0.78711 0.13947
vt 0.76221 0.13936
vt 0.77490 0.15938
vt 0.65000 0.29352
vt 0.64980 0.32763
vt 0.63750 0.30820
vt 0.64961 0.36174
vt 0.63731 0.34231
vt 0.62500 0.32288
vt 0.64942 0.39585
vt 0.63711 0.37642
vt 0.64922 0.42996
vt 0.63691 0.41053
vt 0.62461 0.39110
vt 0.62480 0.35699
vt 0.61250 0.33756
vt 0.61231 0.37167
vt 0.60000 0.35224
vt 0.64902 0.46408
vt 0.63672 0.44464
vt 0.64883 0.49819
vt 0.63653 0.47876
vt 0.62422 0.45933
vt 0.64864 0.53230
vt 0.63633 0.51287
vt 0.64844 0.56641
vt 0.63613 0.54698
vt 0.62383 0.52755
vt 0.62402 0.49344
vt 0.61172 0.47401
vt 0.61153 0.50812
vt 0.59922 0.48869
vt 0.62442 0.42521
vt 0.61191 0.43989
vt 0.59942 0.45457
vt 0.59961 0.42046
vt 0.61211 0.40578
vt 0.59980 0.38635
vt 0.58750 0.36692
vt 0.58731 0.40103
vt 0.57500 0.38160
vt 0.58711 0.43514
vt 0.58692 0.46925
vt 0.57461 0.44982
vt 0.57481 0.41571
vt 0.56250 0.39628
vt 0.56230 0.43039
vt 0.55000 0.41096
vt 0.63750 0.27674
vt 0.62500 0.29142
vt 0.62500 0.25996
vt 0.61250 0.30610
vt 0.60000 0.32078
vt 0.60000 0.28932
vt 0.61250 0.27464
vt 0.61250 0.24318
vt 0.60000 0.25786
vt 0.60000 0.22639
vt 0.58750 0.33546
vt 0.57500 0.35014
vt 0.57500 0.31868
vt 0.56250 0.36482
vt 0.55000 0.37950
vt 0.55000 0.34804
vt 0.56250 0.33336
vt 0.56250 0.30190
vt 0.55000 0.31658
vt 0.55000 0.28512
vt 0.58750 0.30400
vt 0.57500 0.28722
vt 0.56250 0.27044
vt 0.57500 0.25576
vt 0.58750 0.27254
vt 0.58750 0.24107
vt 0.58750 0.20961
vt 0.57500 0.22429
vt 0.57500 0.19283
vt 0.56250 0.23897
vt 0.55000 0.25365
vt 0.55000 0.22219
vt 0.56250 0.20751
vt 0.56250 0.17605
vt 0.55000 0.19073
vt 0.66250 0.27674
vt 0.65000 0.25996
vt 0.67500 0.25996
vt 0.63750 0.24318
vt 0.62500 0.22639
vt 0.65000 0.22639
vt 0.66250 0.24318
vt 0.68750 0.24318
vt 0.67500 0.22639
vt 0.70000 0.22639
vt 0.61250 0.20961
vt 0.60000 0.19283
vt 0.62500 0.19283
vt 0.58750 0.17605
vt 0.61250 0.17605
vt 0.63750 0.17605
vt 0.63750 0.20961
vt 0.65000 0.19283
vt 0.66250 0.17605
vt 0.67500 0.19283
vt 0.66250 0.20961
vt 0.68750 0.20961
vt 0.71250 0.20961
vt 0.70000 0.19283
vt 0.72500 0.19283
vt 0.68750 0.17605
vt 0.71250 0.17605
vt 0.73750 0.17605
vt 0.66250 0.30820
vt 0.67500 0.29142
vt 0.67500 0.32288
vt 0.68750 0.27464
vt 0.70000 0.25786
vt 0.70000 0.28932
vt 0.68750 0.30610
vt 0.68750 0.33756
vt 0.70000 0.32078
vt 0.70000 0.35224
vt 0.71250 0.24107
vt 0.72500 0.22429
vt 0.72500 0.25576
vt 0.73750 0.20751
vt 0.75000 0.19073
vt 0.75000 0.22219
vt 0.73750 0.23897
vt 0.73750 0.27044
vt 0.75000 0.25365
vt 0.75000 0.28512
vt 0.71250 0.27254
vt 0.72500 0.28722
vt 0.73750 0.30190
vt 0.72500 0.31868
vt 0.71250 0.30400
vt 0.71250 0.33546
vt 0.71250 0.36692
vt 0.72500 0.35014
vt 0.72500 0.38160
vt 0.73750 0.33336
vt 0.75000 0.31658
vt 0.75000 0.34804
vt 0.73750 0.36482
vt 0.73750 0.39628
vt 0.75000 0.37950
vt 0.75000 0.41096
vt 0.66230 0.34231
vt 0.67480 0.35699
vt 0.68730 0.37167
vt 0.67461 0.39110
vt 0.66211 0.37642
vt 0.66192 0.41053
vt 0.69981 0.38635
vt 0.71231 0.40103
vt 0.69961 0.42046
vt 0.72480 0.41571
vt 0.73730 0.43039
vt 0.72461 0.44982
vt 0.71211 0.43514
vt 0.69941 0.45457
vt 0.71192 0.46925
vt 0.69922 0.48869
vt 0.68711 0.40578
vt 0.68691 0.43989
vt 0.68672 0.47401
vt 0.67422 0.45933
vt 0.67441 0.42521
vt 0.66172 0.44464
vt 0.66153 0.47876
vt 0.67402 0.49344
vt 0.68652 0.50812
vt 0.67383 0.52755
vt 0.66133 0.51287
vt 0.66114 0.54698
vt 0.45000 0.29352
vt 0.44990 0.32763
vt 0.43750 0.30820
vt 0.44980 0.36174
vt 0.43740 0.34231
vt 0.42500 0.32288
vt 0.44971 0.39585
vt 0.43730 0.37642
vt 0.44961 0.42996
vt 0.43721 0.41053
vt 0.42480 0.39110
vt 0.42490 0.35699
vt 0.41250 0.33756
vt 0.41240 0.37167
vt 0.40000 0.35224
vt 0.44951 0.46408
vt 0.43711 0.44464
vt 0.44941 0.49819
vt 0.43701 0.47876
vt 0.42461 0.45933
vt 0.44932 0.53230
vt 0.43691 0.51287
vt 0.44922 0.56641
vt 0.43682 0.54698
vt 0.42441 0.52755
vt 0.42451 0.49344
vt 0.41211 0.47401
vt 0.41201 0.50812
vt 0.39961 0.48869
vt 0.42471 0.42521
vt 0.41221 0.43989
vt 0.39971 0.45457
vt 0.39980 0.42046
vt 0.41230 0.40578
vt 0.39990 0.38635
vt 0.38750 0.36692
vt 0.38740 0.40103
vt 0.37500 0.38160
vt 0.38730 0.43514
vt 0.38721 0.46925
vt 0.37480 0.44982
vt 0.37490 0.41571
vt 0.36250 0.39628
vt 0.36240 0.43039
vt 0.35000 0.41096
vt 0.43750 0.27674
vt 0.42500 0.29142
vt 0.42500 0.25996
vt 0.41250 0.30610
vt 0.40000 0.32078
vt 0.40000 0.28932
vt 0.41250 0.27464
vt 0.41250 0.24318
vt 0.40000 0.25786
vt 0.40000 0.22639
vt 0.38750 0.33546
vt 0.37500 0.35014
vt 0.37500 0.31868
vt 0.36250 0.36482
vt 0.35000 0.37950
vt 0.35000 0.34804
vt 0.36250 0.33336
vt 0.36250 0.30190
vt 0.35000 0.31658
vt 0.35000 0.28512
vt 0.38750 0.30400
vt 0.37500 0.28722
vt 0.36250 0.27044
vt 0.37500 0.25576
vt 0.38750 0.27254
vt 0.38750 0.24107
vt 0.38750 0.20961
vt 0.37500 0.22429
vt 0.37500 0.19283
vt 0.36250 0.23897
vt 0.35000 0.25365
vt 0.35000 0.22219
vt 0.36250 0.20751
vt 0.36250 0.17605
vt 0.35000 0.19073
vt 0.46250 0.27674
vt 0.45000 0.25996
vt 0.47500 0.25996
vt 0.43750 0.24318
vt 0.42500 0.22639
vt 0.45000 0.22639
vt 0.46250 0.24318
vt 0.48750 0.24318
vt 0.47500 0.22639
vt 0.50000 0.22639
vt 0.41250 0.20961
vt 0.40000 0.19283
vt 0.42500 0.19283
vt 0.38750 0.17605
vt 0.41250 0.17605
vt 0.43750 0.17605
vt 0.43750 0.20961
vt 0.45000 0.19283
vt 0.46250 0.17605
vt 0.47500 0.19283
vt 0.46250 0.20961
vt 0.48750 0.20961
vt 0.51250 0.20961
vt 0.50000 0.19283
vt 0.52500 0.19283
vt 0.48750 0.17605
vt 0.51250 0.17605
vt 0.53750 0.17605
vt 0.46250 0.30820
vt 0.47500 0.29142
vt 0.47500 0.32288
vt 0.48750 0.27464
vt 0.50000 0.25786
vt 0.50000 0.28932
vt 0.48750 0.30610
vt 0.48750 0.33756
vt 0.50000 0.32078
vt 0.50000 0.35224
vt 0.51250 0.24107
vt 0.52500 0.22429
vt 0.52500 0.25576
vt 0.53750 0.20751
vt 0.53750 0.23897
vt 0.53750 0.27044
vt 0.51250 0.27254
vt 0.52500 0.28722
vt 0.53750 0.30190
vt 0.52500 0.31868
vt 0.51250 0.30400
vt 0.51250 0.33546
vt 0.51250 0.36692
vt 0.52500 0.35014
vt 0.52500 0.38160
vt 0.53750 0.33336
vt 0.53750 0.36482
vt 0.53750 0.39628
vt 0.46240 0.34231
vt 0.47490 0.35699
vt 0.48740 0.37167
vt 0.47480 0.39110
vt 0.46231 0.37642
vt 0.46221 0.41053
vt 0.49990 0.38635
vt 0.51240 0.40103
vt 0.49981 0.42046
vt 0.52490 0.41571
vt 0.53740 0.43039
vt 0.52481 0.44982
vt 0.51231 0.43514
vt 0.49971 0.45457
vt 0.51221 0.46925
vt 0.49961 0.48869
vt 0.48730 0.40578
vt 0.48721 0.43989
vt 0.48711 0.47401
vt 0.47461 0.45933
vt 0.47471 0.42521
vt 0.46211 0.44464
vt 0.46201 0.47876
vt 0.47451 0.49344
vt 0.48701 0.50812
vt 0.47442 0.52755
vt 0.46192 0.51287
vt 0.46182 0.54698
vt 0.25000 0.29352
vt 0.25000 0.32763
vt 0.23750 0.30820
vt 0.25000 0.36174
vt 0.23750 0.34231
vt 0.22500 0.32288
vt 0.25000 0.39585
vt 0.23750 0.37642
vt 0.25000 0.42996
vt 0.23750 0.41053
vt 0.22500 0.39110
vt 0.22500 0.35699
vt 0.21250 0.33756
vt 0.21250 0.37167
vt 0.20000 0.35224
vt 0.25000 0.46408
vt 0.23750 0.44464
vt 0.25000 0.49819
vt 0.23750 0.47876
vt 0.22500 0.45933
vt 0.25000 0.53230
vt 0.23750 0.51287
vt 0.25000 0.56641
vt 0.23750 0.54698
vt 0.22500 0.52755
vt 0.22500 0.49344
vt 0.21250 0.47401
vt 0.21250 0.50812
vt 0.20000 0.48869
vt 0.22500 0.42521
vt 0.21250 0.43989
vt 0.20000 0.45457
vt 0.20000 0.42046
vt 0.21250 0.40578
vt 0.20000 0.38635
vt 0.18750 0.36692
vt 0.18750 0.40103
vt 0.17500 0.38160
vt 0.18750 0.43514
vt 0.18750 0.46925
vt 0.17500 0.44982
vt 0.17500 0.41571
vt 0.16250 0.39628
vt 0.16250 0.43039
vt 0.15000 0.41096
vt 0.23750 0.27674
vt 0.22500 0.29142
vt 0.22500 0.25996
vt 0.21250 0.30610
vt 0.20000 0.32078
vt 0.20000 0.28932
vt 0.21250 0.27464
vt 0.21250 0.24318
vt 0.20000 0.25786
vt 0.20000 0.22639
vt 0.18750 0.33546
vt 0.17500 0.35014
vt 0.17500 0.31868
vt 0.16250 0.36482
vt 0.15000 0.37950
vt 0.15000 0.34804
vt 0.16250 0.33336
vt 0.16250 0.30190
vt 0.15000 0.31658
vt 0.15000 0.28512
vt 0.18750 0.30400
vt 0.17500 0.28722
vt 0.16250 0.27044
vt 0.17500 0.25576
vt 0.18750 0.27254
vt 0.18750 0.24107
vt 0.18750 0.20961
vt 0.17500 0.22429
vt 0.17500 0.19283
vt 0.16250 0.23897
vt 0.15000 0.25365
vt 0.15000 0.22219
vt 0.16250 0.20751
vt 0.16250 0.17605
vt 0.15000 0.19073
vt 0.26250 0.27674
vt 0.25000 0.25996
vt 0.27500 0.25996
vt 0.23750 0.24318
vt 0.22500 0.22639
vt 0.25000 0.22639
vt 0.26250 0.24318
vt 0.28750 0.24318
vt 0.27500 0.22639
vt 0.30000 0.22639
vt 0.21250 0.20961
vt 0.20000 0.19283
vt 0.22500 0.19283
vt 0.18750 0.17605
vt 0.21250 0.17605
vt 0.23750 0.17605
vt 0.23750 0.20961
vt 0.25000 0.19283
vt 0.26250 0.17605
vt 0.27500 0.19283
vt 0.26250 0.20961
vt 0.28750 0.20961
vt 0.31250 0.20961
vt 0.30000 0.19283
vt 0.32500 0.19283
vt 0.28750 0.17605
vt 0.31250 0.17605
vt 0.33750 0.17605
vt 0.26250 0.30820
vt 0.27500 0.29142
vt 0.27500 0.32288
vt 0.28750 0.27464
vt 0.30000 0.25786
vt 0.30000 0.28932
vt 0.28750 0.30610
vt 0.28750 0.33756
vt 0.30000 0.32078
vt 0.30000 0.35224
vt 0.31250 0.24107
vt 0.32500 0.22429
vt 0.32500 0.25576
vt 0.33750 0.20751
vt 0.33750 0.23897
vt 0.33750 0.27044
vt 0.31250 0.27254
vt 0.32500 0.28722
vt 0.33750 0.30190
vt 0.32500 0.31868
vt 0.31250 0.30400
vt 0.31250 0.33546
vt 0.31250 0.36692
vt 0.32500 0.35014
vt 0.32500 0.38160
vt 0.33750 0.33336
vt 0.33750 0.36482
vt 0.33750 0.39628
vt 0.26250 0.34231
vt 0.27500 0.35699
vt 0.28750 0.37167
vt 0.27500 0.39110
vt 0.26250 0.37642
vt 0.26250 0.41053
vt 0.30000 0.38635
vt 0.31250 0.40103
vt 0.30000 0.42046
vt 0.32500 0.41571
vt 0.33750 0.43039
vt 0.32500 0.44982
vt 0.31250 0.43514
vt 0.30000 0.45457
vt 0.31250 0.46925
vt 0.30000 0.48869
vt 0.28750 0.40578
vt 0.28750 0.43989
vt 0.28750 0.47401
vt 0.27500 0.45933
vt 0.27500 0.42521
vt 0.26250 0.44464
vt 0.26250 0.47876
vt 0.27500 0.49344
vt 0.28750 0.50812
vt 0.27500 0.52755
vt 0.26250 0.51287
vt 0.26250 0.54698
vt 1.04297 0.28906
vt 1.04297 0.32422
vt 1.03125 0.30468
vt 1.04297 0.35937
vt 1.03125 0.33984
vt 1.01953 0.32031
vt 1.04297 0.39453
vt 1.03125 0.37500
vt 1.04297 0.42968
vt 1.03125 0.41015
vt 1.01953 0.39062
vt 1.01953 0.35547
vt 1.00781 0.33593
vt 1.00781 0.37109
vt 0.99609 0.35156
vt 1.04297 0.46484
vt 1.03125 0.44531
vt 1.04297 0.50000
vt 1.03125 0.48047
vt 1.01953 0.46093
vt 1.04297 0.53515
vt 1.03125 0.51562
vt 1.04297 0.57031
vt 1.03125 0.55078
vt 1.01953 0.53125
vt 1.01953 0.49609
vt 1.00781 0.47656
vt 1.00781 0.51172
vt 0.99609 0.49218
vt 1.01953 0.42578
vt 1.00781 0.44140
vt 0.99609 0.45703
vt 0.99609 0.42187
vt 1.00781 0.40625
vt 0.99609 0.38672
vt 0.98438 0.36718
vt 0.98438 0.40234
vt 0.97266 0.38281
vt 0.98438 0.43750
vt 0.98438 0.47265
vt 0.97266 0.45312
vt 0.97266 0.41797
vt 0.96094 0.39843
vt 0.96094 0.43359
vt 0.94922 0.41406
vt 1.03135 0.30430
vt 1.03125 0.27295
vt 1.01973 0.31954
vt 1.01963 0.28819
vt 1.01953 0.25683
vt 1.00811 0.33477
vt 1.00801 0.30342
vt 0.99648 0.35001
vt 0.99639 0.31866
vt 0.99629 0.28731
vt 1.00791 0.27207
vt 1.00781 0.24072
vt 0.99619 0.25596
vt 0.99609 0.22461
vt 0.98486 0.36525
vt 0.98477 0.33390
vt 0.97324 0.38048
vt 0.97315 0.34914
vt 0.97305 0.31779
vt 0.96162 0.39572
vt 0.96152 0.36437
vt 0.95000 0.41096
vt 0.94990 0.37961
vt 0.94981 0.34826
vt 0.96143 0.33302
vt 0.96133 0.30167
vt 0.94971 0.31691
vt 0.94961 0.28556
vt 0.98467 0.30255
vt 0.97295 0.28644
vt 0.96123 0.27032
vt 0.97285 0.25508
vt 0.98457 0.27120
vt 0.98447 0.23985
vt 0.98438 0.20850
vt 0.97275 0.22374
vt 0.97266 0.19239
vt 0.96113 0.23897
vt 0.94951 0.25421
vt 0.94941 0.22286
vt 0.96104 0.20762
vt 0.96094 0.17627
vt 0.94932 0.19151
vt 0.05000 0.29352
vt 0.03691 0.27685
vt 0.06250 0.27674
vt 0.02383 0.26018
vt 0.04941 0.26007
vt 0.07500 0.25996
vt 0.01074 0.24351
vt 0.03633 0.24340
vt -0.00234 0.22684
vt 0.02324 0.22673
vt 0.04883 0.22662
vt 0.06191 0.24329
vt 0.08750 0.24318
vt 0.07441 0.22651
vt 0.10000 0.22639
vt -0.01543 0.21017
vt 0.01016 0.21006
vt -0.02852 0.19350
vt -0.00293 0.19339
vt 0.02266 0.19328
vt -0.04160 0.17683
vt -0.01602 0.17672
vt 0.00957 0.17661
vt 0.03516 0.17650
vt 0.03574 0.20995
vt 0.04824 0.19317
vt 0.06074 0.17638
vt 0.07383 0.19305
vt 0.06133 0.20984
vt 0.08691 0.20972
vt 0.11250 0.20961
vt 0.09941 0.19294
vt 0.12500 0.19283
vt 0.08633 0.17627
vt 0.11191 0.17616
vt 0.13750 0.17605
vt 0.06250 0.30820
vt 0.07500 0.29142
vt 0.07500 0.32288
vt 0.08750 0.27464
vt 0.10000 0.25786
vt 0.10000 0.28932
vt 0.08750 0.30610
vt 0.08750 0.33756
vt 0.10000 0.32078
vt 0.10000 0.35224
vt 0.11250 0.24107
vt 0.12500 0.22429
vt 0.12500 0.25576
vt 0.13750 0.20751
vt 0.13750 0.23897
vt 0.13750 0.27044
vt 0.11250 0.27254
vt 0.12500 0.28722
vt 0.13750 0.30190
vt 0.12500 0.31868
vt 0.11250 0.30400
vt 0.11250 0.33546
vt 0.11250 0.36692
vt 0.12500 0.35014
vt 0.12500 0.38160
vt 0.13750 0.33336
vt 0.13750 0.36482
vt 0.13750 0.39628
vt 0.04961 0.32714
vt 0.06211 0.34182
vt 0.04922 0.36076
vt 0.07461 0.35650
vt 0.08711 0.37118
vt 0.07422 0.39012
vt 0.06172 0.37544
vt 0.04883 0.39439
vt 0.06133 0.40907
vt 0.04844 0.42801
vt 0.09961 0.38586
vt 0.11211 0.40054
vt 0.09922 0.41949
vt 0.12461 0.41522
vt 0.13711 0.42990
vt 0.12422 0.44885
vt 0.11172 0.43417
vt 0.09883 0.45311
vt 0.11133 0.46779
vt 0.09844 0.48673
vt 0.08672 0.40481
vt 0.08633 0.43843
vt 0.08594 0.47205
vt 0.07344 0.45737
vt 0.07383 0.42375
vt 0.06094 0.44269
vt 0.04805 0.46163
vt 0.06055 0.47631
vt 0.04766 0.49525
vt 0.07305 0.49099
vt 0.08555 0.50567
vt 0.07266 0.52461
vt 0.06016 0.50994
vt 0.04727 0.52888
vt 0.05977 0.54356
vt 0.04688 0.56250
vt 0.85000 0.29352
vt 0.84971 0.32763
vt 0.83750 0.30820
vt 0.84942 0.36174
vt 0.83721 0.34231
vt 0.82500 0.32288
vt 0.84912 0.39585
vt 0.83692 0.37642
vt 0.84883 0.42996
vt 0.83662 0.41053
vt 0.82441 0.39110
vt 0.82471 0.35699
vt 0.81250 0.33756
vt 0.81221 0.37167
vt 0.80000 0.35224
vt 0.84854 0.46408
vt 0.83633 0.44464
vt 0.84825 0.49819
vt 0.83604 0.47876
vt 0.82383 0.45933
vt 0.84795 0.53230
vt 0.83575 0.51287
vt 0.84766 0.56641
vt 0.83545 0.54698
vt 0.82325 0.52755
vt 0.82354 0.49344
vt 0.81133 0.47401
vt 0.81104 0.50812
vt 0.79883 0.48869
vt 0.82412 0.42521
vt 0.81162 0.43989
vt 0.79912 0.45457
vt 0.79941 0.42046
vt 0.81191 0.40578
vt 0.79971 0.38635
vt 0.78750 0.36692
vt 0.78721 0.40103
vt 0.77500 0.38160
vt 0.78692 0.43514
vt 0.78662 0.46925
vt 0.77442 0.44982
vt 0.77471 0.41571
vt 0.76250 0.39628
vt 0.76221 0.43039
vt 0.83750 0.27674
vt 0.82500 0.29142
vt 0.82500 0.25996
vt 0.81250 0.30610
vt 0.80000 0.32078
vt 0.80000 0.28932
vt 0.81250 0.27464
vt 0.81250 0.24318
vt 0.80000 0.25786
vt 0.80000 0.22639
vt 0.78750 0.33546
vt 0.77500 0.35014
vt 0.77500 0.31868
vt 0.76250 0.36482
vt 0.76250 0.33336
vt 0.76250 0.30190
vt 0.78750 0.30400
vt 0.77500 0.28722
vt 0.76250 0.27044
vt 0.77500 0.25576
vt 0.78750 0.27254
vt 0.78750 0.24107
vt 0.78750 0.20961
vt 0.77500 0.22429
vt 0.77500 0.19283
vt 0.76250 0.23897
vt 0.76250 0.20751
vt 0.76250 0.17605
vt 0.86250 0.27674
vt 0.85000 0.25996
vt 0.87500 0.25996
vt 0.83750 0.24318
vt 0.82500 0.22639
vt 0.85000 0.22639
vt 0.86250 0.24318
vt 0.88750 0.24318
vt 0.87500 0.22639
vt 0.90000 0.22639
vt 0.81250 0.20961
vt 0.80000 0.19283
vt 0.82500 0.19283
vt 0.78750 0.17605
vt 0.77500 0.15927
vt 0.80000 0.15927
vt 0.81250 0.17605
vt 0.83750 0.17605
vt 0.82500 0.15927
vt 0.85000 0.15927
vt 0.83750 0.20961
vt 0.85000 0.19283
vt 0.86250 0.17605
vt 0.87500 0.19283
vt 0.86250 0.20961
vt 0.88750 0.20961
vt 0.91250 0.20961
vt 0.90000 0.19283
vt 0.92500 0.19283
vt 0.88750 0.17605
vt 0.87500 0.15927
vt 0.90000 0.15927
vt 0.91250 0.17605
vt 0.93750 0.17605
vt 0.92500 0.15927
vt 0.95000 0.15927
vt 0.86250 0.30820
vt 0.87500 0.29142
vt 0.87500 0.32288
vt 0.88750 0.27464
vt 0.90000 0.25786
vt 0.90000 0.28932
vt 0.88750 0.30610
vt 0.88750 0.33756
vt 0.90000 0.32078
vt 0.90000 0.35224
vt 0.91250 0.24107
vt 0.92500 0.22429
vt 0.92500 0.25576
vt 0.93750 0.20751
vt 0.95000 0.19073
vt 0.95000 0.22219
vt 0.93750 0.23897
vt 0.93750 0.27044
vt 0.95000 0.25365
vt 0.95000 0.28512
vt 0.91250 0.27254
vt 0.92500 0.28722
vt 0.93750 0.30190
vt 0.92500 0.31868
vt 0.91250 0.30400
vt 0.91250 0.33546
vt 0.91250 0.36692
vt 0.92500 0.35014
vt 0.92500 0.38160
vt 0.93750 0.33336
vt 0.95000 0.31658
vt 0.95000 0.34804
vt 0.93750 0.36482
vt 0.93750 0.39628
vt 0.95000 0.37950
vt 0.86221 0.34231
vt 0.87471 0.35699
vt 0.88721 0.37167
vt 0.87441 0.39110
vt 0.86191 0.37642
vt 0.86162 0.41053
vt 0.89971 0.38635
vt 0.91221 0.40103
vt 0.89942 0.42046
vt 0.92471 0.41571
vt 0.93721 0.43039
vt 0.92441 0.44982
vt 0.91192 0.43514
vt 0.89912 0.45457
vt 0.91162 0.46925
vt 0.89883 0.48869
vt 0.88691 0.40578
vt 0.88662 0.43989
vt 0.88633 0.47401
vt 0.87383 0.45933
vt 0.87412 0.42521
vt 0.86133 0.44464
vt 0.86104 0.47876
vt 0.87354 0.49344
vt 0.88604 0.50812
vt 0.87325 0.52755
vt 0.86075 0.51287
vt 0.86045 0.54698
vt 0.35547 0.98828
vt 0.34229 0.96984
vt 0.36729 0.96984
vt 0.32910 0.95139
vt 0.35410 0.95139
vt 0.37910 0.95139
vt 0.31592 0.93295
vt 0.34092 0.93295
vt 0.30274 0.91451
vt 0.32774 0.91451
vt 0.35273 0.91451
vt 0.36592 0.93295
vt 0.39092 0.93295
vt 0.37773 0.91451
vt 0.40273 0.91451
vt 0.28955 0.89606
vt 0.31455 0.89606
vt 0.27637 0.87762
vt 0.30137 0.87762
vt 0.32637 0.87762
vt 0.26318 0.85917
vt 0.28818 0.85917
vt 0.25000 0.84073
vt 0.27500 0.84073
vt 0.30000 0.84073
vt 0.31318 0.85917
vt 0.33818 0.85917
vt 0.32500 0.84073
vt 0.35000 0.84073
vt 0.33955 0.89606
vt 0.35137 0.87762
vt 0.36318 0.85917
vt 0.37637 0.87762
vt 0.36455 0.89606
vt 0.38955 0.89606
vt 0.41455 0.89606
vt 0.40137 0.87762
vt 0.42637 0.87762
vt 0.38818 0.85917
vt 0.37500 0.84073
vt 0.40000 0.84073
vt 0.41318 0.85917
vt 0.43818 0.85917
vt 0.42500 0.84073
vt 0.45000 0.84073
vt 0.54297 0.99219
vt 0.53135 0.97326
vt 0.55635 0.97326
vt 0.51973 0.95433
vt 0.54473 0.95433
vt 0.56973 0.95433
vt 0.50811 0.93539
vt 0.53311 0.93539
vt 0.49648 0.91646
vt 0.52148 0.91646
vt 0.54649 0.91646
vt 0.55811 0.93539
vt 0.58311 0.93539
vt 0.57149 0.91646
vt 0.59649 0.91646
vt 0.48486 0.89753
vt 0.50986 0.89753
vt 0.47324 0.87859
vt 0.49824 0.87859
vt 0.52324 0.87859
vt 0.46162 0.85966
vt 0.48662 0.85966
vt 0.47500 0.84073
vt 0.50000 0.84073
vt 0.51162 0.85966
vt 0.53662 0.85966
vt 0.52500 0.84073
vt 0.55000 0.84073
vt 0.53486 0.89753
vt 0.54824 0.87859
vt 0.56162 0.85966
vt 0.57324 0.87859
vt 0.55986 0.89753
vt 0.58486 0.89753
vt 0.60986 0.89753
vt 0.59824 0.87859
vt 0.62324 0.87859
vt 0.58662 0.85966
vt 0.57500 0.84073
vt 0.60000 0.84073
vt 0.61162 0.85966
vt 0.63662 0.85966
vt 0.62500 0.84073
vt 0.65000 0.84073
vt 0.73828 0.99219
vt 0.72724 0.97326
vt 0.75224 0.97326
vt 0.71621 0.95433
vt 0.74121 0.95433
vt 0.76621 0.95433
vt 0.70517 0.93539
vt 0.73018 0.93539
vt 0.69414 0.91646
vt 0.71914 0.91646
vt 0.74414 0.91646
vt 0.75517 0.93539
vt 0.78017 0.93539
vt 0.76914 0.91646
vt 0.79414 0.91646
vt 0.68310 0.89753
vt 0.70810 0.89753
vt 0.67207 0.87859
vt 0.69707 0.87859
vt 0.72207 0.87859
vt 0.66103 0.85966
vt 0.68603 0.85966
vt 0.67500 0.84073
vt 0.70000 0.84073
vt 0.71104 0.85966
vt 0.73603 0.85966
vt 0.72500 0.84073
vt 0.75000 0.84073
vt 0.73310 0.89753
vt 0.74707 0.87859
vt 0.76103 0.85966
vt 0.77207 0.87859
vt 0.75810 0.89753
vt 0.78311 0.89753
vt 0.80810 0.89753
vt 0.79707 0.87859
vt 0.82207 0.87859
vt 0.78604 0.85966
vt 0.77500 0.84073
vt 0.80000 0.84073
vt 0.81104 0.85966
vt 0.83604 0.85966
vt 0.82500 0.84073
vt 0.85000 0.84073
vt 0.96875 0.99609
vt 0.95391 0.97667
vt 0.97705 0.97705
vt 0.93906 0.95725
vt 0.96221 0.95763
vt 0.98535 0.95800
vt 0.92422 0.93783
vt 0.94736 0.93821
vt 0.90938 0.91841
vt 0.93252 0.91879
vt 0.95566 0.91917
vt 0.97051 0.93858
vt 0.99365 0.93896
vt 0.97881 0.91954
vt 1.00196 0.91992
vt 0.89453 0.89899
vt 0.91768 0.89937
vt 0.87969 0.87957
vt 0.90283 0.87995
vt 0.92598 0.88032
vt 0.86484 0.86015
vt 0.88799 0.86053
vt 0.87314 0.84111
vt 0.89629 0.84149
vt 0.91113 0.86090
vt 0.93428 0.86128
vt 0.91944 0.84186
vt 0.94258 0.84224
vt 0.94082 0.89974
vt 0.94912 0.88070
vt 0.95742 0.86166
vt 0.97227 0.88108
vt 0.96397 0.90012
vt 0.98711 0.90050
vt 1.01026 0.90088
vt 0.99541 0.88146
vt 1.01856 0.88183
vt 0.98057 0.86204
vt 0.96572 0.84262
vt 0.98887 0.84299
vt 1.00371 0.86241
vt 1.02686 0.86279
vt 1.01201 0.84337
vt 1.03516 0.84375
vt 0.16406 0.99219
vt 0.14990 0.97364
vt 0.17480 0.97326
vt 0.13574 0.95508
vt 0.16064 0.95470
vt 0.18554 0.95433
vt 0.12158 0.93652
vt 0.14648 0.93615
vt 0.10742 0.91797
vt 0.13232 0.91759
vt 0.15722 0.91721
vt 0.17138 0.93577
vt 0.19629 0.93539
vt 0.18213 0.91684
vt 0.20703 0.91646
vt 0.09326 0.89942
vt 0.11816 0.89904
vt 0.07910 0.88086
vt 0.10400 0.88048
vt 0.12890 0.88011
vt 0.06494 0.86230
vt 0.08984 0.86193
vt 0.05078 0.84375
vt 0.07568 0.84337
vt 0.10058 0.84299
vt 0.11474 0.86155
vt 0.13965 0.86117
vt 0.12549 0.84262
vt 0.15039 0.84224
vt 0.14307 0.89866
vt 0.15381 0.87973
vt 0.16455 0.86080
vt 0.17871 0.87935
vt 0.16797 0.89828
vt 0.19287 0.89790
vt 0.21777 0.89753
vt 0.20361 0.87897
vt 0.22851 0.87859
vt 0.18945 0.86042
vt 0.17529 0.84186
vt 0.20019 0.84149
vt 0.21435 0.86004
vt 0.23926 0.85966
vt 0.22510 0.84111
vt 0.35000 0.70648
vt 0.35000 0.66954
vt 0.36240 0.68897
vt 0.35000 0.63260
vt 0.36240 0.65203
vt 0.37480 0.67146
vt 0.35000 0.59566
vt 0.36240 0.61509
vt 0.35000 0.55872
vt 0.36240 0.57815
vt 0.37480 0.59758
vt 0.37480 0.63452
vt 0.38721 0.65395
vt 0.38721 0.61701
vt 0.39961 0.63645
vt 0.35000 0.52178
vt 0.36240 0.54121
vt 0.35000 0.48484
vt 0.36240 0.50427
vt 0.37480 0.52370
vt 0.35000 0.44790
vt 0.36240 0.46733
vt 0.37480 0.48676
vt 0.38721 0.50619
vt 0.37480 0.56064
vt 0.38721 0.54313
vt 0.39961 0.52562
vt 0.39961 0.56257
vt 0.38721 0.58007
vt 0.39961 0.59951
vt 0.41201 0.61894
vt 0.41201 0.58200
vt 0.42441 0.60143
vt 0.41201 0.54506
vt 0.42441 0.56449
vt 0.43682 0.58392
vt 0.36250 0.72326
vt 0.37490 0.70575
vt 0.37500 0.74004
vt 0.38730 0.68824
vt 0.39971 0.67074
vt 0.39980 0.70503
vt 0.38740 0.72253
vt 0.38750 0.75682
vt 0.39990 0.73932
vt 0.40000 0.77360
vt 0.41211 0.65323
vt 0.42451 0.63572
vt 0.42461 0.67001
vt 0.43691 0.61821
vt 0.44932 0.60070
vt 0.44941 0.63499
vt 0.43701 0.65250
vt 0.43711 0.68679
vt 0.44951 0.66928
vt 0.44961 0.70357
vt 0.41221 0.68752
vt 0.42471 0.70430
vt 0.43721 0.72108
vt 0.42480 0.73859
vt 0.41230 0.72181
vt 0.41240 0.75610
vt 0.41250 0.79039
vt 0.42490 0.77288
vt 0.42500 0.80717
vt 0.43730 0.75537
vt 0.44971 0.73786
vt 0.44980 0.77215
vt 0.43740 0.78966
vt 0.43750 0.82395
vt 0.44990 0.80644
vt 0.33750 0.72326
vt 0.35000 0.74004
vt 0.32500 0.74004
vt 0.36250 0.75682
vt 0.37500 0.77360
vt 0.35000 0.77360
vt 0.33750 0.75682
vt 0.31250 0.75682
vt 0.32500 0.77360
vt 0.30000 0.77360
vt 0.38750 0.79039
vt 0.40000 0.80717
vt 0.37500 0.80717
vt 0.41250 0.82395
vt 0.38750 0.82395
vt 0.36250 0.82395
vt 0.36250 0.79039
vt 0.35000 0.80717
vt 0.33750 0.82395
vt 0.32500 0.80717
vt 0.33750 0.79039
vt 0.31250 0.79039
vt 0.28750 0.79039
vt 0.30000 0.80717
vt 0.27500 0.80717
vt 0.31250 0.82395
vt 0.28750 0.82395
vt 0.26250 0.82395
vt 0.33750 0.68897
vt 0.32500 0.70575
vt 0.32500 0.67146
vt 0.31250 0.72253
vt 0.30000 0.73932
vt 0.30000 0.70503
vt 0.31250 0.68824
vt 0.31250 0.65395
vt 0.30000 0.67074
vt 0.30000 0.63645
vt 0.28750 0.75610
vt 0.27500 0.77288
vt 0.27500 0.73859
vt 0.26250 0.78966
vt 0.25000 0.80644
vt 0.25000 0.77215
vt 0.26250 0.75537
vt 0.26250 0.72108
vt 0.25000 0.73786
vt 0.25000 0.70357
vt 0.28750 0.72181
vt 0.27500 0.70430
vt 0.26250 0.68679
vt 0.27500 0.67001
vt 0.28750 0.68752
vt 0.28750 0.65323
vt 0.28750 0.61894
vt 0.27500 0.63572
vt 0.27500 0.60143
vt 0.26250 0.65250
vt 0.25000 0.66928
vt 0.25000 0.63499
vt 0.26250 0.61821
vt 0.26250 0.58392
vt 0.25000 0.60070
vt 0.33750 0.65203
vt 0.32500 0.63452
vt 0.31250 0.61701
vt 0.32500 0.59758
vt 0.33750 0.61509
vt 0.33750 0.57815
vt 0.30000 0.59951
vt 0.28750 0.58200
vt 0.30000 0.56257
vt 0.27500 0.56449
vt 0.28750 0.54506
vt 0.30000 0.52562
vt 0.31250 0.58007
vt 0.31250 0.54313
vt 0.31250 0.50619
vt 0.32500 0.52370
vt 0.32500 0.56064
vt 0.33750 0.54121
vt 0.33750 0.50427
vt 0.32500 0.48676
vt 0.33750 0.46733
vt 0.55000 0.70648
vt 0.55000 0.66954
vt 0.56230 0.68897
vt 0.55000 0.63260
vt 0.56230 0.65203
vt 0.57461 0.67146
vt 0.55000 0.59566
vt 0.56230 0.61509
vt 0.55000 0.55872
vt 0.56230 0.57815
vt 0.57461 0.59758
vt 0.57461 0.63452
vt 0.58692 0.65395
vt 0.58692 0.61701
vt 0.59922 0.63645
vt 0.55000 0.52178
vt 0.56230 0.54121
vt 0.55000 0.48484
vt 0.56230 0.50427
vt 0.57461 0.52370
vt 0.55000 0.44790
vt 0.56230 0.46733
vt 0.57461 0.48676
vt 0.58692 0.50619
vt 0.57461 0.56064
vt 0.58692 0.54313
vt 0.59922 0.52562
vt 0.59922 0.56257
vt 0.58692 0.58007
vt 0.59922 0.59951
vt 0.61153 0.61894
vt 0.61153 0.58200
vt 0.62383 0.60143
vt 0.61153 0.54506
vt 0.62383 0.56449
vt 0.63613 0.58392
vt 0.56250 0.72326
vt 0.57481 0.70575
vt 0.57500 0.74004
vt 0.58711 0.68824
vt 0.59942 0.67074
vt 0.59961 0.70503
vt 0.58731 0.72253
vt 0.58750 0.75682
vt 0.59980 0.73932
vt 0.60000 0.77360
vt 0.61172 0.65323
vt 0.62402 0.63572
vt 0.62422 0.67001
vt 0.63633 0.61821
vt 0.64864 0.60070
vt 0.64883 0.63499
vt 0.63653 0.65250
vt 0.63672 0.68679
vt 0.64902 0.66928
vt 0.64922 0.70357
vt 0.61191 0.68752
vt 0.62442 0.70430
vt 0.63691 0.72108
vt 0.62461 0.73859
vt 0.61211 0.72181
vt 0.61231 0.75610
vt 0.61250 0.79039
vt 0.62480 0.77288
vt 0.62500 0.80717
vt 0.63711 0.75537
vt 0.64942 0.73786
vt 0.64961 0.77215
vt 0.63731 0.78966
vt 0.63750 0.82395
vt 0.64980 0.80644
vt 0.53750 0.72326
vt 0.55000 0.74004
vt 0.52500 0.74004
vt 0.56250 0.75682
vt 0.57500 0.77360
vt 0.55000 0.77360
vt 0.53750 0.75682
vt 0.51250 0.75682
vt 0.52500 0.77360
vt 0.50000 0.77360
vt 0.58750 0.79039
vt 0.60000 0.80717
vt 0.57500 0.80717
vt 0.61250 0.82395
vt 0.58750 0.82395
vt 0.56250 0.82395
vt 0.56250 0.79039
vt 0.55000 0.80717
vt 0.53750 0.82395
vt 0.52500 0.80717
vt 0.53750 0.79039
vt 0.51250 0.79039
vt 0.48750 0.79039
vt 0.50000 0.80717
vt 0.47500 0.80717
vt 0.51250 0.82395
vt 0.48750 0.82395
vt 0.46250 0.82395
vt 0.53740 0.68897
vt 0.52490 0.70575
vt 0.52481 0.67146
vt 0.51240 0.72253
vt 0.49990 0.73932
vt 0.49981 0.70503
vt 0.51231 0.68824
vt 0.51221 0.65395
vt 0.49971 0.67074
vt 0.49961 0.63645
vt 0.48740 0.75610
vt 0.47490 0.77288
vt 0.47480 0.73859
vt 0.46240 0.78966
vt 0.46231 0.75537
vt 0.46221 0.72108
vt 0.48730 0.72181
vt 0.47471 0.70430
vt 0.46211 0.68679
vt 0.47461 0.67001
vt 0.48721 0.68752
vt 0.48711 0.65323
vt 0.48701 0.61894
vt 0.47451 0.63572
vt 0.47442 0.60143
vt 0.46201 0.65250
vt 0.46192 0.61821
vt 0.46182 0.58392
vt 0.53740 0.65203
vt 0.52481 0.63452
vt 0.51221 0.61701
vt 0.52481 0.59758
vt 0.53740 0.61509
vt 0.53740 0.57815
vt 0.49961 0.59951
vt 0.48701 0.58200
vt 0.49961 0.56257
vt 0.47442 0.56449
vt 0.48701 0.54506
vt 0.49961 0.52562
vt 0.51221 0.58007
vt 0.51221 0.54313
vt 0.51221 0.50619
vt 0.52481 0.52370
vt 0.52481 0.56064
vt 0.53740 0.54121
vt 0.53740 0.50427
vt 0.52481 0.48676
vt 0.53740 0.46733
vt 0.75000 0.70648
vt 0.75000 0.66954
vt 0.76221 0.68897
vt 0.75000 0.63260
vt 0.76221 0.65203
vt 0.77442 0.67146
vt 0.75000 0.59566
vt 0.76221 0.61509
vt 0.75000 0.55872
vt 0.76221 0.57815
vt 0.77442 0.59758
vt 0.77442 0.63452
vt 0.78662 0.65395
vt 0.78662 0.61701
vt 0.79883 0.63645
vt 0.75000 0.52178
vt 0.76221 0.54121
vt 0.75000 0.48484
vt 0.76221 0.50427
vt 0.77442 0.52370
vt 0.75000 0.44790
vt 0.76221 0.46733
vt 0.77442 0.48676
vt 0.78662 0.50619
vt 0.77442 0.56064
vt 0.78662 0.54313
vt 0.79883 0.52562
vt 0.79883 0.56257
vt 0.78662 0.58007
vt 0.79883 0.59951
vt 0.81104 0.61894
vt 0.81104 0.58200
vt 0.82325 0.60143
vt 0.81104 0.54506
vt 0.82325 0.56449
vt 0.83545 0.58392
vt 0.76250 0.72326
vt 0.77471 0.70575
vt 0.77500 0.74004
vt 0.78692 0.68824
vt 0.79912 0.67074
vt 0.79941 0.70503
vt 0.78721 0.72253
vt 0.78750 0.75682
vt 0.79971 0.73932
vt 0.80000 0.77360
vt 0.81133 0.65323
vt 0.82354 0.63572
vt 0.82383 0.67001
vt 0.83575 0.61821
vt 0.84795 0.60070
vt 0.84825 0.63499
vt 0.83604 0.65250
vt 0.83633 0.68679
vt 0.84854 0.66928
vt 0.84883 0.70357
vt 0.81162 0.68752
vt 0.82412 0.70430
vt 0.83662 0.72108
vt 0.82441 0.73859
vt 0.81191 0.72181
vt 0.81221 0.75610
vt 0.81250 0.79039
vt 0.82471 0.77288
vt 0.82500 0.80717
vt 0.83692 0.75537
vt 0.84912 0.73786
vt 0.84942 0.77215
vt 0.83721 0.78966
vt 0.83750 0.82395
vt 0.84971 0.80644
vt 0.73750 0.72326
vt 0.75000 0.74004
vt 0.72500 0.74004
vt 0.76250 0.75682
vt 0.77500 0.77360
vt 0.75000 0.77360
vt 0.73750 0.75682
vt 0.71250 0.75682
vt 0.72500 0.77360
vt 0.70000 0.77360
vt 0.78750 0.79039
vt 0.80000 0.80717
vt 0.77500 0.80717
vt 0.81250 0.82395
vt 0.78750 0.82395
vt 0.76250 0.82395
vt 0.76250 0.79039
vt 0.75000 0.80717
vt 0.73750 0.82395
vt 0.72500 0.80717
vt 0.73750 0.79039
vt 0.71250 0.79039
vt 0.68750 0.79039
vt 0.70000 0.80717
vt 0.67500 0.80717
vt 0.71250 0.82395
vt 0.68750 0.82395
vt 0.66250 0.82395
vt 0.73730 0.68897
vt 0.72480 0.70575
vt 0.72461 0.67146
vt 0.71231 0.72253
vt 0.69981 0.73932
vt 0.69961 0.70503
vt 0.71211 0.68824
vt 0.71192 0.65395
vt 0.69941 0.67074
vt 0.69922 0.63645
vt 0.68730 0.75610
vt 0.67480 0.77288
vt 0.67461 0.73859
vt 0.66230 0.78966
vt 0.66211 0.75537
vt 0.66192 0.72108
vt 0.68711 0.72181
vt 0.67441 0.70430
vt 0.66172 0.68679
vt 0.67422 0.67001
vt 0.68691 0.68752
vt 0.68672 0.65323
vt 0.68652 0.61894
vt 0.67402 0.63572
vt 0.67383 0.60143
vt 0.66153 0.65250
vt 0.66133 0.61821
vt 0.66114 0.58392
vt 0.73730 0.65203
vt 0.72461 0.63452
vt 0.71192 0.61701
vt 0.72461 0.59758
vt 0.73730 0.61509
vt 0.73730 0.57815
vt 0.69922 0.59951
vt 0.68652 0.58200
vt 0.69922 0.56257
vt 0.67383 0.56449
vt 0.68652 0.54506
vt 0.69922 0.52562
vt 0.71192 0.58007
vt 0.71192 0.54313
vt 0.71192 0.50619
vt 0.72461 0.52370
vt 0.72461 0.56064
vt 0.73730 0.54121
vt 0.73730 0.50427
vt 0.72461 0.48676
vt 0.73730 0.46733
vt 0.94922 0.70703
vt 0.94932 0.67002
vt 0.96094 0.68994
vt 0.94941 0.63301
vt 0.96104 0.65293
vt 0.97266 0.67285
vt 0.94951 0.59600
vt 0.96113 0.61592
vt 0.94961 0.55900
vt 0.96123 0.57891
vt 0.97285 0.59883
vt 0.97275 0.63584
vt 0.98438 0.65576
vt 0.98447 0.61875
vt 0.99609 0.63867
vt 0.94971 0.52199
vt 0.96133 0.54191
vt 0.94981 0.48498
vt 0.96143 0.50490
vt 0.97305 0.52482
vt 0.94990 0.44797
vt 0.96152 0.46789
vt 0.96162 0.43088
vt 0.97324 0.45080
vt 0.97315 0.48781
vt 0.98477 0.50773
vt 0.98486 0.47072
vt 0.99648 0.49064
vt 0.97295 0.56182
vt 0.98467 0.54473
vt 0.99639 0.52764
vt 0.99629 0.56465
vt 0.98457 0.58174
vt 0.99619 0.60166
vt 1.00781 0.62158
vt 1.00791 0.58457
vt 1.01953 0.60449
vt 1.00801 0.54756
vt 1.00811 0.51055
vt 1.01973 0.53047
vt 1.01963 0.56748
vt 1.03125 0.58740
vt 1.03135 0.55039
vt -0.05078 0.71484
vt -0.03857 0.69677
vt -0.03857 0.73046
vt -0.02636 0.67871
vt -0.02636 0.71240
vt -0.02636 0.74609
vt -0.01416 0.66064
vt -0.01416 0.69433
vt -0.00195 0.64258
vt -0.00195 0.67627
vt -0.00195 0.70996
vt -0.01416 0.72802
vt -0.01416 0.76171
vt -0.00195 0.74365
vt -0.00195 0.77734
vt 0.01026 0.62451
vt 0.01026 0.65820
vt 0.02246 0.60644
vt 0.02246 0.64013
vt 0.02246 0.67383
vt 0.03467 0.58838
vt 0.03467 0.62207
vt 0.04688 0.57031
vt 0.04688 0.60400
vt 0.04688 0.63769
vt 0.03467 0.65576
vt 0.03467 0.68945
vt 0.04688 0.67138
vt 0.04688 0.70508
vt 0.01026 0.69189
vt 0.02246 0.70752
vt 0.03467 0.72314
vt 0.02246 0.74121
vt 0.01026 0.72558
vt 0.01026 0.75927
vt 0.01026 0.79296
vt 0.02246 0.77490
vt 0.02246 0.80859
vt 0.03467 0.75683
vt 0.04688 0.73877
vt 0.04688 0.77246
vt 0.03467 0.79052
vt 0.03467 0.82421
vt 0.04688 0.80615
vt 0.04688 0.83984
vt 0.94922 0.71094
vt 0.95996 0.72754
vt 0.93682 0.72716
vt 0.97071 0.74414
vt 0.94756 0.74376
vt 0.92441 0.74339
vt 0.98145 0.76074
vt 0.95830 0.76037
vt 0.99219 0.77735
vt 0.96905 0.77697
vt 0.94590 0.77659
vt 0.93516 0.75999
vt 0.91201 0.75961
vt 0.92276 0.77621
vt 0.89961 0.77584
vt 1.00293 0.79395
vt 0.97979 0.79357
vt 1.01367 0.81055
vt 0.99053 0.81017
vt 0.96738 0.80979
vt 1.02442 0.82715
vt 1.00127 0.82677
vt 0.97813 0.82639
vt 0.95498 0.82602
vt 0.95664 0.79319
vt 0.94424 0.80941
vt 0.93184 0.82564
vt 0.92110 0.80904
vt 0.93350 0.79281
vt 0.91035 0.79244
vt 0.88721 0.79206
vt 0.89795 0.80866
vt 0.87481 0.80828
vt 0.90869 0.82526
vt 0.88555 0.82488
vt 0.86240 0.82451
vt 0.95000 0.70648
vt 0.93750 0.72326
vt 0.93721 0.68897
vt 0.92500 0.74004
vt 0.92471 0.70575
vt 0.92441 0.67146
vt 0.91250 0.75682
vt 0.91221 0.72253
vt 0.90000 0.77360
vt 0.89971 0.73932
vt 0.89942 0.70503
vt 0.91192 0.68824
vt 0.91162 0.65395
vt 0.89912 0.67074
vt 0.89883 0.63645
vt 0.88750 0.79039
vt 0.88721 0.75610
vt 0.87500 0.80717
vt 0.87471 0.77288
vt 0.87441 0.73859
vt 0.86250 0.82395
vt 0.86221 0.78966
vt 0.86191 0.75537
vt 0.86162 0.72108
vt 0.88691 0.72181
vt 0.87412 0.70430
vt 0.86133 0.68679
vt 0.87383 0.67001
vt 0.88662 0.68752
vt 0.88633 0.65323
vt 0.88604 0.61894
vt 0.87354 0.63572
vt 0.87325 0.60143
vt 0.86104 0.65250
vt 0.86075 0.61821
vt 0.86045 0.58392
vt 0.95000 0.66954
vt 0.93721 0.65203
vt 0.95000 0.63260
vt 0.92441 0.63452
vt 0.91162 0.61701
vt 0.92441 0.59758
vt 0.93721 0.61509
vt 0.95000 0.59566
vt 0.93721 0.57815
vt 0.95000 0.55872
vt 0.89883 0.59951
vt 0.88604 0.58200
vt 0.89883 0.56257
vt 0.87325 0.56449
vt 0.88604 0.54506
vt 0.89883 0.52562
vt 0.91162 0.58007
vt 0.91162 0.54313
vt 0.91162 0.50619
vt 0.92441 0.52370
vt 0.92441 0.56064
vt 0.93721 0.54121
vt 0.95000 0.52178
vt 0.93721 0.50427
vt 0.95000 0.48484
vt 0.92441 0.48676
vt 0.93721 0.46733
vt 0.95000 0.44790
vt 0.15000 0.70648
vt 0.15000 0.66954
vt 0.16250 0.68897
vt 0.15000 0.63260
vt 0.16250 0.65203
vt 0.17500 0.67146
vt 0.15000 0.59566
vt 0.16250 0.61509
vt 0.15000 0.55872
vt 0.16250 0.57815
vt 0.17500 0.59758
vt 0.17500 0.63452
vt 0.18750 0.65395
vt 0.18750 0.61701
vt 0.20000 0.63645
vt 0.15000 0.52178
vt 0.16250 0.54121
vt 0.15000 0.48484
vt 0.16250 0.50427
vt 0.17500 0.52370
vt 0.15000 0.44790
vt 0.16250 0.46733
vt 0.17500 0.48676
vt 0.18750 0.50619
vt 0.17500 0.56064
vt 0.18750 0.54313
vt 0.20000 0.52562
vt 0.20000 0.56257
vt 0.18750 0.58007
vt 0.20000 0.59951
vt 0.21250 0.61894
vt 0.21250 0.58200
vt 0.22500 0.60143
vt 0.21250 0.54506
vt 0.22500 0.56449
vt 0.23750 0.58392
vt 0.16250 0.72326
vt 0.17500 0.70575
vt 0.17500 0.74004
vt 0.18750 0.68824
vt 0.20000 0.67074
vt 0.20000 0.70503
vt 0.18750 0.72253
vt 0.18750 0.75682
vt 0.20000 0.73932
vt 0.20000 0.77360
vt 0.21250 0.65323
vt 0.22500 0.63572
vt 0.22500 0.67001
vt 0.23750 0.61821
vt 0.23750 0.65250
vt 0.23750 0.68679
vt 0.21250 0.68752
vt 0.22500 0.70430
vt 0.23750 0.72108
vt 0.22500 0.73859
vt 0.21250 0.72181
vt 0.21250 0.75610
vt 0.21250 0.79039
vt 0.22500 0.77288
vt 0.22500 0.80717
vt 0.23750 0.75537
vt 0.23750 0.78966
vt 0.23750 0.82395
vt 0.13750 0.72326
vt 0.15000 0.74004
vt 0.12500 0.74004
vt 0.16250 0.75682
vt 0.17500 0.77360
vt 0.15000 0.77360
vt 0.13750 0.75682
vt 0.11250 0.75682
vt 0.12500 0.77360
vt 0.10000 0.77360
vt 0.18750 0.79039
vt 0.20000 0.80717
vt 0.17500 0.80717
vt 0.21250 0.82395
vt 0.22500 0.84073
vt 0.20000 0.84073
vt 0.18750 0.82395
vt 0.16250 0.82395
vt 0.17500 0.84073
vt 0.15000 0.84073
vt 0.16250 0.79039
vt 0.15000 0.80717
vt 0.13750 0.82395
vt 0.12500 0.80717
vt 0.13750 0.79039
vt 0.11250 0.79039
vt 0.08750 0.79039
vt 0.10000 0.80717
vt 0.07500 0.80717
vt 0.11250 0.82395
vt 0.12500 0.84073
vt 0.10000 0.84073
vt 0.08750 0.82395
vt 0.06250 0.82395
vt 0.07500 0.84073
vt 0.05000 0.84073
vt 0.13711 0.68897
vt 0.12461 0.70575
vt 0.12422 0.67146
vt 0.11211 0.72253
vt 0.09961 0.73932
vt 0.09922 0.70503
vt 0.11172 0.68824
vt 0.11133 0.65395
vt 0.09883 0.67074
vt 0.09844 0.63645
vt 0.08711 0.75610
vt 0.07461 0.77288
vt 0.07422 0.73859
vt 0.06211 0.78966
vt 0.04961 0.80644
vt 0.04922 0.77215
vt 0.06172 0.75537
vt 0.06133 0.72108
vt 0.04883 0.73786
vt 0.04844 0.70357
vt 0.08672 0.72181
vt 0.07383 0.70430
vt 0.06094 0.68679
vt 0.07344 0.67001
vt 0.08633 0.68752
vt 0.08594 0.65323
vt 0.08555 0.61894
vt 0.07305 0.63572
vt 0.07266 0.60143
vt 0.06055 0.65250
vt 0.04805 0.66928
vt 0.04766 0.63499
vt 0.06016 0.61821
vt 0.05977 0.58392
vt 0.04727 0.60070
vt 0.04688 0.56641
vt 0.13711 0.65203
vt 0.12422 0.63452
vt 0.11133 0.61701
vt 0.12422 0.59758
vt 0.13711 0.61509
vt 0.13711 0.57815
vt 0.09844 0.59951
vt 0.08555 0.58200
vt 0.09844 0.56257
vt 0.07266 0.56449
vt 0.05977 0.54698
vt 0.07266 0.52755
vt 0.08555 0.54506
vt 0.09844 0.52562
vt 0.08555 0.50812
vt 0.09844 0.48869
vt 0.11133 0.58007
vt 0.11133 0.54313
vt 0.11133 0.50619
vt 0.12422 0.52370
vt 0.12422 0.56064
vt 0.13711 0.54121
vt 0.13711 0.50427
vt 0.12422 0.48676
vt 0.11133 0.46925
vt 0.12422 0.44982
vt 0.13711 0.46733
vt 0.13711 0.43039
# 2104 texture verticies
vn 0.00000 0.00000 1.00000
vn 0.08865 0.00000 0.99606
vn 0.02739 0.08431 0.99606
vn 0.18100 0.00000 0.98348
vn 0.12301 0.08937 0.98837
vn 0.05593 0.17214 0.98348
vn 0.26882 0.00000 0.96319
vn 0.21354 0.08801 0.97296
vn 0.35049 0.00000 0.93657
vn 0.29896 0.08601 0.95038
vn 0.23790 0.17285 0.95579
vn 0.14970 0.17590 0.97296
vn 0.08307 0.25567 0.96319
vn 0.17419 0.25776 0.95038
vn 0.10831 0.33333 0.93657
vn 0.42490 0.00000 0.90524
vn 0.37781 0.08351 0.92211
vn 0.49164 0.00000 0.87080
vn 0.44922 0.08063 0.88978
vn 0.39669 0.16350 0.90327
vn 0.55074 0.00000 0.83468
vn 0.51301 0.07750 0.85488
vn 0.60706 0.00000 0.79466
vn 0.57171 0.07239 0.81726
vn 0.52878 0.15051 0.83531
vn 0.46538 0.15769 0.87095
vn 0.41209 0.23868 0.87933
vn 0.47968 0.23010 0.84673
vn 0.42534 0.30901 0.85065
vn 0.32068 0.16865 0.93205
vn 0.33910 0.24638 0.90791
vn 0.35433 0.31815 0.87933
vn 0.27806 0.32675 0.90328
vn 0.25949 0.25288 0.93205
vn 0.19619 0.33351 0.92211
vn 0.13130 0.40410 0.90524
vn 0.21550 0.40230 0.88978
vn 0.15192 0.46756 0.87081
vn 0.29377 0.39386 0.87096
vn 0.36706 0.38510 0.84674
vn 0.30655 0.45639 0.83531
vn 0.23223 0.46393 0.85489
vn 0.17018 0.52377 0.83469
vn 0.24554 0.52136 0.81725
vn 0.18759 0.57736 0.79465
vn -0.07172 0.05211 0.99606
vn -0.04699 0.14461 0.98837
vn -0.14643 0.10638 0.98348
vn -0.01772 0.23030 0.97296
vn 0.01058 0.31091 0.95038
vn -0.09087 0.27967 0.95579
vn -0.12103 0.19673 0.97296
vn -0.21748 0.15801 0.96319
vn -0.19131 0.24531 0.95038
vn -0.28355 0.20601 0.93657
vn 0.03732 0.38512 0.92211
vn 0.06213 0.45215 0.88978
vn -0.03291 0.42780 0.90327
vn 0.08481 0.51183 0.85489
vn 0.10780 0.56611 0.81725
vn 0.02025 0.54942 0.83530
vn -0.00616 0.49132 0.87096
vn -0.09965 0.46566 0.87933
vn -0.07060 0.52731 0.84673
vn -0.16246 0.50002 0.85064
vn -0.06129 0.35710 0.93205
vn -0.12952 0.39864 0.90791
vn -0.19309 0.43531 0.87933
vn -0.22483 0.36543 0.90328
vn -0.16031 0.32493 0.93205
vn -0.25656 0.28964 0.92211
vn -0.34375 0.24975 0.90524
vn -0.31603 0.32928 0.88977
vn -0.39775 0.28898 0.87080
vn -0.28382 0.40110 0.87096
vn -0.25283 0.46810 0.84673
vn -0.33932 0.43257 0.83531
vn -0.36947 0.36422 0.85489
vn -0.44554 0.32371 0.83469
vn -0.41997 0.39461 0.81726
vn -0.49113 0.35682 0.79465
vn -0.07172 -0.05211 0.99606
vn -0.15205 0.00000 0.98837
vn -0.14643 -0.10638 0.98348
vn -0.22449 0.05431 0.97296
vn -0.29243 0.10615 0.95038
vn -0.29406 0.00000 0.95579
vn -0.22449 -0.05431 0.97296
vn -0.21748 -0.15801 0.96319
vn -0.29243 -0.10615 0.95038
vn -0.28355 -0.20601 0.93657
vn -0.35474 0.15450 0.92211
vn -0.41082 0.19881 0.88978
vn -0.41702 0.10090 0.90328
vn -0.46057 0.23883 0.85489
vn -0.50508 0.27747 0.81726
vn -0.51626 0.18904 0.83531
vn -0.46917 0.14597 0.87096
vn -0.47366 0.04912 0.87934
vn -0.52333 0.09581 0.84673
vn -0.52575 0.00000 0.85064
vn -0.35857 0.05206 0.93205
vn -0.41915 0.00000 0.90792
vn -0.47366 -0.04912 0.87934
vn -0.41702 -0.10090 0.90328
vn -0.35857 -0.05206 0.93205
vn -0.35474 -0.15450 0.92211
vn -0.34375 -0.24975 0.90524
vn -0.41082 -0.19881 0.88978
vn -0.39775 -0.28898 0.87080
vn -0.46917 -0.14597 0.87096
vn -0.52333 -0.09581 0.84673
vn -0.51626 -0.18904 0.83531
vn -0.46057 -0.23883 0.85489
vn -0.44554 -0.32371 0.83469
vn -0.50508 -0.27747 0.81726
vn -0.49113 -0.35682 0.79465
vn 0.02739 -0.08431 0.99606
vn -0.04699 -0.14461 0.98837
vn 0.05593 -0.17214 0.98348
vn -0.12103 -0.19673 0.97296
vn -0.19131 -0.24531 0.95038
vn -0.09087 -0.27967 0.95579
vn -0.01772 -0.23030 0.97296
vn 0.08307 -0.25567 0.96319
vn 0.01058 -0.31091 0.95038
vn 0.10831 -0.33333 0.93657
vn -0.25656 -0.28964 0.92211
vn -0.31603 -0.32928 0.88977
vn -0.22483 -0.36543 0.90328
vn -0.36947 -0.36422 0.85489
vn -0.41997 -0.39461 0.81726
vn -0.33932 -0.43257 0.83531
vn -0.28382 -0.40110 0.87096
vn -0.19309 -0.43531 0.87933
vn -0.25283 -0.46810 0.84673
vn -0.16246 -0.50002 0.85064
vn -0.16031 -0.32493 0.93205
vn -0.12952 -0.39864 0.90791
vn -0.09965 -0.46566 0.87933
vn -0.03291 -0.42780 0.90327
vn -0.06129 -0.35710 0.93205
vn 0.03732 -0.38512 0.92211
vn 0.13130 -0.40410 0.90524
vn 0.06213 -0.45215 0.88978
vn 0.15192 -0.46756 0.87081
vn -0.00616 -0.49132 0.87096
vn -0.07060 -0.52731 0.84673
vn 0.02025 -0.54942 0.83530
vn 0.08481 -0.51183 0.85489
vn 0.17018 -0.52377 0.83469
vn 0.10780 -0.56611 0.81725
vn 0.18759 -0.57736 0.79465
vn 0.12301 -0.08937 0.98837
vn 0.14970 -0.17590 0.97296
vn 0.17419 -0.25776 0.95038
vn 0.23790 -0.17285 0.95579
vn 0.21354 -0.08801 0.97296
vn 0.29896 -0.08601 0.95038
vn 0.19619 -0.33351 0.92211
vn 0.21550 -0.40230 0.88978
vn 0.27806 -0.32675 0.90328
vn 0.23223 -0.46393 0.85489
vn 0.24554 -0.52136 0.81725
vn 0.30655 -0.45639 0.83531
vn 0.29377 -0.39386 0.87096
vn 0.35433 -0.31815 0.87933
vn 0.36706 -0.38510 0.84674
vn 0.42534 -0.30901 0.85065
vn 0.25949 -0.25288 0.93205
vn 0.33910 -0.24638 0.90791
vn 0.41209 -0.23868 0.87933
vn 0.39669 -0.16350 0.90327
vn 0.32068 -0.16865 0.93205
vn 0.37781 -0.08351 0.92211
vn 0.44922 -0.08063 0.88978
vn 0.46538 -0.15769 0.87095
vn 0.47968 -0.23010 0.84673
vn 0.52878 -0.15051 0.83531
vn 0.51301 -0.07750 0.85488
vn 0.57171 -0.07239 0.81726
vn 0.72361 0.52573 0.44722
vn 0.75283 0.54697 0.36617
vn 0.68111 0.59907 0.42095
vn 0.77713 0.56463 0.27795
vn 0.70717 0.62424 0.33201
vn 0.63072 0.67100 0.38982
vn 0.79423 0.57705 0.19029
vn 0.72957 0.63887 0.24410
vn 0.80452 0.58450 0.10538
vn 0.74530 0.64782 0.15763
vn 0.67608 0.70488 0.21462
vn 0.65482 0.69317 0.30122
vn 0.57674 0.73506 0.35645
vn 0.59923 0.75397 0.26918
vn 0.52096 0.79053 0.32197
vn 0.80877 0.58760 0.02480
vn 0.75485 0.65166 0.07447
vn 0.80799 0.58704 -0.05032
vn 0.75897 0.65112 -0.00390
vn 0.70104 0.71143 0.04913
vn 0.80324 0.58359 -0.11930
vn 0.75864 0.64700 -0.07652
vn 0.79465 0.57736 -0.18759
vn 0.75566 0.63852 -0.14586
vn 0.70728 0.69992 -0.09937
vn 0.70591 0.70779 -0.02676
vn 0.64509 0.76371 0.02466
vn 0.65101 0.75740 -0.05039
vn 0.58777 0.80903 -0.00002
vn 0.69133 0.71074 0.13004
vn 0.63485 0.76578 0.10274
vn 0.57746 0.81284 0.07630
vn 0.56218 0.81231 0.15525
vn 0.61970 0.76278 0.18476
vn 0.54221 0.80615 0.23692
vn 0.46502 0.83735 0.28740
vn 0.48534 0.84991 0.20517
vn 0.41026 0.87601 0.25355
vn 0.50500 0.85377 0.12671
vn 0.51914 0.85320 0.05035
vn 0.44710 0.88895 0.09936
vn 0.42993 0.88582 0.17460
vn 0.35767 0.90731 0.22106
vn 0.37374 0.91599 0.14587
vn 0.30352 0.93418 0.18760
vn 0.66417 0.54697 0.50960
vn 0.61321 0.62424 0.48404
vn 0.59617 0.56462 0.57077
vn 0.56226 0.69317 0.45097
vn 0.50875 0.75396 0.41558
vn 0.49432 0.70487 0.50873
vn 0.54461 0.63887 0.54337
vn 0.52541 0.57705 0.62527
vn 0.47427 0.64785 0.59612
vn 0.45403 0.58452 0.67245
vn 0.45439 0.80615 0.37902
vn 0.40057 0.84991 0.34234
vn 0.39027 0.81231 0.43341
vn 0.34842 0.88583 0.30645
vn 0.29761 0.91599 0.26906
vn 0.28882 0.88895 0.35545
vn 0.33917 0.85377 0.39502
vn 0.32650 0.81283 0.48239
vn 0.27720 0.85320 0.44182
vn 0.26285 0.80903 0.52572
vn 0.44238 0.76278 0.47166
vn 0.37580 0.76578 0.52188
vn 0.31057 0.76371 0.56594
vn 0.35748 0.71143 0.60504
vn 0.42548 0.71073 0.56020
vn 0.40420 0.65167 0.64183
vn 0.38388 0.58761 0.71228
vn 0.33596 0.65111 0.68058
vn 0.31635 0.58704 0.74519
vn 0.29178 0.70779 0.64335
vn 0.24608 0.75741 0.60480
vn 0.22740 0.69990 0.67708
vn 0.27082 0.64700 0.71277
vn 0.25249 0.58360 0.77179
vn 0.20746 0.63852 0.74111
vn 0.72543 0.46267 0.50959
vn 0.66018 0.47966 0.57800
vn 0.72120 0.39250 0.57080
vn 0.59090 0.49644 0.63592
vn 0.51951 0.50862 0.68660
vn 0.58520 0.42517 0.69048
vn 0.65474 0.40856 0.63592
vn 0.71116 0.32136 0.62529
vn 0.64427 0.33689 0.68660
vn 0.69621 0.25119 0.67246
vn 0.44811 0.51650 0.72968
vn 0.37835 0.52061 0.76539
vn 0.44344 0.44690 0.77695
vn 0.31159 0.52157 0.79428
vn 0.37467 0.45265 0.80915
vn 0.43603 0.37751 0.81692
vn 0.51413 0.43787 0.73753
vn 0.50534 0.36715 0.78092
vn 0.49376 0.29802 0.81694
vn 0.56206 0.28363 0.77695
vn 0.57533 0.35366 0.73751
vn 0.62973 0.26657 0.72965
vn 0.67747 0.18354 0.71228
vn 0.61207 0.19897 0.76537
vn 0.65607 0.11946 0.74518
vn 0.54626 0.21646 0.80916
vn 0.59232 0.13515 0.79429
vn 0.63305 0.05977 0.77180
vn 0.78022 0.46266 0.42095
vn 0.78319 0.39029 0.48403
vn 0.83307 0.39250 0.38980
vn 0.77589 0.32052 0.54338
vn 0.76268 0.25088 0.59614
vn 0.82312 0.25232 0.50873
vn 0.83300 0.32053 0.45098
vn 0.87731 0.32137 0.35644
vn 0.87428 0.25087 0.41557
vn 0.91282 0.25118 0.32197
vn 0.74466 0.18305 0.64185
vn 0.72306 0.11831 0.68058
vn 0.78707 0.12013 0.60505
vn 0.69902 0.05761 0.71278
vn 0.67138 0.00000 0.74112
vn 0.73592 0.00000 0.67707
vn 0.76331 0.05876 0.64335
vn 0.82230 0.05935 0.56595
vn 0.79637 0.00000 0.60481
vn 0.85065 0.00000 0.52573
vn 0.80743 0.18503 0.56020
vn 0.84443 0.12076 0.52188
vn 0.87394 0.05934 0.48239
vn 0.89316 0.12014 0.43339
vn 0.86215 0.18502 0.47166
vn 0.90712 0.18303 0.37900
vn 0.94007 0.18350 0.28740
vn 0.93209 0.11833 0.34234
vn 0.95991 0.11949 0.25355
vn 0.91680 0.05875 0.39501
vn 0.89711 0.00000 0.44181
vn 0.93470 0.00000 0.35545
vn 0.95014 0.05764 0.30646
vn 0.97343 0.05980 0.22104
vn 0.96312 0.00000 0.26906
vn 0.98225 0.00000 0.18758
vn 0.81222 0.47965 0.33201
vn 0.86160 0.40855 0.30122
vn 0.90223 0.33691 0.26922
vn 0.87930 0.42517 0.21464
vn 0.83304 0.49644 0.24411
vn 0.84643 0.50864 0.15760
vn 0.93425 0.26654 0.23693
vn 0.95829 0.19894 0.20517
vn 0.94629 0.28363 0.15524
vn 0.97533 0.13514 0.17458
vn 0.98665 0.07241 0.14586
vn 0.98360 0.15049 0.09939
vn 0.96803 0.21645 0.12674
vn 0.95150 0.29804 0.07631
vn 0.97187 0.23008 0.05036
vn 0.95105 0.30903 0.00000
vn 0.91695 0.35365 0.18475
vn 0.92448 0.36714 0.10273
vn 0.92568 0.37751 0.02464
vn 0.89324 0.44689 0.04915
vn 0.88958 0.43788 0.13001
vn 0.85303 0.51652 0.07448
vn 0.85378 0.52062 -0.00388
vn 0.89129 0.45264 -0.02675
vn 0.92150 0.38510 -0.05036
vn 0.88422 0.45638 -0.09939
vn 0.84976 0.52159 -0.07653
vn 0.84077 0.52137 -0.14585
vn -0.27639 0.85065 0.44721
vn -0.28755 0.88500 0.36618
vn -0.35924 0.83291 0.42096
vn -0.29684 0.91358 0.27797
vn -0.37516 0.86547 0.33200
vn -0.44326 0.80720 0.38980
vn -0.30338 0.93368 0.19029
vn -0.38214 0.89128 0.24411
vn -0.30730 0.94576 0.10538
vn -0.38581 0.90902 0.15760
vn -0.46144 0.86082 0.21463
vn -0.45689 0.83697 0.30122
vn -0.52085 0.77566 0.35645
vn -0.53188 0.80289 0.26920
vn -0.59085 0.73975 0.32198
vn -0.30893 0.95076 0.02481
vn -0.38652 0.91927 0.07448
vn -0.30863 0.94985 -0.05030
vn -0.38472 0.92302 -0.00388
vn -0.45997 0.88658 0.04914
vn -0.30680 0.94426 -0.11933
vn -0.38090 0.92144 -0.07651
vn -0.30352 0.93418 -0.18760
vn -0.37374 0.91599 -0.14587
vn -0.44710 0.88895 -0.09936
vn -0.45502 0.89008 -0.02674
vn -0.52699 0.84952 0.02465
vn -0.51914 0.85320 -0.05035
vn -0.58777 0.80903 0.00002
vn -0.46230 0.87714 0.13001
vn -0.53212 0.84041 0.10271
vn -0.59461 0.80039 0.07630
vn -0.59886 0.78567 0.15521
vn -0.53395 0.82509 0.18474
vn -0.59915 0.76478 0.23691
vn -0.65267 0.70101 0.28740
vn -0.65835 0.72422 0.20514
vn -0.70638 0.66086 0.25355
vn -0.65592 0.74412 0.12671
vn -0.65101 0.75740 0.05039
vn -0.70728 0.69992 0.09937
vn -0.70961 0.68262 0.17458
vn -0.75236 0.62055 0.22107
vn -0.75566 0.63852 0.14586
vn -0.79465 0.57736 0.18759
vn -0.31493 0.80071 0.50958
vn -0.40420 0.77610 0.48404
vn -0.35276 0.74145 0.57079
vn -0.48551 0.74893 0.45098
vn -0.55984 0.71685 0.41558
vn -0.51761 0.68795 0.50873
vn -0.43932 0.71536 0.54338
vn -0.38645 0.67799 0.62529
vn -0.46957 0.65126 0.59613
vn -0.41560 0.61244 0.67245
vn -0.62628 0.68126 0.37901
vn -0.68455 0.64357 0.34235
vn -0.65198 0.62216 0.43340
vn -0.73480 0.60510 0.30646
vn -0.77916 0.56613 0.26907
vn -0.75617 0.54942 0.35544
vn -0.70716 0.58641 0.39502
vn -0.67215 0.56173 0.48237
vn -0.72577 0.52732 0.44181
vn -0.68819 0.50001 0.52572
vn -0.58874 0.65645 0.47166
vn -0.61218 0.59404 0.52187
vn -0.63038 0.53136 0.56593
vn -0.56612 0.55984 0.60505
vn -0.54444 0.62430 0.56020
vn -0.49484 0.58581 0.64184
vn -0.44023 0.54668 0.71228
vn -0.51540 0.52072 0.68060
vn -0.46056 0.48228 0.74518
vn -0.58299 0.49620 0.64336
vn -0.64428 0.46809 0.60481
vn -0.59537 0.43255 0.67708
vn -0.53163 0.45749 0.71279
vn -0.47701 0.42047 0.77179
vn -0.54315 0.39462 0.74112
vn -0.21586 0.83291 0.50958
vn -0.25217 0.77610 0.57800
vn -0.15043 0.80720 0.57079
vn -0.28954 0.71537 0.63594
vn -0.32319 0.65126 0.68659
vn -0.22353 0.68794 0.69048
vn -0.18625 0.74893 0.63593
vn -0.08588 0.77566 0.62528
vn -0.12134 0.71685 0.68659
vn -0.02375 0.73976 0.67245
vn -0.35277 0.58581 0.72964
vn -0.37823 0.52071 0.76538
vn -0.28799 0.55983 0.77695
vn -0.39976 0.45750 0.79428
vn -0.31471 0.49620 0.80916
vn -0.22428 0.53134 0.81693
vn -0.25757 0.62430 0.73750
vn -0.19301 0.59406 0.78092
vn -0.13085 0.56171 0.81692
vn -0.09607 0.62218 0.77696
vn -0.15857 0.65645 0.73751
vn -0.05894 0.68127 0.72965
vn 0.03481 0.70104 0.71227
vn -0.00009 0.64356 0.76539
vn 0.08913 0.66087 0.74519
vn -0.03706 0.58643 0.80915
vn 0.05449 0.60509 0.79429
vn 0.13876 0.62055 0.77179
vn -0.19893 0.88500 0.42095
vn -0.12917 0.86546 0.48403
vn -0.11587 0.91357 0.38982
vn -0.06510 0.83697 0.54337
vn -0.00290 0.80288 0.59614
vn 0.01440 0.86082 0.50871
vn -0.04745 0.89128 0.45096
vn -0.03452 0.93367 0.35646
vn 0.03157 0.90902 0.41556
vn 0.04318 0.94576 0.32199
vn 0.05602 0.76479 0.64184
vn 0.11093 0.72423 0.68058
vn 0.12897 0.78568 0.60504
vn 0.16121 0.68262 0.71277
vn 0.17999 0.74412 0.64335
vn 0.19766 0.80040 0.56594
vn 0.07355 0.82508 0.56021
vn 0.14610 0.84042 0.52187
vn 0.21362 0.84951 0.48238
vn 0.16176 0.88657 0.43339
vn 0.09047 0.87713 0.47165
vn 0.10624 0.91927 0.37902
vn 0.11597 0.95076 0.28741
vn 0.17552 0.92303 0.34236
vn 0.18302 0.94985 0.25355
vn 0.22742 0.89008 0.39502
vn 0.23879 0.92144 0.30647
vn 0.24395 0.94426 0.22105
vn -0.20521 0.92068 0.33202
vn -0.12231 0.94568 0.30122
vn -0.04161 0.96218 0.26920
vn -0.13265 0.96765 0.21462
vn -0.21472 0.94568 0.24410
vn -0.22217 0.96219 0.15761
vn 0.03519 0.97089 0.23693
vn 0.10692 0.97287 0.20514
vn 0.02268 0.98762 0.15522
vn 0.17285 0.96935 0.17458
vn 0.23603 0.96073 0.14587
vn 0.16081 0.98197 0.09938
vn 0.09327 0.98754 0.12673
vn 0.01057 0.99703 0.07633
vn 0.08150 0.99540 0.05037
vn 0.00000 1.00000 0.00000
vn -0.05301 0.98135 0.18475
vn -0.06348 0.99268 0.10271
vn -0.07300 0.99703 0.02468
vn -0.14897 0.98762 0.04914
vn -0.14155 0.98135 0.13004
vn -0.22765 0.97089 0.07449
vn -0.23130 0.97287 -0.00389
vn -0.15506 0.98754 -0.02675
vn -0.08150 0.99540 -0.05037
vn -0.16081 0.98197 -0.09938
vn -0.23345 0.96935 -0.07653
vn -0.23603 0.96073 -0.14587
vn -0.89442 0.00000 0.44722
vn -0.93054 0.00000 0.36619
vn -0.90315 -0.08429 0.42097
vn -0.96059 0.00000 0.27796
vn -0.93903 -0.08935 0.33202
vn -0.90466 -0.17214 0.38982
vn -0.98173 0.00000 0.19029
vn -0.96575 -0.08803 0.24410
vn -0.99443 0.00000 0.10536
vn -0.98375 -0.08605 0.15760
vn -0.96128 -0.17287 0.21460
vn -0.93719 -0.17591 0.30122
vn -0.89864 -0.25567 0.35648
vn -0.92795 -0.25775 0.26919
vn -0.88612 -0.33333 0.32199
vn -0.99969 0.00000 0.02480
vn -0.99372 -0.08353 0.07448
vn -0.99873 0.00000 -0.05031
vn -0.99674 -0.08063 -0.00388
vn -0.98532 -0.16348 0.04916
vn -0.99285 0.00000 -0.11933
vn -0.99405 -0.07751 -0.07655
vn -0.98225 0.00000 -0.18758
vn -0.98665 -0.07241 -0.14586
vn -0.98360 -0.15049 -0.09939
vn -0.98713 -0.15769 -0.02676
vn -0.97078 -0.23869 0.02465
vn -0.97187 -0.23008 -0.05036
vn -0.95105 -0.30903 0.00000
vn -0.97706 -0.16864 0.13003
vn -0.96372 -0.24635 0.10275
vn -0.94495 -0.31819 0.07629
vn -0.93227 -0.32675 0.15525
vn -0.94970 -0.25284 0.18475
vn -0.91250 -0.33349 0.23691
vn -0.86839 -0.40411 0.28740
vn -0.89221 -0.40233 0.20516
vn -0.84682 -0.46756 0.25355
vn -0.91038 -0.39388 0.12672
vn -0.92150 -0.38510 0.05036
vn -0.88422 -0.45638 0.09939
vn -0.86850 -0.46393 0.17459
vn -0.82267 -0.52378 0.22105
vn -0.84077 -0.52137 0.14585
vn -0.79465 -0.57736 0.18759
vn -0.85884 -0.05210 0.50959
vn -0.86302 -0.14460 0.48404
vn -0.81418 -0.10638 0.57078
vn -0.86231 -0.23031 0.45097
vn -0.85477 -0.31090 0.41558
vn -0.81424 -0.27969 0.50871
vn -0.81612 -0.19673 0.54336
vn -0.76423 -0.15802 0.62528
vn -0.76449 -0.24532 0.59614
vn -0.71089 -0.20600 0.67246
vn -0.84145 -0.38511 0.37902
vn -0.82363 -0.45215 0.34234
vn -0.79319 -0.42779 0.43340
vn -0.80256 -0.51185 0.30646
vn -0.77916 -0.56613 0.26907
vn -0.75617 -0.54942 0.35544
vn -0.77623 -0.49134 0.39502
vn -0.74193 -0.46567 0.48238
vn -0.72577 -0.52732 0.44181
vn -0.68819 -0.50001 0.52572
vn -0.80626 -0.35707 0.47165
vn -0.75414 -0.39865 0.52187
vn -0.70015 -0.43531 0.56594
vn -0.70737 -0.36543 0.60506
vn -0.76198 -0.32491 0.56020
vn -0.71004 -0.28962 0.64184
vn -0.65595 -0.24974 0.71229
vn -0.65450 -0.32929 0.68059
vn -0.60098 -0.28899 0.74519
vn -0.65207 -0.40112 0.64336
vn -0.64428 -0.46809 0.60481
vn -0.59537 -0.43255 0.67708
vn -0.59939 -0.36424 0.71279
vn -0.54730 -0.32373 0.77179
vn -0.54315 -0.39462 0.74112
vn -0.85884 0.05210 0.50959
vn -0.81605 0.00000 0.57798
vn -0.81418 0.10638 0.57078
vn -0.76983 -0.05430 0.63594
vn -0.71924 -0.10612 0.68661
vn -0.72333 0.00000 0.69050
vn -0.76983 0.05430 0.63594
vn -0.76423 0.15802 0.62528
vn -0.71924 0.10612 0.68661
vn -0.71089 0.20600 0.67246
vn -0.66613 -0.15447 0.72966
vn -0.61210 -0.19879 0.76539
vn -0.62142 -0.10091 0.77695
vn -0.55865 -0.23881 0.79428
vn -0.56918 -0.14597 0.80915
vn -0.57465 -0.04913 0.81693
vn -0.67333 -0.05204 0.73751
vn -0.62463 0.00000 0.78092
vn -0.57465 0.04913 0.81693
vn -0.62142 0.10091 0.77695
vn -0.67333 0.05204 0.73751
vn -0.66613 0.15447 0.72966
vn -0.65595 0.24974 0.71229
vn -0.61210 0.19879 0.76539
vn -0.60098 0.28899 0.74519
vn -0.56918 0.14597 0.80915
vn -0.55865 0.23881 0.79428
vn -0.54730 0.32373 0.77179
vn -0.90315 0.08429 0.42097
vn -0.86302 0.14460 0.48404
vn -0.90466 0.17214 0.38982
vn -0.81612 0.19673 0.54336
vn -0.76449 0.24532 0.59614
vn -0.81424 0.27969 0.50871
vn -0.86231 0.23031 0.45097
vn -0.89864 0.25567 0.35648
vn -0.85477 0.31090 0.41558
vn -0.88612 0.33333 0.32199
vn -0.71004 0.28962 0.64184
vn -0.65450 0.32929 0.68059
vn -0.70737 0.36543 0.60506
vn -0.59939 0.36424 0.71279
vn -0.65207 0.40112 0.64336
vn -0.70015 0.43531 0.56594
vn -0.76198 0.32491 0.56020
vn -0.75414 0.39865 0.52187
vn -0.74193 0.46567 0.48238
vn -0.79319 0.42779 0.43340
vn -0.80626 0.35707 0.47165
vn -0.84145 0.38511 0.37902
vn -0.86839 0.40411 0.28740
vn -0.82363 0.45215 0.34234
vn -0.84682 0.46756 0.25355
vn -0.77623 0.49134 0.39502
vn -0.80256 0.51185 0.30646
vn -0.82267 0.52378 0.22105
vn -0.93903 0.08935 0.33202
vn -0.93719 0.17591 0.30122
vn -0.92795 0.25775 0.26919
vn -0.96128 0.17287 0.21460
vn -0.96575 0.08803 0.24410
vn -0.98375 0.08605 0.15760
vn -0.91250 0.33349 0.23691
vn -0.89221 0.40233 0.20516
vn -0.93227 0.32675 0.15525
vn -0.86850 0.46393 0.17459
vn -0.84077 0.52137 0.14585
vn -0.88422 0.45638 0.09939
vn -0.91038 0.39388 0.12672
vn -0.94495 0.31819 0.07629
vn -0.92150 0.38510 0.05036
vn -0.95105 0.30903 0.00000
vn -0.94970 0.25284 0.18475
vn -0.96372 0.24635 0.10275
vn -0.97078 0.23869 0.02465
vn -0.98532 0.16348 0.04916
vn -0.97706 0.16864 0.13003
vn -0.99372 0.08353 0.07448
vn -0.99674 0.08063 -0.00388
vn -0.98713 0.15769 -0.02676
vn -0.97187 0.23008 -0.05036
vn -0.98360 0.15049 -0.09939
vn -0.99405 0.07751 -0.07655
vn -0.98665 0.07241 -0.14586
vn -0.27639 -0.85065 0.44721
vn -0.28755 -0.88500 0.36618
vn -0.19893 -0.88500 0.42095
vn -0.29684 -0.91358 0.27797
vn -0.20521 -0.92068 0.33202
vn -0.11587 -0.91357 0.38982
vn -0.30338 -0.93368 0.19029
vn -0.21472 -0.94568 0.24410
vn -0.30730 -0.94576 0.10538
vn -0.22217 -0.96219 0.15761
vn -0.13265 -0.96765 0.21462
vn -0.12231 -0.94568 0.30122
vn -0.03452 -0.93367 0.35646
vn -0.04161 -0.96218 0.26920
vn 0.04318 -0.94576 0.32199
vn -0.30893 -0.95076 0.02481
vn -0.22765 -0.97089 0.07449
vn -0.30863 -0.94985 -0.05030
vn -0.23130 -0.97287 -0.00389
vn -0.14897 -0.98762 0.04914
vn -0.30680 -0.94426 -0.11933
vn -0.23345 -0.96935 -0.07653
vn -0.30352 -0.93418 -0.18760
vn -0.23603 -0.96073 -0.14587
vn -0.16081 -0.98197 -0.09938
vn -0.15506 -0.98754 -0.02675
vn -0.07300 -0.99703 0.02468
vn -0.08150 -0.99540 -0.05037
vn 0.00000 -1.00000 0.00000
vn -0.14155 -0.98135 0.13004
vn -0.06348 -0.99268 0.10271
vn 0.01057 -0.99703 0.07633
vn 0.02268 -0.98762 0.15522
vn -0.05301 -0.98135 0.18475
vn 0.03519 -0.97089 0.23693
vn 0.11597 -0.95076 0.28741
vn 0.10692 -0.97287 0.20514
vn 0.18302 -0.94985 0.25355
vn 0.09327 -0.98754 0.12673
vn 0.08150 -0.99540 0.05037
vn 0.16081 -0.98197 0.09938
vn 0.17285 -0.96935 0.17458
vn 0.24395 -0.94426 0.22105
vn 0.23603 -0.96073 0.14587
vn 0.30352 -0.93418 0.18760
vn -0.21586 -0.83291 0.50958
vn -0.12917 -0.86546 0.48403
vn -0.15043 -0.80720 0.57079
vn -0.04745 -0.89128 0.45096
vn 0.03157 -0.90902 0.41556
vn 0.01440 -0.86082 0.50871
vn -0.06510 -0.83697 0.54337
vn -0.08588 -0.77566 0.62528
vn -0.00290 -0.80288 0.59614
vn -0.02375 -0.73976 0.67245
vn 0.10624 -0.91927 0.37902
vn 0.17552 -0.92303 0.34236
vn 0.16176 -0.88657 0.43339
vn 0.23879 -0.92144 0.30647
vn 0.29761 -0.91599 0.26906
vn 0.28882 -0.88895 0.35545
vn 0.22742 -0.89008 0.39502
vn 0.21362 -0.84951 0.48238
vn 0.27720 -0.85320 0.44182
vn 0.26285 -0.80903 0.52572
vn 0.09047 -0.87713 0.47165
vn 0.14610 -0.84042 0.52187
vn 0.19766 -0.80040 0.56594
vn 0.12897 -0.78568 0.60504
vn 0.07355 -0.82508 0.56021
vn 0.05602 -0.76479 0.64184
vn 0.03481 -0.70104 0.71227
vn 0.11093 -0.72423 0.68058
vn 0.08913 -0.66087 0.74519
vn 0.17999 -0.74412 0.64335
vn 0.24608 -0.75741 0.60480
vn 0.22740 -0.69990 0.67708
vn 0.16121 -0.68262 0.71277
vn 0.13876 -0.62055 0.77179
vn 0.20746 -0.63852 0.74111
vn -0.31493 -0.80071 0.50958
vn -0.25217 -0.77610 0.57800
vn -0.35276 -0.74145 0.57079
vn -0.18625 -0.74893 0.63593
vn -0.12134 -0.71685 0.68659
vn -0.22353 -0.68794 0.69048
vn -0.28954 -0.71537 0.63594
vn -0.38645 -0.67799 0.62529
vn -0.32319 -0.65126 0.68659
vn -0.41560 -0.61244 0.67245
vn -0.05894 -0.68127 0.72965
vn -0.00009 -0.64356 0.76539
vn -0.09607 -0.62218 0.77696
vn 0.05449 -0.60509 0.79429
vn -0.03706 -0.58643 0.80915
vn -0.13085 -0.56171 0.81692
vn -0.15857 -0.65645 0.73751
vn -0.19301 -0.59406 0.78092
vn -0.22428 -0.53134 0.81693
vn -0.28799 -0.55983 0.77695
vn -0.25757 -0.62430 0.73750
vn -0.35277 -0.58581 0.72964
vn -0.44023 -0.54668 0.71228
vn -0.37823 -0.52071 0.76538
vn -0.46056 -0.48228 0.74518
vn -0.31471 -0.49620 0.80916
vn -0.39976 -0.45750 0.79428
vn -0.47701 -0.42047 0.77179
vn -0.35924 -0.83291 0.42096
vn -0.40420 -0.77610 0.48404
vn -0.44326 -0.80720 0.38980
vn -0.43932 -0.71536 0.54338
vn -0.46957 -0.65126 0.59613
vn -0.51761 -0.68795 0.50873
vn -0.48551 -0.74893 0.45098
vn -0.52085 -0.77566 0.35645
vn -0.55984 -0.71685 0.41558
vn -0.59085 -0.73975 0.32198
vn -0.49484 -0.58581 0.64184
vn -0.51540 -0.52072 0.68060
vn -0.56612 -0.55984 0.60505
vn -0.53163 -0.45749 0.71279
vn -0.58299 -0.49620 0.64336
vn -0.63038 -0.53136 0.56593
vn -0.54444 -0.62430 0.56020
vn -0.61218 -0.59404 0.52187
vn -0.67215 -0.56173 0.48237
vn -0.65198 -0.62216 0.43340
vn -0.58874 -0.65645 0.47166
vn -0.62628 -0.68126 0.37901
vn -0.65267 -0.70101 0.28740
vn -0.68455 -0.64357 0.34235
vn -0.70638 -0.66086 0.25355
vn -0.70716 -0.58641 0.39502
vn -0.73480 -0.60510 0.30646
vn -0.75236 -0.62055 0.22107
vn -0.37516 -0.86547 0.33200
vn -0.45689 -0.83697 0.30122
vn -0.53188 -0.80289 0.26920
vn -0.46144 -0.86082 0.21463
vn -0.38214 -0.89128 0.24411
vn -0.38581 -0.90902 0.15760
vn -0.59915 -0.76478 0.23691
vn -0.65835 -0.72422 0.20514
vn -0.59886 -0.78567 0.15521
vn -0.70961 -0.68262 0.17458
vn -0.75566 -0.63852 0.14586
vn -0.70728 -0.69992 0.09937
vn -0.65592 -0.74412 0.12671
vn -0.59461 -0.80039 0.07630
vn -0.65101 -0.75740 0.05039
vn -0.58777 -0.80903 0.00002
vn -0.53395 -0.82509 0.18474
vn -0.53212 -0.84041 0.10271
vn -0.52699 -0.84951 0.02465
vn -0.45997 -0.88658 0.04914
vn -0.46230 -0.87714 0.13001
vn -0.38652 -0.91927 0.07448
vn -0.38472 -0.92302 -0.00388
vn -0.45502 -0.89008 -0.02674
vn -0.51914 -0.85320 -0.05035
vn -0.44710 -0.88895 -0.09936
vn -0.38090 -0.92144 -0.07651
vn -0.37374 -0.91599 -0.14587
vn 0.72361 -0.52573 0.44722
vn 0.75283 -0.54697 0.36617
vn 0.78022 -0.46266 0.42095
vn 0.77713 -0.56463 0.27795
vn 0.81222 -0.47965 0.33201
vn 0.83307 -0.39250 0.38980
vn 0.79423 -0.57705 0.19029
vn 0.83304 -0.49644 0.24411
vn 0.80452 -0.58450 0.10538
vn 0.84643 -0.50864 0.15760
vn 0.87930 -0.42517 0.21464
vn 0.86160 -0.40855 0.30122
vn 0.87731 -0.32137 0.35644
vn 0.90223 -0.33691 0.26922
vn 0.91282 -0.25118 0.32197
vn 0.80877 -0.58760 0.02480
vn 0.85303 -0.51652 0.07448
vn 0.80799 -0.58704 -0.05032
vn 0.85378 -0.52062 -0.00388
vn 0.89324 -0.44689 0.04915
vn 0.80324 -0.58359 -0.11930
vn 0.84976 -0.52159 -0.07653
vn 0.79465 -0.57736 -0.18759
vn 0.84077 -0.52137 -0.14585
vn 0.88422 -0.45638 -0.09939
vn 0.89129 -0.45264 -0.02675
vn 0.92568 -0.37751 0.02464
vn 0.92150 -0.38510 -0.05036
vn 0.95105 -0.30903 0.00000
vn 0.88958 -0.43788 0.13001
vn 0.92448 -0.36714 0.10273
vn 0.95150 -0.29804 0.07631
vn 0.94629 -0.28363 0.15524
vn 0.91695 -0.35365 0.18475
vn 0.93425 -0.26654 0.23693
vn 0.94007 -0.18350 0.28740
vn 0.95829 -0.19894 0.20517
vn 0.95991 -0.11949 0.25355
vn 0.96803 -0.21645 0.12674
vn 0.97187 -0.23008 0.05036
vn 0.98360 -0.15049 0.09939
vn 0.97533 -0.13514 0.17458
vn 0.97343 -0.05980 0.22104
vn 0.98665 -0.07241 0.14586
vn 0.72543 -0.46267 0.50959
vn 0.78319 -0.39029 0.48403
vn 0.72120 -0.39250 0.57080
vn 0.83300 -0.32053 0.45098
vn 0.87428 -0.25087 0.41557
vn 0.82312 -0.25232 0.50873
vn 0.77589 -0.32051 0.54338
vn 0.71116 -0.32136 0.62529
vn 0.76268 -0.25088 0.59614
vn 0.69621 -0.25119 0.67246
vn 0.90712 -0.18303 0.37900
vn 0.93209 -0.11833 0.34234
vn 0.89316 -0.12014 0.43339
vn 0.95014 -0.05764 0.30646
vn 0.91680 -0.05875 0.39501
vn 0.87394 -0.05934 0.48239
vn 0.86215 -0.18502 0.47166
vn 0.84443 -0.12076 0.52188
vn 0.82230 -0.05935 0.56595
vn 0.78707 -0.12013 0.60505
vn 0.80743 -0.18503 0.56020
vn 0.74466 -0.18305 0.64185
vn 0.67747 -0.18354 0.71228
vn 0.72306 -0.11831 0.68058
vn 0.65607 -0.11946 0.74518
vn 0.76331 -0.05876 0.64335
vn 0.69902 -0.05761 0.71278
vn 0.63305 -0.05977 0.77180
vn 0.66417 -0.54697 0.50960
vn 0.66018 -0.47966 0.57800
vn 0.59617 -0.56462 0.57077
vn 0.65474 -0.40856 0.63592
vn 0.64427 -0.33689 0.68660
vn 0.58520 -0.42517 0.69048
vn 0.59090 -0.49644 0.63592
vn 0.52541 -0.57705 0.62527
vn 0.51951 -0.50862 0.68660
vn 0.45403 -0.58452 0.67245
vn 0.62973 -0.26657 0.72965
vn 0.61207 -0.19897 0.76537
vn 0.56206 -0.28363 0.77695
vn 0.59232 -0.13515 0.79429
vn 0.54626 -0.21646 0.80916
vn 0.49376 -0.29802 0.81694
vn 0.57533 -0.35366 0.73751
vn 0.50534 -0.36715 0.78092
vn 0.43603 -0.37751 0.81692
vn 0.44344 -0.44690 0.77695
vn 0.51413 -0.43787 0.73753
vn 0.44811 -0.51650 0.72968
vn 0.38388 -0.58761 0.71228
vn 0.37835 -0.52061 0.76539
vn 0.31635 -0.58704 0.74519
vn 0.37467 -0.45265 0.80915
vn 0.31159 -0.52157 0.79428
vn 0.25249 -0.58360 0.77179
vn 0.68111 -0.59907 0.42095
vn 0.61321 -0.62424 0.48404
vn 0.63072 -0.67100 0.38982
vn 0.54461 -0.63887 0.54337
vn 0.47427 -0.64785 0.59612
vn 0.49432 -0.70487 0.50873
vn 0.56226 -0.69317 0.45097
vn 0.57674 -0.73506 0.35645
vn 0.50875 -0.75396 0.41558
vn 0.52096 -0.79053 0.32197
vn 0.40420 -0.65167 0.64183
vn 0.33596 -0.65111 0.68058
vn 0.35748 -0.71143 0.60504
vn 0.27082 -0.64700 0.71278
vn 0.29178 -0.70779 0.64335
vn 0.31057 -0.76371 0.56594
vn 0.42548 -0.71073 0.56020
vn 0.37580 -0.76578 0.52188
vn 0.32650 -0.81283 0.48239
vn 0.39027 -0.81231 0.43341
vn 0.44238 -0.76278 0.47166
vn 0.45439 -0.80615 0.37902
vn 0.46502 -0.83735 0.28740
vn 0.40057 -0.84991 0.34234
vn 0.41026 -0.87601 0.25355
vn 0.33917 -0.85377 0.39502
vn 0.34842 -0.88583 0.30645
vn 0.35767 -0.90731 0.22106
vn 0.70717 -0.62424 0.33201
vn 0.65482 -0.69317 0.30122
vn 0.59923 -0.75397 0.26918
vn 0.67608 -0.70488 0.21462
vn 0.72957 -0.63887 0.24410
vn 0.74530 -0.64782 0.15763
vn 0.54221 -0.80615 0.23692
vn 0.48534 -0.84991 0.20517
vn 0.56218 -0.81231 0.15525
vn 0.42993 -0.88582 0.17460
vn 0.37374 -0.91599 0.14587
vn 0.44710 -0.88895 0.09936
vn 0.50500 -0.85377 0.12671
vn 0.57746 -0.81284 0.07630
vn 0.51914 -0.85320 0.05035
vn 0.58777 -0.80903 -0.00002
vn 0.61970 -0.76278 0.18476
vn 0.63485 -0.76578 0.10274
vn 0.64509 -0.76371 0.02466
vn 0.70104 -0.71143 0.04913
vn 0.69133 -0.71074 0.13004
vn 0.75485 -0.65166 0.07447
vn 0.75897 -0.65112 -0.00390
vn 0.70591 -0.70779 -0.02676
vn 0.65101 -0.75740 -0.05039
vn 0.70728 -0.69992 -0.09937
vn 0.75864 -0.64700 -0.07652
vn 0.75566 -0.63852 -0.14586
vn 0.00000 0.00000 -1.00000
vn -0.08865 -0.00000 -0.99606
vn -0.02739 0.08431 -0.99606
vn -0.18100 0.00000 -0.98348
vn -0.12301 0.08937 -0.98837
vn -0.05593 0.17214 -0.98348
vn -0.26882 0.00000 -0.96319
vn -0.21354 0.08801 -0.97296
vn -0.35049 -0.00000 -0.93657
vn -0.29896 0.08601 -0.95038
vn -0.23790 0.17285 -0.95579
vn -0.14970 0.17590 -0.97296
vn -0.08307 0.25567 -0.96319
vn -0.17419 0.25776 -0.95038
vn -0.10831 0.33333 -0.93657
vn -0.42490 0.00000 -0.90524
vn -0.37781 0.08351 -0.92211
vn -0.49164 -0.00000 -0.87080
vn -0.44922 0.08063 -0.88978
vn -0.39669 0.16350 -0.90327
vn -0.55074 0.00000 -0.83468
vn -0.51301 0.07750 -0.85488
vn -0.60706 0.00000 -0.79466
vn -0.57171 0.07239 -0.81726
vn -0.52878 0.15051 -0.83531
vn -0.46538 0.15769 -0.87095
vn -0.41209 0.23868 -0.87933
vn -0.47968 0.23010 -0.84673
vn -0.42534 0.30901 -0.85065
vn -0.32068 0.16865 -0.93205
vn -0.33910 0.24638 -0.90791
vn -0.35433 0.31815 -0.87933
vn -0.27806 0.32675 -0.90328
vn -0.25949 0.25288 -0.93205
vn -0.19619 0.33351 -0.92211
vn -0.13130 0.40410 -0.90524
vn -0.21550 0.40230 -0.88978
vn -0.15192 0.46756 -0.87081
vn -0.29377 0.39386 -0.87096
vn -0.36706 0.38510 -0.84674
vn -0.30655 0.45639 -0.83531
vn -0.23223 0.46393 -0.85489
vn -0.17018 0.52377 -0.83469
vn -0.24554 0.52136 -0.81725
vn -0.18759 0.57736 -0.79465
vn 0.07172 0.05211 -0.99606
vn 0.04699 0.14461 -0.98837
vn 0.14643 0.10638 -0.98348
vn 0.01772 0.23030 -0.97296
vn -0.01058 0.31091 -0.95038
vn 0.09087 0.27967 -0.95579
vn 0.12103 0.19673 -0.97296
vn 0.21748 0.15801 -0.96319
vn 0.19131 0.24531 -0.95038
vn 0.28355 0.20601 -0.93657
vn -0.03732 0.38512 -0.92211
vn -0.06213 0.45215 -0.88978
vn 0.03291 0.42780 -0.90327
vn -0.08481 0.51183 -0.85489
vn -0.10780 0.56611 -0.81725
vn -0.02025 0.54942 -0.83530
vn 0.00616 0.49132 -0.87096
vn 0.09965 0.46566 -0.87933
vn 0.07060 0.52731 -0.84673
vn 0.16246 0.50002 -0.85064
vn 0.06129 0.35710 -0.93205
vn 0.12952 0.39864 -0.90791
vn 0.19309 0.43531 -0.87933
vn 0.22483 0.36543 -0.90328
vn 0.16031 0.32493 -0.93205
vn 0.25656 0.28964 -0.92211
vn 0.34375 0.24975 -0.90524
vn 0.31603 0.32928 -0.88977
vn 0.39775 0.28898 -0.87080
vn 0.28382 0.40110 -0.87096
vn 0.25283 0.46810 -0.84673
vn 0.33932 0.43257 -0.83531
vn 0.36947 0.36422 -0.85489
vn 0.44554 0.32371 -0.83469
vn 0.41997 0.39461 -0.81726
vn 0.49113 0.35682 -0.79465
vn 0.07172 -0.05211 -0.99606
vn 0.15205 0.00000 -0.98837
vn 0.14643 -0.10638 -0.98348
vn 0.22449 0.05431 -0.97296
vn 0.29243 0.10615 -0.95038
vn 0.29406 0.00000 -0.95579
vn 0.22449 -0.05431 -0.97296
vn 0.21748 -0.15801 -0.96319
vn 0.29243 -0.10615 -0.95038
vn 0.28355 -0.20601 -0.93657
vn 0.35474 0.15450 -0.92211
vn 0.41082 0.19881 -0.88978
vn 0.41702 0.10090 -0.90328
vn 0.46057 0.23883 -0.85489
vn 0.50508 0.27747 -0.81726
vn 0.51626 0.18904 -0.83531
vn 0.46917 0.14597 -0.87096
vn 0.47366 0.04912 -0.87934
vn 0.52333 0.09581 -0.84673
vn 0.52575 0.00000 -0.85064
vn 0.35857 0.05206 -0.93205
vn 0.41915 0.00000 -0.90792
vn 0.47366 -0.04912 -0.87934
vn 0.41702 -0.10090 -0.90328
vn 0.35857 -0.05206 -0.93205
vn 0.35474 -0.15450 -0.92211
vn 0.34375 -0.24975 -0.90524
vn 0.41082 -0.19881 -0.88978
vn 0.39775 -0.28898 -0.87080
vn 0.46917 -0.14597 -0.87096
vn 0.52333 -0.09581 -0.84673
vn 0.51626 -0.18904 -0.83531
vn 0.46057 -0.23883 -0.85489
vn 0.44554 -0.32371 -0.83469
vn 0.50508 -0.27747 -0.81726
vn 0.49113 -0.35682 -0.79465
vn -0.02739 -0.08431 -0.99606
vn 0.04699 -0.14461 -0.98837
vn -0.05593 -0.17214 -0.98348
vn 0.12103 -0.19673 -0.97296
vn 0.19131 -0.24531 -0.95038
vn 0.09087 -0.27967 -0.95579
vn 0.01772 -0.23030 -0.97296
vn -0.08307 -0.25567 -0.96319
vn -0.01058 -0.31091 -0.95038
vn -0.10831 -0.33333 -0.93657
vn 0.25656 -0.28964 -0.92211
vn 0.31603 -0.32928 -0.88977
vn 0.22483 -0.36543 -0.90328
vn 0.36947 -0.36422 -0.85489
vn 0.41997 -0.39461 -0.81726
vn 0.33932 -0.43257 -0.83531
vn 0.28382 -0.40110 -0.87096
vn 0.19309 -0.43531 -0.87933
vn 0.25283 -0.46810 -0.84673
vn 0.16246 -0.50002 -0.85064
vn 0.16031 -0.32493 -0.93205
vn 0.12952 -0.39864 -0.90791
vn 0.09965 -0.46566 -0.87933
vn 0.03291 -0.42780 -0.90327
vn 0.06129 -0.35710 -0.93205
vn -0.03732 -0.38512 -0.92211
vn -0.13130 -0.40410 -0.90524
vn -0.06213 -0.45215 -0.88978
vn -0.15192 -0.46756 -0.87081
vn 0.00616 -0.49132 -0.87096
vn 0.07060 -0.52731 -0.84673
vn -0.02025 -0.54942 -0.83530
vn -0.08481 -0.51183 -0.85489
vn -0.17018 -0.52377 -0.83469
vn -0.10780 -0.56611 -0.81725
vn -0.18759 -0.57736 -0.79465
vn -0.12301 -0.08937 -0.98837
vn -0.14970 -0.17590 -0.97296
vn -0.17419 -0.25776 -0.95038
vn -0.23790 -0.17285 -0.95579
vn -0.21354 -0.08801 -0.97296
vn -0.29896 -0.08601 -0.95038
vn -0.19619 -0.33351 -0.92211
vn -0.21550 -0.40230 -0.88978
vn -0.27806 -0.32675 -0.90328
vn -0.23223 -0.46393 -0.85489
vn -0.24554 -0.52136 -0.81725
vn -0.30655 -0.45639 -0.83531
vn -0.29377 -0.39386 -0.87096
vn -0.35433 -0.31815 -0.87933
vn -0.36706 -0.38510 -0.84674
vn -0.42534 -0.30901 -0.85065
vn -0.25949 -0.25288 -0.93205
vn -0.33910 -0.24638 -0.90791
vn -0.41209 -0.23868 -0.87933
vn -0.39669 -0.16350 -0.90327
vn -0.32068 -0.16865 -0.93205
vn -0.37781 -0.08351 -0.92211
vn -0.44922 -0.08063 -0.88978
vn -0.46538 -0.15769 -0.87095
vn -0.47968 -0.23010 -0.84673
vn -0.52878 -0.15051 -0.83531
vn -0.51301 -0.07750 -0.85488
vn -0.57171 -0.07239 -0.81726
vn -0.72361 0.52573 -0.44722
vn -0.75283 0.54697 -0.36617
vn -0.68111 0.59907 -0.42095
vn -0.77713 0.56463 -0.27795
vn -0.70717 0.62424 -0.33201
vn -0.63072 0.67100 -0.38982
vn -0.79423 0.57705 -0.19029
vn -0.72957 0.63887 -0.24410
vn -0.80452 0.58450 -0.10538
vn -0.74530 0.64782 -0.15763
vn -0.67608 0.70488 -0.21462
vn -0.65482 0.69317 -0.30122
vn -0.57674 0.73506 -0.35645
vn -0.59923 0.75397 -0.26918
vn -0.52096 0.79053 -0.32197
vn -0.80877 0.58760 -0.02480
vn -0.75485 0.65166 -0.07447
vn -0.80799 0.58704 0.05032
vn -0.75897 0.65112 0.00390
vn -0.70104 0.71143 -0.04913
vn -0.80324 0.58359 0.11930
vn -0.75864 0.64700 0.07652
vn -0.70591 0.70779 0.02676
vn -0.64509 0.76371 -0.02466
vn -0.69133 0.71074 -0.13004
vn -0.63485 0.76578 -0.10274
vn -0.57746 0.81284 -0.07630
vn -0.56218 0.81231 -0.15525
vn -0.61970 0.76278 -0.18476
vn -0.54221 0.80615 -0.23692
vn -0.46502 0.83735 -0.28740
vn -0.48534 0.84991 -0.20517
vn -0.41026 0.87601 -0.25355
vn -0.50500 0.85377 -0.12671
vn -0.42993 0.88582 -0.17460
vn -0.35767 0.90731 -0.22106
vn -0.66417 0.54697 -0.50960
vn -0.61321 0.62424 -0.48404
vn -0.59617 0.56462 -0.57077
vn -0.56226 0.69317 -0.45097
vn -0.50875 0.75396 -0.41558
vn -0.49432 0.70487 -0.50873
vn -0.54461 0.63887 -0.54337
vn -0.52541 0.57705 -0.62527
vn -0.47427 0.64785 -0.59612
vn -0.45403 0.58452 -0.67245
vn -0.45439 0.80615 -0.37902
vn -0.40057 0.84991 -0.34234
vn -0.39027 0.81231 -0.43341
vn -0.34842 0.88583 -0.30645
vn -0.29761 0.91599 -0.26906
vn -0.28882 0.88895 -0.35545
vn -0.33917 0.85377 -0.39502
vn -0.32650 0.81283 -0.48239
vn -0.27720 0.85320 -0.44182
vn -0.26285 0.80903 -0.52572
vn -0.44238 0.76278 -0.47166
vn -0.37580 0.76578 -0.52188
vn -0.31057 0.76371 -0.56594
vn -0.35748 0.71143 -0.60504
vn -0.42548 0.71073 -0.56020
vn -0.40420 0.65167 -0.64183
vn -0.38388 0.58761 -0.71228
vn -0.33596 0.65111 -0.68058
vn -0.31635 0.58704 -0.74519
vn -0.29178 0.70779 -0.64335
vn -0.24608 0.75741 -0.60480
vn -0.22740 0.69990 -0.67708
vn -0.27082 0.64700 -0.71277
vn -0.25249 0.58360 -0.77179
vn -0.20746 0.63852 -0.74111
vn -0.72543 0.46267 -0.50959
vn -0.66018 0.47966 -0.57800
vn -0.72120 0.39250 -0.57080
vn -0.59090 0.49644 -0.63592
vn -0.51951 0.50862 -0.68660
vn -0.58520 0.42517 -0.69048
vn -0.65474 0.40856 -0.63592
vn -0.71116 0.32136 -0.62529
vn -0.64427 0.33689 -0.68660
vn -0.69621 0.25119 -0.67246
vn -0.44811 0.51650 -0.72968
vn -0.37835 0.52061 -0.76539
vn -0.44344 0.44690 -0.77695
vn -0.31159 0.52157 -0.79428
vn -0.37467 0.45265 -0.80915
vn -0.43603 0.37751 -0.81692
vn -0.51413 0.43787 -0.73753
vn -0.50534 0.36715 -0.78092
vn -0.49376 0.29802 -0.81694
vn -0.56206 0.28363 -0.77695
vn -0.57533 0.35366 -0.73751
vn -0.62973 0.26657 -0.72965
vn -0.67747 0.18354 -0.71228
vn -0.61207 0.19897 -0.76537
vn -0.65607 0.11946 -0.74518
vn -0.54626 0.21646 -0.80916
vn -0.59232 0.13515 -0.79429
vn -0.63305 0.05977 -0.77180
vn -0.78022 0.46266 -0.42095
vn -0.78319 0.39029 -0.48403
vn -0.83307 0.39250 -0.38980
vn -0.77589 0.32052 -0.54338
vn -0.76268 0.25088 -0.59614
vn -0.82312 0.25232 -0.50873
vn -0.83300 0.32053 -0.45098
vn -0.87731 0.32137 -0.35644
vn -0.87428 0.25087 -0.41557
vn -0.91282 0.25118 -0.32197
vn -0.74466 0.18305 -0.64185
vn -0.72306 0.11831 -0.68058
vn -0.78707 0.12013 -0.60505
vn -0.69902 0.05761 -0.71278
vn -0.67138 0.00000 -0.74112
vn -0.73592 -0.00000 -0.67707
vn -0.76331 0.05876 -0.64335
vn -0.82230 0.05935 -0.56595
vn -0.79637 0.00000 -0.60481
vn -0.85065 -0.00000 -0.52573
vn -0.80743 0.18503 -0.56020
vn -0.84443 0.12076 -0.52188
vn -0.87394 0.05934 -0.48239
vn -0.89316 0.12014 -0.43339
vn -0.86215 0.18502 -0.47166
vn -0.90712 0.18303 -0.37900
vn -0.94007 0.18350 -0.28740
vn -0.93209 0.11833 -0.34234
vn -0.95991 0.11949 -0.25355
vn -0.91680 0.05875 -0.39501
vn -0.89711 0.00000 -0.44181
vn -0.93470 -0.00000 -0.35545
vn -0.95014 0.05764 -0.30646
vn -0.97343 0.05980 -0.22104
vn -0.96312 0.00000 -0.26906
vn -0.81222 0.47965 -0.33201
vn -0.86160 0.40855 -0.30122
vn -0.90223 0.33691 -0.26922
vn -0.87930 0.42517 -0.21464
vn -0.83304 0.49644 -0.24411
vn -0.84643 0.50864 -0.15760
vn -0.93425 0.26654 -0.23693
vn -0.95829 0.19894 -0.20517
vn -0.94629 0.28363 -0.15524
vn -0.97533 0.13514 -0.17458
vn -0.96803 0.21645 -0.12674
vn -0.95150 0.29804 -0.07631
vn -0.91695 0.35365 -0.18475
vn -0.92448 0.36714 -0.10273
vn -0.92568 0.37751 -0.02464
vn -0.89324 0.44689 -0.04915
vn -0.88958 0.43788 -0.13001
vn -0.85303 0.51652 -0.07448
vn -0.85378 0.52062 0.00388
vn -0.89129 0.45264 0.02675
vn -0.84976 0.52159 0.07653
vn 0.27639 0.85065 -0.44721
vn 0.28755 0.88500 -0.36618
vn 0.35924 0.83291 -0.42096
vn 0.29684 0.91358 -0.27797
vn 0.37516 0.86547 -0.33200
vn 0.44326 0.80720 -0.38980
vn 0.30338 0.93368 -0.19029
vn 0.38214 0.89128 -0.24411
vn 0.30730 0.94576 -0.10538
vn 0.38581 0.90902 -0.15760
vn 0.46144 0.86082 -0.21463
vn 0.45689 0.83697 -0.30122
vn 0.52085 0.77566 -0.35645
vn 0.53188 0.80289 -0.26920
vn 0.59085 0.73975 -0.32198
vn 0.30893 0.95076 -0.02481
vn 0.38652 0.91927 -0.07448
vn 0.30863 0.94985 0.05030
vn 0.38472 0.92302 0.00388
vn 0.45997 0.88658 -0.04914
vn 0.30680 0.94426 0.11933
vn 0.38090 0.92144 0.07651
vn 0.45502 0.89008 0.02674
vn 0.52699 0.84952 -0.02465
vn 0.46230 0.87714 -0.13001
vn 0.53212 0.84041 -0.10271
vn 0.59461 0.80039 -0.07630
vn 0.59886 0.78567 -0.15521
vn 0.53395 0.82509 -0.18474
vn 0.59915 0.76478 -0.23691
vn 0.65267 0.70101 -0.28740
vn 0.65835 0.72422 -0.20514
vn 0.70638 0.66086 -0.25355
vn 0.65592 0.74412 -0.12671
vn 0.70961 0.68262 -0.17458
vn 0.75236 0.62055 -0.22107
vn 0.31493 0.80071 -0.50958
vn 0.40420 0.77610 -0.48404
vn 0.35276 0.74145 -0.57079
vn 0.48551 0.74893 -0.45098
vn 0.55984 0.71685 -0.41558
vn 0.51761 0.68795 -0.50873
vn 0.43932 0.71536 -0.54338
vn 0.38645 0.67799 -0.62529
vn 0.46957 0.65126 -0.59613
vn 0.41560 0.61244 -0.67245
vn 0.62628 0.68126 -0.37901
vn 0.68455 0.64357 -0.34235
vn 0.65198 0.62216 -0.43340
vn 0.73480 0.60510 -0.30646
vn 0.77916 0.56613 -0.26907
vn 0.75617 0.54942 -0.35544
vn 0.70716 0.58641 -0.39502
vn 0.67215 0.56173 -0.48237
vn 0.72577 0.52732 -0.44181
vn 0.68819 0.50001 -0.52572
vn 0.58874 0.65645 -0.47166
vn 0.61218 0.59404 -0.52187
vn 0.63038 0.53136 -0.56593
vn 0.56612 0.55984 -0.60505
vn 0.54444 0.62430 -0.56020
vn 0.49484 0.58581 -0.64184
vn 0.44023 0.54668 -0.71228
vn 0.51540 0.52072 -0.68060
vn 0.46056 0.48228 -0.74518
vn 0.58299 0.49620 -0.64336
vn 0.64428 0.46809 -0.60481
vn 0.59537 0.43255 -0.67708
vn 0.53163 0.45749 -0.71279
vn 0.47701 0.42047 -0.77179
vn 0.54315 0.39462 -0.74112
vn 0.21586 0.83291 -0.50958
vn 0.25217 0.77610 -0.57800
vn 0.15043 0.80720 -0.57079
vn 0.28954 0.71537 -0.63594
vn 0.32319 0.65126 -0.68659
vn 0.22353 0.68794 -0.69048
vn 0.18625 0.74893 -0.63593
vn 0.08588 0.77566 -0.62528
vn 0.12134 0.71685 -0.68659
vn 0.02375 0.73976 -0.67245
vn 0.35277 0.58581 -0.72964
vn 0.37823 0.52071 -0.76538
vn 0.28799 0.55983 -0.77695
vn 0.39976 0.45750 -0.79428
vn 0.31471 0.49620 -0.80916
vn 0.22428 0.53134 -0.81693
vn 0.25757 0.62430 -0.73750
vn 0.19301 0.59406 -0.78092
vn 0.13085 0.56171 -0.81692
vn 0.09607 0.62218 -0.77696
vn 0.15857 0.65645 -0.73751
vn 0.05894 0.68127 -0.72965
vn -0.03481 0.70104 -0.71227
vn 0.00009 0.64356 -0.76539
vn -0.08913 0.66087 -0.74519
vn 0.03706 0.58643 -0.80915
vn -0.05449 0.60509 -0.79429
vn -0.13876 0.62055 -0.77179
vn 0.19893 0.88500 -0.42095
vn 0.12917 0.86546 -0.48403
vn 0.11587 0.91357 -0.38982
vn 0.06510 0.83697 -0.54337
vn 0.00290 0.80288 -0.59614
vn -0.01440 0.86082 -0.50871
vn 0.04745 0.89128 -0.45096
vn 0.03452 0.93367 -0.35646
vn -0.03157 0.90902 -0.41556
vn -0.04318 0.94576 -0.32199
vn -0.05602 0.76479 -0.64184
vn -0.11093 0.72423 -0.68058
vn -0.12897 0.78568 -0.60504
vn -0.16121 0.68262 -0.71277
vn -0.17999 0.74412 -0.64335
vn -0.19766 0.80040 -0.56594
vn -0.07355 0.82508 -0.56021
vn -0.14610 0.84042 -0.52187
vn -0.21362 0.84951 -0.48238
vn -0.16176 0.88657 -0.43339
vn -0.09047 0.87713 -0.47165
vn -0.10624 0.91927 -0.37902
vn -0.11597 0.95076 -0.28741
vn -0.17552 0.92303 -0.34236
vn -0.18302 0.94985 -0.25355
vn -0.22742 0.89008 -0.39502
vn -0.23879 0.92144 -0.30647
vn -0.24395 0.94426 -0.22105
vn 0.20521 0.92068 -0.33202
vn 0.12231 0.94568 -0.30122
vn 0.04161 0.96218 -0.26920
vn 0.13265 0.96765 -0.21462
vn 0.21472 0.94568 -0.24410
vn 0.22217 0.96219 -0.15761
vn -0.03519 0.97089 -0.23693
vn -0.10692 0.97287 -0.20514
vn -0.02268 0.98762 -0.15522
vn -0.17285 0.96935 -0.17458
vn -0.09327 0.98754 -0.12673
vn -0.01057 0.99703 -0.07633
vn 0.05301 0.98135 -0.18475
vn 0.06348 0.99268 -0.10271
vn 0.07300 0.99703 -0.02468
vn 0.14897 0.98762 -0.04914
vn 0.14155 0.98135 -0.13004
vn 0.22765 0.97089 -0.07449
vn 0.23130 0.97287 0.00389
vn 0.15506 0.98754 0.02675
vn 0.23345 0.96935 0.07653
vn 0.89442 0.00000 -0.44722
vn 0.93054 0.00000 -0.36619
vn 0.90315 -0.08429 -0.42097
vn 0.96059 0.00000 -0.27796
vn 0.93903 -0.08935 -0.33202
vn 0.90466 -0.17214 -0.38982
vn 0.98173 0.00000 -0.19029
vn 0.96575 -0.08803 -0.24410
vn 0.99443 0.00000 -0.10536
vn 0.98375 -0.08605 -0.15760
vn 0.96128 -0.17287 -0.21460
vn 0.93719 -0.17591 -0.30122
vn 0.89864 -0.25567 -0.35648
vn 0.92795 -0.25775 -0.26919
vn 0.88612 -0.33333 -0.32199
vn 0.99969 0.00000 -0.02480
vn 0.99372 -0.08353 -0.07448
vn 0.99873 0.00000 0.05031
vn 0.99674 -0.08063 0.00388
vn 0.98532 -0.16348 -0.04916
vn 0.99285 0.00000 0.11933
vn 0.99405 -0.07751 0.07655
vn 0.98713 -0.15769 0.02676
vn 0.97078 -0.23869 -0.02465
vn 0.97706 -0.16864 -0.13003
vn 0.96372 -0.24635 -0.10275
vn 0.94495 -0.31819 -0.07629
vn 0.93227 -0.32675 -0.15525
vn 0.94970 -0.25284 -0.18475
vn 0.91250 -0.33349 -0.23691
vn 0.86839 -0.40411 -0.28740
vn 0.89221 -0.40233 -0.20516
vn 0.84682 -0.46756 -0.25355
vn 0.91038 -0.39388 -0.12672
vn 0.86850 -0.46393 -0.17459
vn 0.82267 -0.52378 -0.22105
vn 0.85884 -0.05210 -0.50959
vn 0.86302 -0.14460 -0.48404
vn 0.81418 -0.10638 -0.57078
vn 0.86231 -0.23031 -0.45097
vn 0.85477 -0.31090 -0.41558
vn 0.81424 -0.27969 -0.50871
vn 0.81612 -0.19673 -0.54336
vn 0.76423 -0.15802 -0.62528
vn 0.76449 -0.24532 -0.59614
vn 0.71089 -0.20600 -0.67246
vn 0.84145 -0.38511 -0.37902
vn 0.82363 -0.45215 -0.34234
vn 0.79319 -0.42779 -0.43340
vn 0.80256 -0.51185 -0.30646
vn 0.77916 -0.56613 -0.26907
vn 0.75617 -0.54942 -0.35544
vn 0.77623 -0.49134 -0.39502
vn 0.74193 -0.46567 -0.48238
vn 0.72577 -0.52732 -0.44181
vn 0.68819 -0.50001 -0.52572
vn 0.80626 -0.35707 -0.47165
vn 0.75414 -0.39865 -0.52187
vn 0.70015 -0.43531 -0.56594
vn 0.70737 -0.36543 -0.60506
vn 0.76198 -0.32491 -0.56020
vn 0.71004 -0.28962 -0.64184
vn 0.65595 -0.24974 -0.71229
vn 0.65450 -0.32929 -0.68059
vn 0.60098 -0.28899 -0.74519
vn 0.65207 -0.40112 -0.64336
vn 0.64428 -0.46809 -0.60481
vn 0.59537 -0.43255 -0.67708
vn 0.59939 -0.36424 -0.71279
vn 0.54730 -0.32373 -0.77179
vn 0.54315 -0.39462 -0.74112
vn 0.85884 0.05210 -0.50959
vn 0.81605 0.00000 -0.57798
vn 0.81418 0.10638 -0.57078
vn 0.76983 -0.05430 -0.63594
vn 0.71924 -0.10612 -0.68661
vn 0.72333 0.00000 -0.69050
vn 0.76983 0.05430 -0.63594
vn 0.76423 0.15802 -0.62528
vn 0.71924 0.10612 -0.68661
vn 0.71089 0.20600 -0.67246
vn 0.66613 -0.15447 -0.72966
vn 0.61210 -0.19879 -0.76539
vn 0.62142 -0.10091 -0.77695
vn 0.55865 -0.23881 -0.79428
vn 0.56918 -0.14597 -0.80915
vn 0.57465 -0.04913 -0.81693
vn 0.67333 -0.05204 -0.73751
vn 0.62463 0.00000 -0.78092
vn 0.57465 0.04913 -0.81693
vn 0.62142 0.10091 -0.77695
vn 0.67333 0.05204 -0.73751
vn 0.66613 0.15447 -0.72966
vn 0.65595 0.24974 -0.71229
vn 0.61210 0.19879 -0.76539
vn 0.60098 0.28899 -0.74519
vn 0.56918 0.14597 -0.80915
vn 0.55865 0.23881 -0.79428
vn 0.54730 0.32373 -0.77179
vn 0.90315 0.08429 -0.42097
vn 0.86302 0.14460 -0.48404
vn 0.90466 0.17214 -0.38982
vn 0.81612 0.19673 -0.54336
vn 0.76449 0.24532 -0.59614
vn 0.81424 0.27969 -0.50871
vn 0.86231 0.23031 -0.45097
vn 0.89864 0.25567 -0.35648
vn 0.85477 0.31090 -0.41558
vn 0.88612 0.33333 -0.32199
vn 0.71004 0.28962 -0.64184
vn 0.65450 0.32929 -0.68059
vn 0.70737 0.36543 -0.60506
vn 0.59939 0.36424 -0.71279
vn 0.65207 0.40112 -0.64336
vn 0.70015 0.43531 -0.56594
vn 0.76198 0.32491 -0.56020
vn 0.75414 0.39865 -0.52187
vn 0.74193 0.46567 -0.48238
vn 0.79319 0.42779 -0.43340
vn 0.80626 0.35707 -0.47165
vn 0.84145 0.38511 -0.37902
vn 0.86839 0.40411 -0.28740
vn 0.82363 0.45215 -0.34234
vn 0.84682 0.46756 -0.25355
vn 0.77623 0.49134 -0.39502
vn 0.80256 0.51185 -0.30646
vn 0.82267 0.52378 -0.22105
vn 0.93903 0.08935 -0.33202
vn 0.93719 0.17591 -0.30122
vn 0.92795 0.25775 -0.26919
vn 0.96128 0.17287 -0.21460
vn 0.96575 0.08803 -0.24410
vn 0.98375 0.08605 -0.15760
vn 0.91250 0.33349 -0.23691
vn 0.89221 0.40233 -0.20516
vn 0.93227 0.32675 -0.15525
vn 0.86850 0.46393 -0.17459
vn 0.91038 0.39388 -0.12672
vn 0.94495 0.31819 -0.07629
vn 0.94970 0.25284 -0.18475
vn 0.96372 0.24635 -0.10275
vn 0.97078 0.23869 -0.02465
vn 0.98532 0.16348 -0.04916
vn 0.97706 0.16864 -0.13003
vn 0.99372 0.08353 -0.07448
vn 0.99674 0.08063 0.00388
vn 0.98713 0.15769 0.02676
vn 0.99405 0.07751 0.07655
vn 0.27639 -0.85065 -0.44721
vn 0.28755 -0.88500 -0.36618
vn 0.19893 -0.88500 -0.42095
vn 0.29684 -0.91358 -0.27797
vn 0.20521 -0.92068 -0.33202
vn 0.11587 -0.91357 -0.38982
vn 0.30338 -0.93368 -0.19029
vn 0.21472 -0.94568 -0.24410
vn 0.30730 -0.94576 -0.10538
vn 0.22217 -0.96219 -0.15761
vn 0.13265 -0.96765 -0.21462
vn 0.12231 -0.94568 -0.30122
vn 0.03452 -0.93367 -0.35646
vn 0.04161 -0.96218 -0.26920
vn -0.04318 -0.94576 -0.32199
vn 0.30893 -0.95076 -0.02481
vn 0.22765 -0.97089 -0.07449
vn 0.30863 -0.94985 0.05030
vn 0.23130 -0.97287 0.00389
vn 0.14897 -0.98762 -0.04914
vn 0.30680 -0.94426 0.11933
vn 0.23345 -0.96935 0.07653
vn 0.15506 -0.98754 0.02675
vn 0.07300 -0.99703 -0.02468
vn 0.14155 -0.98135 -0.13004
vn 0.06348 -0.99268 -0.10271
vn -0.01057 -0.99703 -0.07633
vn -0.02268 -0.98762 -0.15522
vn 0.05301 -0.98135 -0.18475
vn -0.03519 -0.97089 -0.23693
vn -0.11597 -0.95076 -0.28741
vn -0.10692 -0.97287 -0.20514
vn -0.18302 -0.94985 -0.25355
vn -0.09327 -0.98754 -0.12673
vn -0.17285 -0.96935 -0.17458
vn -0.24395 -0.94426 -0.22105
vn 0.21586 -0.83291 -0.50958
vn 0.12917 -0.86546 -0.48403
vn 0.15043 -0.80720 -0.57079
vn 0.04745 -0.89128 -0.45096
vn -0.03157 -0.90902 -0.41556
vn -0.01440 -0.86082 -0.50871
vn 0.06510 -0.83697 -0.54337
vn 0.08588 -0.77566 -0.62528
vn 0.00290 -0.80288 -0.59614
vn 0.02375 -0.73976 -0.67245
vn -0.10624 -0.91927 -0.37902
vn -0.17552 -0.92303 -0.34236
vn -0.16176 -0.88657 -0.43339
vn -0.23879 -0.92144 -0.30647
vn -0.29761 -0.91599 -0.26906
vn -0.28882 -0.88895 -0.35545
vn -0.22742 -0.89008 -0.39502
vn -0.21362 -0.84951 -0.48238
vn -0.27720 -0.85320 -0.44182
vn -0.26285 -0.80903 -0.52572
vn -0.09047 -0.87713 -0.47165
vn -0.14610 -0.84042 -0.52187
vn -0.19766 -0.80040 -0.56594
vn -0.12897 -0.78568 -0.60504
vn -0.07355 -0.82508 -0.56021
vn -0.05602 -0.76479 -0.64184
vn -0.03481 -0.70104 -0.71227
vn -0.11093 -0.72423 -0.68058
vn -0.08913 -0.66087 -0.74519
vn -0.17999 -0.74412 -0.64335
vn -0.24608 -0.75741 -0.60480
vn -0.22740 -0.69990 -0.67708
vn -0.16121 -0.68262 -0.71277
vn -0.13876 -0.62055 -0.77179
vn -0.20746 -0.63852 -0.74111
vn 0.31493 -0.80071 -0.50958
vn 0.25217 -0.77610 -0.57800
vn 0.35276 -0.74145 -0.57079
vn 0.18625 -0.74893 -0.63593
vn 0.12134 -0.71685 -0.68659
vn 0.22353 -0.68794 -0.69048
vn 0.28954 -0.71537 -0.63594
vn 0.38645 -0.67799 -0.62529
vn 0.32319 -0.65126 -0.68659
vn 0.41560 -0.61244 -0.67245
vn 0.05894 -0.68127 -0.72965
vn 0.00009 -0.64356 -0.76539
vn 0.09607 -0.62218 -0.77696
vn -0.05449 -0.60509 -0.79429
vn 0.03706 -0.58643 -0.80915
vn 0.13085 -0.56171 -0.81692
vn 0.15857 -0.65645 -0.73751
vn 0.19301 -0.59406 -0.78092
vn 0.22428 -0.53134 -0.81693
vn 0.28799 -0.55983 -0.77695
vn 0.25757 -0.62430 -0.73750
vn 0.35277 -0.58581 -0.72964
vn 0.44023 -0.54668 -0.71228
vn 0.37823 -0.52071 -0.76538
vn 0.46056 -0.48228 -0.74518
vn 0.31471 -0.49620 -0.80916
vn 0.39976 -0.45750 -0.79428
vn 0.47701 -0.42047 -0.77179
vn 0.35924 -0.83291 -0.42096
vn 0.40420 -0.77610 -0.48404
vn 0.44326 -0.80720 -0.38980
vn 0.43932 -0.71536 -0.54338
vn 0.46957 -0.65126 -0.59613
vn 0.51761 -0.68795 -0.50873
vn 0.48551 -0.74893 -0.45098
vn 0.52085 -0.77566 -0.35645
vn 0.55984 -0.71685 -0.41558
vn 0.59085 -0.73975 -0.32198
vn 0.49484 -0.58581 -0.64184
vn 0.51540 -0.52072 -0.68060
vn 0.56612 -0.55984 -0.60505
vn 0.53163 -0.45749 -0.71279
vn 0.58299 -0.49620 -0.64336
vn 0.63038 -0.53136 -0.56593
vn 0.54444 -0.62430 -0.56020
vn 0.61218 -0.59404 -0.52187
vn 0.67215 -0.56173 -0.48237
vn 0.65198 -0.62216 -0.43340
vn 0.58874 -0.65645 -0.47166
vn 0.62628 -0.68126 -0.37901
vn 0.65267 -0.70101 -0.28740
vn 0.68455 -0.64357 -0.34235
vn 0.70638 -0.66086 -0.25355
vn 0.70716 -0.58641 -0.39502
vn 0.73480 -0.60510 -0.30646
vn 0.75236 -0.62055 -0.22107
vn 0.37516 -0.86547 -0.33200
vn 0.45689 -0.83697 -0.30122
vn 0.53188 -0.80289 -0.26920
vn 0.46144 -0.86082 -0.21463
vn 0.38214 -0.89128 -0.24411
vn 0.38581 -0.90902 -0.15760
vn 0.59915 -0.76478 -0.23691
vn 0.65835 -0.72422 -0.20514
vn 0.59886 -0.78567 -0.15521
vn 0.70961 -0.68262 -0.17458
vn 0.65592 -0.74412 -0.12671
vn 0.59461 -0.80039 -0.07630
vn 0.53395 -0.82509 -0.18474
vn 0.53212 -0.84041 -0.10271
vn 0.52699 -0.84951 -0.02465
vn 0.45997 -0.88658 -0.04914
vn 0.46230 -0.87714 -0.13001
vn 0.38652 -0.91927 -0.07448
vn 0.38472 -0.92302 0.00388
vn 0.45502 -0.89008 0.02674
vn 0.38090 -0.92144 0.07651
vn -0.72361 -0.52573 -0.44722
vn -0.75283 -0.54697 -0.36617
vn -0.78022 -0.46266 -0.42095
vn -0.77713 -0.56463 -0.27795
vn -0.81222 -0.47965 -0.33201
vn -0.83307 -0.39250 -0.38980
vn -0.79423 -0.57705 -0.19029
vn -0.83304 -0.49644 -0.24411
vn -0.80452 -0.58450 -0.10538
vn -0.84643 -0.50864 -0.15760
vn -0.87930 -0.42517 -0.21464
vn -0.86160 -0.40855 -0.30122
vn -0.87731 -0.32137 -0.35644
vn -0.90223 -0.33691 -0.26922
vn -0.91282 -0.25118 -0.32197
vn -0.80877 -0.58760 -0.02480
vn -0.85303 -0.51652 -0.07448
vn -0.80799 -0.58704 0.05032
vn -0.85378 -0.52062 0.00388
vn -0.89324 -0.44689 -0.04915
vn -0.80324 -0.58359 0.11930
vn -0.84976 -0.52159 0.07653
vn -0.89129 -0.45264 0.02675
vn -0.92568 -0.37751 -0.02464
vn -0.88958 -0.43788 -0.13001
vn -0.92448 -0.36714 -0.10273
vn -0.95150 -0.29804 -0.07631
vn -0.94629 -0.28363 -0.15524
vn -0.91695 -0.35365 -0.18475
vn -0.93425 -0.26654 -0.23693
vn -0.94007 -0.18350 -0.28740
vn -0.95829 -0.19894 -0.20517
vn -0.95991 -0.11949 -0.25355
vn -0.96803 -0.21645 -0.12674
vn -0.97533 -0.13514 -0.17458
vn -0.97343 -0.05980 -0.22104
vn -0.72543 -0.46267 -0.50959
vn -0.78319 -0.39029 -0.48403
vn -0.72120 -0.39250 -0.57080
vn -0.83300 -0.32053 -0.45098
vn -0.87428 -0.25087 -0.41557
vn -0.82312 -0.25232 -0.50873
vn -0.77589 -0.32051 -0.54338
vn -0.71116 -0.32136 -0.62529
vn -0.76268 -0.25088 -0.59614
vn -0.69621 -0.25119 -0.67246
vn -0.90712 -0.18303 -0.37900
vn -0.93209 -0.11833 -0.34234
vn -0.89316 -0.12014 -0.43339
vn -0.95014 -0.05764 -0.30646
vn -0.91680 -0.05875 -0.39501
vn -0.87394 -0.05934 -0.48239
vn -0.86215 -0.18502 -0.47166
vn -0.84443 -0.12076 -0.52188
vn -0.82230 -0.05935 -0.56595
vn -0.78707 -0.12013 -0.60505
vn -0.80743 -0.18503 -0.56020
vn -0.74466 -0.18305 -0.64185
vn -0.67747 -0.18354 -0.71228
vn -0.72306 -0.11831 -0.68058
vn -0.65607 -0.11946 -0.74518
vn -0.76331 -0.05876 -0.64335
vn -0.69902 -0.05761 -0.71278
vn -0.63305 -0.05977 -0.77180
vn -0.66417 -0.54697 -0.50960
vn -0.66018 -0.47966 -0.57800
vn -0.59617 -0.56462 -0.57077
vn -0.65474 -0.40856 -0.63592
vn -0.64427 -0.33689 -0.68660
vn -0.58520 -0.42517 -0.69048
vn -0.59090 -0.49644 -0.63592
vn -0.52541 -0.57705 -0.62527
vn -0.51951 -0.50862 -0.68660
vn -0.45403 -0.58452 -0.67245
vn -0.62973 -0.26657 -0.72965
vn -0.61207 -0.19897 -0.76537
vn -0.56206 -0.28363 -0.77695
vn -0.59232 -0.13515 -0.79429
vn -0.54626 -0.21646 -0.80916
vn -0.49376 -0.29802 -0.81694
vn -0.57533 -0.35366 -0.73751
vn -0.50534 -0.36715 -0.78092
vn -0.43603 -0.37751 -0.81692
vn -0.44344 -0.44690 -0.77695
vn -0.51413 -0.43787 -0.73753
vn -0.44811 -0.51650 -0.72968
vn -0.38388 -0.58761 -0.71228
vn -0.37835 -0.52061 -0.76539
vn -0.31635 -0.58704 -0.74519
vn -0.37467 -0.45265 -0.80915
vn -0.31159 -0.52157 -0.79428
vn -0.25249 -0.58360 -0.77179
vn -0.68111 -0.59907 -0.42095
vn -0.61321 -0.62424 -0.48404
vn -0.63072 -0.67100 -0.38982
vn -0.54461 -0.63887 -0.54337
vn -0.47427 -0.64785 -0.59612
vn -0.49432 -0.70487 -0.50873
vn -0.56226 -0.69317 -0.45097
vn -0.57674 -0.73506 -0.35645
vn -0.50875 -0.75396 -0.41558
vn -0.52096 -0.79053 -0.32197
vn -0.40420 -0.65167 -0.64183
vn -0.33596 -0.65111 -0.68058
vn -0.35748 -0.71143 -0.60504
vn -0.27082 -0.64700 -0.71278
vn -0.29178 -0.70779 -0.64335
vn -0.31057 -0.76371 -0.56594
vn -0.42548 -0.71073 -0.56020
vn -0.37580 -0.76578 -0.52188
vn -0.32650 -0.81283 -0.48239
vn -0.39027 -0.81231 -0.43341
vn -0.44238 -0.76278 -0.47166
vn -0.45439 -0.80615 -0.37902
vn -0.46502 -0.83735 -0.28740
vn -0.40057 -0.84991 -0.34234
vn -0.41026 -0.87601 -0.25355
vn -0.33917 -0.85377 -0.39502
vn -0.34842 -0.88583 -0.30645
vn -0.35767 -0.90731 -0.22106
vn -0.70717 -0.62424 -0.33201
vn -0.65482 -0.69317 -0.30122
vn -0.59923 -0.75397 -0.26918
vn -0.67608 -0.70488 -0.21462
vn -0.72957 -0.63887 -0.24410
vn -0.74530 -0.64782 -0.15763
vn -0.54221 -0.80615 -0.23692
vn -0.48534 -0.84991 -0.20517
vn -0.56218 -0.81231 -0.15525
vn -0.42993 -0.88582 -0.17460
vn -0.50500 -0.85377 -0.12671
vn -0.57746 -0.81284 -0.07630
vn -0.61970 -0.76278 -0.18476
vn -0.63485 -0.76578 -0.10274
vn -0.64509 -0.76371 -0.02466
vn -0.70104 -0.71143 -0.04913
vn -0.69133 -0.71074 -0.13004
vn -0.75485 -0.65166 -0.07447
vn -0.75897 -0.65112 0.00390
vn -0.70591 -0.70779 0.02676
vn -0.75864 -0.64700 0.07652
# 1922 normals
usemtl Explorer_Default
f  1/1/1 4/2/2 6/3/3
f  4/2/2 2/4/4 5/5/5
f  4/2/2 5/5/5 6/3/3
f  6/3/3 5/5/5 3/6/6
f  2/4/4 9/7/7 11/8/8
f  9/7/7 7/9/9 10/10/10
f  9/7/7 10/10/10 11/8/8
f  11/8/8 10/10/10 8/11/11
f  2/4/4 11/8/8 5/5/5
f  11/8/8 8/11/11 12/12/12
f  11/8/8 12/12/12 5/5/5
f  5/5/5 12/12/12 3/6/6
f  3/6/6 12/12/12 15/13/13
f  12/12/12 8/11/11 14/14/14
f  12/12/12 14/14/14 15/13/13
f  15/13/13 14/14/14 13/15/15
f  7/9/9 18/16/16 20/17/17
f  18/16/16 16/18/18 19/19/19
f  18/16/16 19/19/19 20/17/17
f  20/17/17 19/19/19 17/20/20
f  16/18/18 23/21/21 25/22/22
f  23/21/21 21/23/23 24/24/24
f  23/21/21 24/24/24 25/22/22
f  25/22/22 24/24/24 22/25/25
f  16/18/18 25/22/22 19/19/19
f  25/22/22 22/25/25 26/26/26
f  25/22/22 26/26/26 19/19/19
f  19/19/19 26/26/26 17/20/20
f  17/20/20 26/26/26 29/27/27
f  26/26/26 22/25/25 28/28/28
f  26/26/26 28/28/28 29/27/27
f  29/27/27 28/28/28 27/29/29
f  7/9/9 20/17/17 10/10/10
f  20/17/17 17/20/20 30/30/30
f  20/17/17 30/30/30 10/10/10
f  10/10/10 30/30/30 8/11/11
f  17/20/20 29/27/27 33/31/31
f  29/27/27 27/29/29 32/32/32
f  29/27/27 32/32/32 33/31/31
f  33/31/31 32/32/32 31/33/33
f  17/20/20 33/31/31 30/30/30
f  33/31/31 31/33/33 34/34/34
f  33/31/31 34/34/34 30/30/30
f  30/30/30 34/34/34 8/11/11
f  8/11/11 34/34/34 14/14/14
f  34/34/34 31/33/33 35/35/35
f  34/34/34 35/35/35 14/14/14
f  14/14/14 35/35/35 13/15/15
f  13/15/15 35/35/35 38/36/36
f  35/35/35 31/33/33 37/37/37
f  35/35/35 37/37/37 38/36/36
f  38/36/36 37/37/37 36/38/38
f  31/33/33 32/32/32 41/39/39
f  32/32/32 27/29/29 40/40/40
f  32/32/32 40/40/40 41/39/39
f  41/39/39 40/40/40 39/41/41
f  31/33/33 41/39/39 37/37/37
f  41/39/39 39/41/41 42/42/42
f  41/39/39 42/42/42 37/37/37
f  37/37/37 42/42/42 36/38/38
f  36/38/38 42/42/42 45/43/43
f  42/42/42 39/41/41 44/44/44
f  42/42/42 44/44/44 45/43/43
f  45/43/43 44/44/44 43/45/45
f  1/46/1 6/47/3 48/48/46
f  6/47/3 3/49/6 47/50/47
f  6/47/3 47/50/47 48/48/46
f  48/48/46 47/50/47 46/51/48
f  3/49/6 15/52/13 51/53/49
f  15/52/13 13/54/15 50/55/50
f  15/52/13 50/55/50 51/53/49
f  51/53/49 50/55/50 49/56/51
f  3/49/6 51/53/49 47/50/47
f  51/53/49 49/56/51 52/57/52
f  51/53/49 52/57/52 47/50/47
f  47/50/47 52/57/52 46/51/48
f  46/51/48 52/57/52 55/58/53
f  52/57/52 49/56/51 54/59/54
f  52/57/52 54/59/54 55/58/53
f  55/58/53 54/59/54 53/60/55
f  13/54/15 38/61/36 58/62/56
f  38/61/36 36/63/38 57/64/57
f  38/61/36 57/64/57 58/62/56
f  58/62/56 57/64/57 56/65/58
f  36/63/38 45/66/43 61/67/59
f  45/66/43 43/45/45 60/68/60
f  45/66/43 60/68/60 61/67/59
f  61/67/59 60/68/60 59/69/61
f  36/63/38 61/67/59 57/64/57
f  61/67/59 59/69/61 62/70/62
f  61/67/59 62/70/62 57/64/57
f  57/64/57 62/70/62 56/65/58
f  56/65/58 62/70/62 65/71/63
f  62/70/62 59/69/61 64/72/64
f  62/70/62 64/72/64 65/71/63
f  65/71/63 64/72/64 63/73/65
f  13/54/15 58/62/56 50/55/50
f  58/62/56 56/65/58 66/74/66
f  58/62/56 66/74/66 50/55/50
f  50/55/50 66/74/66 49/56/51
f  56/65/58 65/71/63 69/75/67
f  65/71/63 63/73/65 68/76/68
f  65/71/63 68/76/68 69/75/67
f  69/75/67 68/76/68 67/77/69
f  56/65/58 69/75/67 66/74/66
f  69/75/67 67/77/69 70/78/70
f  69/75/67 70/78/70 66/74/66
f  66/74/66 70/78/70 49/56/51
f  49/56/51 70/78/70 54/59/54
f  70/78/70 67/77/69 71/79/71
f  70/78/70 71/79/71 54/59/54
f  54/59/54 71/79/71 53/60/55
f  53/60/55 71/79/71 74/80/72
f  71/79/71 67/77/69 73/81/73
f  71/79/71 73/81/73 74/80/72
f  74/80/72 73/81/73 72/82/74
f  67/77/69 68/76/68 77/83/75
f  68/76/68 63/73/65 76/84/76
f  68/76/68 76/84/76 77/83/75
f  77/83/75 76/84/76 75/85/77
f  67/77/69 77/83/75 73/81/73
f  77/83/75 75/85/77 78/86/78
f  77/83/75 78/86/78 73/81/73
f  73/81/73 78/86/78 72/82/74
f  72/82/74 78/86/78 81/87/79
f  78/86/78 75/85/77 80/88/80
f  78/86/78 80/88/80 81/87/79
f  81/87/79 80/88/80 79/89/81
f  1/90/1 48/91/46 84/92/82
f  48/91/46 46/93/48 83/94/83
f  48/91/46 83/94/83 84/92/82
f  84/92/82 83/94/83 82/95/84
f  46/93/48 55/96/53 87/97/85
f  55/96/53 53/98/55 86/99/86
f  55/96/53 86/99/86 87/97/85
f  87/97/85 86/99/86 85/100/87
f  46/93/48 87/97/85 83/94/83
f  87/97/85 85/100/87 88/101/88
f  87/97/85 88/101/88 83/94/83
f  83/94/83 88/101/88 82/95/84
f  82/95/84 88/101/88 91/102/89
f  88/101/88 85/100/87 90/103/90
f  88/101/88 90/103/90 91/102/89
f  91/102/89 90/103/90 89/104/91
f  53/98/55 74/105/72 94/106/92
f  74/105/72 72/107/74 93/108/93
f  74/105/72 93/108/93 94/106/92
f  94/106/92 93/108/93 92/109/94
f  72/107/74 81/110/79 97/111/95
f  81/110/79 79/89/81 96/112/96
f  81/110/79 96/112/96 97/111/95
f  97/111/95 96/112/96 95/113/97
f  72/107/74 97/111/95 93/108/93
f  97/111/95 95/113/97 98/114/98
f  97/111/95 98/114/98 93/108/93
f  93/108/93 98/114/98 92/109/94
f  92/109/94 98/114/98 101/115/99
f  98/114/98 95/113/97 100/116/100
f  98/114/98 100/116/100 101/115/99
f  101/115/99 100/116/100 99/117/101
f  53/98/55 94/106/92 86/99/86
f  94/106/92 92/109/94 102/118/102
f  94/106/92 102/118/102 86/99/86
f  86/99/86 102/118/102 85/100/87
f  92/109/94 101/115/99 105/119/103
f  101/115/99 99/117/101 104/120/104
f  101/115/99 104/120/104 105/119/103
f  105/119/103 104/120/104 103/121/105
f  92/109/94 105/119/103 102/118/102
f  105/119/103 103/121/105 106/122/106
f  105/119/103 106/122/106 102/118/102
f  102/118/102 106/122/106 85/100/87
f  85/100/87 106/122/106 90/103/90
f  106/122/106 103/121/105 107/123/107
f  106/122/106 107/123/107 90/103/90
f  90/103/90 107/123/107 89/104/91
f  89/104/91 107/123/107 110/124/108
f  107/123/107 103/121/105 109/125/109
f  107/123/107 109/125/109 110/124/108
f  110/124/108 109/125/109 108/126/110
f  103/121/105 104/120/104 113/127/111
f  104/120/104 99/117/101 112/128/112
f  104/120/104 112/128/112 113/127/111
f  113/127/111 112/128/112 111/129/113
f  103/121/105 113/127/111 109/125/109
f  113/127/111 111/129/113 114/130/114
f  113/127/111 114/130/114 109/125/109
f  109/125/109 114/130/114 108/126/110
f  108/126/110 114/130/114 117/131/115
f  114/130/114 111/129/113 116/132/116
f  114/130/114 116/132/116 117/131/115
f  117/131/115 116/132/116 115/133/117
f  1/134/1 84/135/82 120/136/118
f  84/135/82 82/137/84 119/138/119
f  84/135/82 119/138/119 120/136/118
f  120/136/118 119/138/119 118/139/120
f  82/137/84 91/140/89 123/141/121
f  91/140/89 89/142/91 122/143/122
f  91/140/89 122/143/122 123/141/121
f  123/141/121 122/143/122 121/144/123
f  82/137/84 123/141/121 119/138/119
f  123/141/121 121/144/123 124/145/124
f  123/141/121 124/145/124 119/138/119
f  119/138/119 124/145/124 118/139/120
f  118/139/120 124/145/124 127/146/125
f  124/145/124 121/144/123 126/147/126
f  124/145/124 126/147/126 127/146/125
f  127/146/125 126/147/126 125/148/127
f  89/142/91 110/149/108 130/150/128
f  110/149/108 108/151/110 129/152/129
f  110/149/108 129/152/129 130/150/128
f  130/150/128 129/152/129 128/153/130
f  108/151/110 117/154/115 133/155/131
f  117/154/115 115/133/117 132/156/132
f  117/154/115 132/156/132 133/155/131
f  133/155/131 132/156/132 131/157/133
f  108/151/110 133/155/131 129/152/129
f  133/155/131 131/157/133 134/158/134
f  133/155/131 134/158/134 129/152/129
f  129/152/129 134/158/134 128/153/130
f  128/153/130 134/158/134 137/159/135
f  134/158/134 131/157/133 136/160/136
f  134/158/134 136/160/136 137/159/135
f  137/159/135 136/160/136 135/161/137
f  89/142/91 130/150/128 122/143/122
f  130/150/128 128/153/130 138/162/138
f  130/150/128 138/162/138 122/143/122
f  122/143/122 138/162/138 121/144/123
f  128/153/130 137/159/135 141/163/139
f  137/159/135 135/161/137 140/164/140
f  137/159/135 140/164/140 141/163/139
f  141/163/139 140/164/140 139/165/141
f  128/153/130 141/163/139 138/162/138
f  141/163/139 139/165/141 142/166/142
f  141/163/139 142/166/142 138/162/138
f  138/162/138 142/166/142 121/144/123
f  121/144/123 142/166/142 126/147/126
f  142/166/142 139/165/141 143/167/143
f  142/166/142 143/167/143 126/147/126
f  126/147/126 143/167/143 125/148/127
f  125/148/127 143/167/143 146/168/144
f  143/167/143 139/165/141 145/169/145
f  143/167/143 145/169/145 146/168/144
f  146/168/144 145/169/145 144/170/146
f  139/165/141 140/164/140 149/171/147
f  140/164/140 135/161/137 148/172/148
f  140/164/140 148/172/148 149/171/147
f  149/171/147 148/172/148 147/173/149
f  139/165/141 149/171/147 145/169/145
f  149/171/147 147/173/149 150/174/150
f  149/171/147 150/174/150 145/169/145
f  145/169/145 150/174/150 144/170/146
f  144/170/146 150/174/150 153/175/151
f  150/174/150 147/173/149 152/176/152
f  150/174/150 152/176/152 153/175/151
f  153/175/151 152/176/152 151/177/153
f  1/178/1 120/179/118 4/180/2
f  120/179/118 118/181/120 154/182/154
f  120/179/118 154/182/154 4/180/2
f  4/180/2 154/182/154 2/183/4
f  118/181/120 127/184/125 157/185/155
f  127/184/125 125/186/127 156/187/156
f  127/184/125 156/187/156 157/185/155
f  157/185/155 156/187/156 155/188/157
f  118/181/120 157/185/155 154/182/154
f  157/185/155 155/188/157 158/189/158
f  157/185/155 158/189/158 154/182/154
f  154/182/154 158/189/158 2/183/4
f  2/183/4 158/189/158 9/190/7
f  158/189/158 155/188/157 159/191/159
f  158/189/158 159/191/159 9/190/7
f  9/190/7 159/191/159 7/192/9
f  125/186/127 146/193/144 162/194/160
f  146/193/144 144/195/146 161/196/161
f  146/193/144 161/196/161 162/194/160
f  162/194/160 161/196/161 160/197/162
f  144/195/146 153/198/151 165/199/163
f  153/198/151 151/200/153 164/201/164
f  153/198/151 164/201/164 165/199/163
f  165/199/163 164/201/164 163/202/165
f  144/195/146 165/199/163 161/196/161
f  165/199/163 163/202/165 166/203/166
f  165/199/163 166/203/166 161/196/161
f  161/196/161 166/203/166 160/197/162
f  160/197/162 166/203/166 169/204/167
f  166/203/166 163/202/165 168/205/168
f  166/203/166 168/205/168 169/204/167
f  169/204/167 168/205/168 167/206/169
f  125/186/127 162/194/160 156/187/156
f  162/194/160 160/197/162 170/207/170
f  162/194/160 170/207/170 156/187/156
f  156/187/156 170/207/170 155/188/157
f  160/197/162 169/204/167 173/208/171
f  169/204/167 167/206/169 172/209/172
f  169/204/167 172/209/172 173/208/171
f  173/208/171 172/209/172 171/210/173
f  160/197/162 173/208/171 170/207/170
f  173/208/171 171/210/173 174/211/174
f  173/208/171 174/211/174 170/207/170
f  170/207/170 174/211/174 155/188/157
f  155/188/157 174/211/174 159/191/159
f  174/211/174 171/210/173 175/212/175
f  174/211/174 175/212/175 159/191/159
f  159/191/159 175/212/175 7/192/9
f  7/192/9 175/212/175 18/213/16
f  175/212/175 171/210/173 176/214/176
f  175/212/175 176/214/176 18/213/16
f  18/213/16 176/214/176 16/215/18
f  171/210/173 172/209/172 179/216/177
f  172/209/172 167/206/169 178/217/178
f  172/209/172 178/217/178 179/216/177
f  179/216/177 178/217/178 177/218/179
f  171/210/173 179/216/177 176/214/176
f  179/216/177 177/218/179 180/219/180
f  179/216/177 180/219/180 176/214/176
f  176/214/176 180/219/180 16/215/18
f  16/215/18 180/219/180 23/220/21
f  180/219/180 177/218/179 181/221/181
f  180/219/180 181/221/181 23/220/21
f  23/220/21 181/221/181 21/23/23
f  182/222/182 185/223/183 187/224/184
f  185/223/183 183/225/185 186/226/186
f  185/223/183 186/226/186 187/224/184
f  187/224/184 186/226/186 184/227/187
f  183/225/185 190/228/188 192/229/189
f  190/228/188 188/230/190 191/231/191
f  190/228/188 191/231/191 192/229/189
f  192/229/189 191/231/191 189/232/192
f  183/225/185 192/229/189 186/226/186
f  192/229/189 189/232/192 193/233/193
f  192/229/189 193/233/193 186/226/186
f  186/226/186 193/233/193 184/227/187
f  184/227/187 193/233/193 196/234/194
f  193/233/193 189/232/192 195/235/195
f  193/233/193 195/235/195 196/234/194
f  196/234/194 195/235/195 194/236/196
f  188/230/190 199/237/197 201/238/198
f  199/237/197 197/239/199 200/240/200
f  199/237/197 200/240/200 201/238/198
f  201/238/198 200/240/200 198/241/201
f  197/239/199 204/242/202 206/243/203
f  204/242/202 202/244/204 205/245/205
f  204/242/202 205/245/205 206/243/203
f  206/243/203 205/245/205 203/246/206
f  197/239/199 206/243/203 200/240/200
f  206/243/203 203/246/206 207/247/207
f  206/243/203 207/247/207 200/240/200
f  200/240/200 207/247/207 198/241/201
f  198/241/201 207/247/207 210/248/208
f  207/247/207 203/246/206 209/249/209
f  207/247/207 209/249/209 210/248/208
f  210/248/208 209/249/209 208/250/210
f  188/230/190 201/238/198 191/231/191
f  201/238/198 198/241/201 211/251/211
f  201/238/198 211/251/211 191/231/191
f  191/231/191 211/251/211 189/232/192
f  198/241/201 210/248/208 214/252/212
f  210/248/208 208/250/210 213/253/213
f  210/248/208 213/253/213 214/252/212
f  214/252/212 213/253/213 212/254/214
f  198/241/201 214/252/212 211/251/211
f  214/252/212 212/254/214 215/255/215
f  214/252/212 215/255/215 211/251/211
f  211/251/211 215/255/215 189/232/192
f  189/232/192 215/255/215 195/235/195
f  215/255/215 212/254/214 216/256/216
f  215/255/215 216/256/216 195/235/195
f  195/235/195 216/256/216 194/236/196
f  194/236/196 216/256/216 219/257/217
f  216/256/216 212/254/214 218/258/218
f  216/256/216 218/258/218 219/257/217
f  219/257/217 218/258/218 217/259/219
f  212/254/214 213/253/213 222/260/220
f  213/253/213 208/250/210 221/261/221
f  213/253/213 221/261/221 222/260/220
f  222/260/220 221/261/221 220/262/222
f  212/254/214 222/260/220 218/258/218
f  222/260/220 220/262/222 223/263/223
f  222/260/220 223/263/223 218/258/218
f  218/258/218 223/263/223 217/259/219
f  217/259/219 223/263/223 226/264/224
f  223/263/223 220/262/222 225/265/225
f  223/263/223 225/265/225 226/264/224
f  226/264/224 225/265/225 224/266/226
f  182/222/182 187/224/184 229/267/227
f  187/224/184 184/227/187 228/268/228
f  187/224/184 228/268/228 229/267/227
f  229/267/227 228/268/228 227/269/229
f  184/227/187 196/234/194 232/270/230
f  196/234/194 194/236/196 231/271/231
f  196/234/194 231/271/231 232/270/230
f  232/270/230 231/271/231 230/272/232
f  184/227/187 232/270/230 228/268/228
f  232/270/230 230/272/232 233/273/233
f  232/270/230 233/273/233 228/268/228
f  228/268/228 233/273/233 227/269/229
f  227/269/229 233/273/233 236/274/234
f  233/273/233 230/272/232 235/275/235
f  233/273/233 235/275/235 236/274/234
f  236/274/234 235/275/235 234/276/236
f  194/236/196 219/257/217 239/277/237
f  219/257/217 217/259/219 238/278/238
f  219/257/217 238/278/238 239/277/237
f  239/277/237 238/278/238 237/279/239
f  217/259/219 226/264/224 242/280/240
f  226/264/224 224/266/226 241/281/241
f  226/264/224 241/281/241 242/280/240
f  242/280/240 241/281/241 240/282/242
f  217/259/219 242/280/240 238/278/238
f  242/280/240 240/282/242 243/283/243
f  242/280/240 243/283/243 238/278/238
f  238/278/238 243/283/243 237/279/239
f  237/279/239 243/283/243 246/284/244
f  243/283/243 240/282/242 245/285/245
f  243/283/243 245/285/245 246/284/244
f  246/284/244 245/285/245 244/286/246
f  194/236/196 239/277/237 231/271/231
f  239/277/237 237/279/239 247/287/247
f  239/277/237 247/287/247 231/271/231
f  231/271/231 247/287/247 230/272/232
f  237/279/239 246/284/244 250/288/248
f  246/284/244 244/286/246 249/289/249
f  246/284/244 249/289/249 250/288/248
f  250/288/248 249/289/249 248/290/250
f  237/279/239 250/288/248 247/287/247
f  250/288/248 248/290/250 251/291/251
f  250/288/248 251/291/251 247/287/247
f  247/287/247 251/291/251 230/272/232
f  230/272/232 251/291/251 235/275/235
f  251/291/251 248/290/250 252/292/252
f  251/291/251 252/292/252 235/275/235
f  235/275/235 252/292/252 234/276/236
f  234/276/236 252/292/252 255/293/253
f  252/292/252 248/290/250 254/294/254
f  252/292/252 254/294/254 255/293/253
f  255/293/253 254/294/254 253/295/255
f  248/290/250 249/289/249 258/296/256
f  249/289/249 244/286/246 257/297/257
f  249/289/249 257/297/257 258/296/256
f  258/296/256 257/297/257 256/298/258
f  248/290/250 258/296/256 254/294/254
f  258/296/256 256/298/258 259/299/259
f  258/296/256 259/299/259 254/294/254
f  254/294/254 259/299/259 253/295/255
f  253/295/255 259/299/259 261/300/260
f  259/299/259 256/298/258 260/301/261
f  259/299/259 260/301/261 261/300/260
f  261/300/260 260/301/261 43/45/45
f  182/222/182 229/267/227 264/302/262
f  229/267/227 227/269/229 263/303/263
f  229/267/227 263/303/263 264/302/262
f  264/302/262 263/303/263 262/304/264
f  227/269/229 236/274/234 267/305/265
f  236/274/234 234/276/236 266/306/266
f  236/274/234 266/306/266 267/305/265
f  267/305/265 266/306/266 265/307/267
f  227/269/229 267/305/265 263/303/263
f  267/305/265 265/307/267 268/308/268
f  267/305/265 268/308/268 263/303/263
f  263/303/263 268/308/268 262/304/264
f  262/304/264 268/308/268 271/309/269
f  268/308/268 265/307/267 270/310/270
f  268/308/268 270/310/270 271/309/269
f  271/309/269 270/310/270 269/311/271
f  234/276/236 255/293/253 274/312/272
f  255/293/253 253/295/255 273/313/273
f  255/293/253 273/313/273 274/312/272
f  274/312/272 273/313/273 272/314/274
f  253/295/255 261/300/260 275/315/275
f  261/300/260 43/45/45 44/44/44
f  261/300/260 44/44/44 275/315/275
f  275/315/275 44/44/44 39/41/41
f  253/295/255 275/315/275 273/313/273
f  275/315/275 39/41/41 276/316/276
f  275/315/275 276/316/276 273/313/273
f  273/313/273 276/316/276 272/314/274
f  272/314/274 276/316/276 277/317/277
f  276/316/276 39/41/41 40/40/40
f  276/316/276 40/40/40 277/317/277
f  277/317/277 40/40/40 27/29/29
f  234/276/236 274/312/272 266/306/266
f  274/312/272 272/314/274 278/318/278
f  274/312/272 278/318/278 266/306/266
f  266/306/266 278/318/278 265/307/267
f  272/314/274 277/317/277 281/319/279
f  277/317/277 27/29/29 280/320/280
f  277/317/277 280/320/280 281/319/279
f  281/319/279 280/320/280 279/321/281
f  272/314/274 281/319/279 278/318/278
f  281/319/279 279/321/281 282/322/282
f  281/319/279 282/322/282 278/318/278
f  278/318/278 282/322/282 265/307/267
f  265/307/267 282/322/282 270/310/270
f  282/322/282 279/321/281 283/323/283
f  282/322/282 283/323/283 270/310/270
f  270/310/270 283/323/283 269/311/271
f  269/311/271 283/323/283 286/324/284
f  283/323/283 279/321/281 285/325/285
f  283/323/283 285/325/285 286/324/284
f  286/324/284 285/325/285 284/326/286
f  279/321/281 280/320/280 287/327/287
f  280/320/280 27/29/29 28/28/28
f  280/320/280 28/28/28 287/327/287
f  287/327/287 28/28/28 22/25/25
f  279/321/281 287/327/287 285/325/285
f  287/327/287 22/25/25 288/328/288
f  287/327/287 288/328/288 285/325/285
f  285/325/285 288/328/288 284/326/286
f  284/326/286 288/328/288 289/329/289
f  288/328/288 22/25/25 24/24/24
f  288/328/288 24/24/24 289/329/289
f  289/329/289 24/24/24 21/23/23
f  182/222/182 264/302/262 292/330/290
f  264/302/262 262/304/264 291/331/291
f  264/302/262 291/331/291 292/330/290
f  292/330/290 291/331/291 290/332/292
f  262/304/264 271/309/269 295/333/293
f  271/309/269 269/311/271 294/334/294
f  271/309/269 294/334/294 295/333/293
f  295/333/293 294/334/294 293/335/295
f  262/304/264 295/333/293 291/331/291
f  295/333/293 293/335/295 296/336/296
f  295/333/293 296/336/296 291/331/291
f  291/331/291 296/336/296 290/332/292
f  290/332/292 296/336/296 299/337/297
f  296/336/296 293/335/295 298/338/298
f  296/336/296 298/338/298 299/337/297
f  299/337/297 298/338/298 297/339/299
f  269/311/271 286/324/284 302/340/300
f  286/324/284 284/326/286 301/341/301
f  286/324/284 301/341/301 302/340/300
f  302/340/300 301/341/301 300/342/302
f  284/326/286 289/329/289 305/343/303
f  289/329/289 21/23/23 304/344/304
f  289/329/289 304/344/304 305/343/303
f  305/343/303 304/344/304 303/345/305
f  284/326/286 305/343/303 301/341/301
f  305/343/303 303/345/305 306/346/306
f  305/343/303 306/346/306 301/341/301
f  301/341/301 306/346/306 300/342/302
f  300/342/302 306/346/306 309/347/307
f  306/346/306 303/345/305 308/348/308
f  306/346/306 308/348/308 309/347/307
f  309/347/307 308/348/308 307/349/309
f  269/311/271 302/340/300 294/334/294
f  302/340/300 300/342/302 310/350/310
f  302/340/300 310/350/310 294/334/294
f  294/334/294 310/350/310 293/335/295
f  300/342/302 309/347/307 313/351/311
f  309/347/307 307/349/309 312/352/312
f  309/347/307 312/352/312 313/351/311
f  313/351/311 312/352/312 311/353/313
f  300/342/302 313/351/311 310/350/310
f  313/351/311 311/353/313 314/354/314
f  313/351/311 314/354/314 310/350/310
f  310/350/310 314/354/314 293/335/295
f  293/335/295 314/354/314 298/338/298
f  314/354/314 311/353/313 315/355/315
f  314/354/314 315/355/315 298/338/298
f  298/338/298 315/355/315 297/339/299
f  297/339/299 315/355/315 318/356/316
f  315/355/315 311/353/313 317/357/317
f  315/355/315 317/357/317 318/356/316
f  318/356/316 317/357/317 316/358/318
f  311/353/313 312/352/312 321/359/319
f  312/352/312 307/349/309 320/360/320
f  312/352/312 320/360/320 321/359/319
f  321/359/319 320/360/320 319/361/321
f  311/353/313 321/359/319 317/357/317
f  321/359/319 319/361/321 322/362/322
f  321/359/319 322/362/322 317/357/317
f  317/357/317 322/362/322 316/358/318
f  316/358/318 322/362/322 325/363/323
f  322/362/322 319/361/321 324/364/324
f  322/362/322 324/364/324 325/363/323
f  325/363/323 324/364/324 323/365/325
f  182/222/182 292/330/290 185/223/183
f  292/330/290 290/332/292 326/366/326
f  292/330/290 326/366/326 185/223/183
f  185/223/183 326/366/326 183/225/185
f  290/332/292 299/337/297 329/367/327
f  299/337/297 297/339/299 328/368/328
f  299/337/297 328/368/328 329/367/327
f  329/367/327 328/368/328 327/369/329
f  290/332/292 329/367/327 326/366/326
f  329/367/327 327/369/329 330/370/330
f  329/367/327 330/370/330 326/366/326
f  326/366/326 330/370/330 183/225/185
f  183/225/185 330/370/330 190/228/188
f  330/370/330 327/369/329 331/371/331
f  330/370/330 331/371/331 190/228/188
f  190/228/188 331/371/331 188/230/190
f  297/339/299 318/356/316 334/372/332
f  318/356/316 316/358/318 333/373/333
f  318/356/316 333/373/333 334/372/332
f  334/372/332 333/373/333 332/374/334
f  316/358/318 325/363/323 337/375/335
f  325/363/323 323/365/325 336/376/336
f  325/363/323 336/376/336 337/375/335
f  337/375/335 336/376/336 335/377/337
f  316/358/318 337/375/335 333/373/333
f  337/375/335 335/377/337 338/378/338
f  337/375/335 338/378/338 333/373/333
f  333/373/333 338/378/338 332/374/334
f  332/374/334 338/378/338 341/379/339
f  338/378/338 335/377/337 340/380/340
f  338/378/338 340/380/340 341/379/339
f  341/379/339 340/380/340 339/381/341
f  297/339/299 334/372/332 328/368/328
f  334/372/332 332/374/334 342/382/342
f  334/372/332 342/382/342 328/368/328
f  328/368/328 342/382/342 327/369/329
f  332/374/334 341/379/339 345/383/343
f  341/379/339 339/381/341 344/384/344
f  341/379/339 344/384/344 345/383/343
f  345/383/343 344/384/344 343/385/345
f  332/374/334 345/383/343 342/382/342
f  345/383/343 343/385/345 346/386/346
f  345/383/343 346/386/346 342/382/342
f  342/382/342 346/386/346 327/369/329
f  327/369/329 346/386/346 331/371/331
f  346/386/346 343/385/345 347/387/347
f  346/386/346 347/387/347 331/371/331
f  331/371/331 347/387/347 188/230/190
f  188/230/190 347/387/347 199/237/197
f  347/387/347 343/385/345 348/388/348
f  347/387/347 348/388/348 199/237/197
f  199/237/197 348/388/348 197/239/199
f  343/385/345 344/384/344 351/389/349
f  344/384/344 339/381/341 350/390/350
f  344/384/344 350/390/350 351/389/349
f  351/389/349 350/390/350 349/391/351
f  343/385/345 351/389/349 348/388/348
f  351/389/349 349/391/351 352/392/352
f  351/389/349 352/392/352 348/388/348
f  348/388/348 352/392/352 197/239/199
f  197/239/199 352/392/352 204/242/202
f  352/392/352 349/391/351 353/393/353
f  352/392/352 353/393/353 204/242/202
f  204/242/202 353/393/353 202/244/204
f  354/394/354 357/395/355 359/396/356
f  357/395/355 355/397/357 358/398/358
f  357/395/355 358/398/358 359/396/356
f  359/396/356 358/398/358 356/399/359
f  355/397/357 362/400/360 364/401/361
f  362/400/360 360/402/362 363/403/363
f  362/400/360 363/403/363 364/401/361
f  364/401/361 363/403/363 361/404/364
f  355/397/357 364/401/361 358/398/358
f  364/401/361 361/404/364 365/405/365
f  364/401/361 365/405/365 358/398/358
f  358/398/358 365/405/365 356/399/359
f  356/399/359 365/405/365 368/406/366
f  365/405/365 361/404/364 367/407/367
f  365/405/365 367/407/367 368/406/366
f  368/406/366 367/407/367 366/408/368
f  360/402/362 371/409/369 373/410/370
f  371/409/369 369/411/371 372/412/372
f  371/409/369 372/412/372 373/410/370
f  373/410/370 372/412/372 370/413/373
f  369/411/371 376/414/374 378/415/375
f  376/414/374 374/416/376 377/417/377
f  376/414/374 377/417/377 378/415/375
f  378/415/375 377/417/377 375/418/378
f  369/411/371 378/415/375 372/412/372
f  378/415/375 375/418/378 379/419/379
f  378/415/375 379/419/379 372/412/372
f  372/412/372 379/419/379 370/413/373
f  370/413/373 379/419/379 382/420/380
f  379/419/379 375/418/378 381/421/381
f  379/419/379 381/421/381 382/420/380
f  382/420/380 381/421/381 380/422/382
f  360/402/362 373/410/370 363/403/363
f  373/410/370 370/413/373 383/423/383
f  373/410/370 383/423/383 363/403/363
f  363/403/363 383/423/383 361/404/364
f  370/413/373 382/420/380 386/424/384
f  382/420/380 380/422/382 385/425/385
f  382/420/380 385/425/385 386/424/384
f  386/424/384 385/425/385 384/426/386
f  370/413/373 386/424/384 383/423/383
f  386/424/384 384/426/386 387/427/387
f  386/424/384 387/427/387 383/423/383
f  383/423/383 387/427/387 361/404/364
f  361/404/364 387/427/387 367/407/367
f  387/427/387 384/426/386 388/428/388
f  387/427/387 388/428/388 367/407/367
f  367/407/367 388/428/388 366/408/368
f  366/408/368 388/428/388 391/429/389
f  388/428/388 384/426/386 390/430/390
f  388/428/388 390/430/390 391/429/389
f  391/429/389 390/430/390 389/431/391
f  384/426/386 385/425/385 394/432/392
f  385/425/385 380/422/382 393/433/393
f  385/425/385 393/433/393 394/432/392
f  394/432/392 393/433/393 392/434/394
f  384/426/386 394/432/392 390/430/390
f  394/432/392 392/434/394 395/435/395
f  394/432/392 395/435/395 390/430/390
f  390/430/390 395/435/395 389/431/391
f  389/431/391 395/435/395 398/436/396
f  395/435/395 392/434/394 397/437/397
f  395/435/395 397/437/397 398/436/396
f  398/436/396 397/437/397 396/438/398
f  354/394/354 359/396/356 401/439/399
f  359/396/356 356/399/359 400/440/400
f  359/396/356 400/440/400 401/439/399
f  401/439/399 400/440/400 399/441/401
f  356/399/359 368/406/366 404/442/402
f  368/406/366 366/408/368 403/443/403
f  368/406/366 403/443/403 404/442/402
f  404/442/402 403/443/403 402/444/404
f  356/399/359 404/442/402 400/440/400
f  404/442/402 402/444/404 405/445/405
f  404/442/402 405/445/405 400/440/400
f  400/440/400 405/445/405 399/441/401
f  399/441/401 405/445/405 408/446/406
f  405/445/405 402/444/404 407/447/407
f  405/445/405 407/447/407 408/446/406
f  408/446/406 407/447/407 406/448/408
f  366/408/368 391/429/389 411/449/409
f  391/429/389 389/431/391 410/450/410
f  391/429/389 410/450/410 411/449/409
f  411/449/409 410/450/410 409/451/411
f  389/431/391 398/436/396 414/452/412
f  398/436/396 396/438/398 413/453/413
f  398/436/396 413/453/413 414/452/412
f  414/452/412 413/453/413 412/454/414
f  389/431/391 414/452/412 410/450/410
f  414/452/412 412/454/414 415/455/415
f  414/452/412 415/455/415 410/450/410
f  410/450/410 415/455/415 409/451/411
f  409/451/411 415/455/415 418/456/416
f  415/455/415 412/454/414 417/457/417
f  415/455/415 417/457/417 418/456/416
f  418/456/416 417/457/417 416/458/418
f  366/408/368 411/449/409 403/443/403
f  411/449/409 409/451/411 419/459/419
f  411/449/409 419/459/419 403/443/403
f  403/443/403 419/459/419 402/444/404
f  409/451/411 418/456/416 422/460/420
f  418/456/416 416/458/418 421/461/421
f  418/456/416 421/461/421 422/460/420
f  422/460/420 421/461/421 420/462/422
f  409/451/411 422/460/420 419/459/419
f  422/460/420 420/462/422 423/463/423
f  422/460/420 423/463/423 419/459/419
f  419/459/419 423/463/423 402/444/404
f  402/444/404 423/463/423 407/447/407
f  423/463/423 420/462/422 424/464/424
f  423/463/423 424/464/424 407/447/407
f  407/447/407 424/464/424 406/448/408
f  406/448/408 424/464/424 427/465/425
f  424/464/424 420/462/422 426/466/426
f  424/464/424 426/466/426 427/465/425
f  427/465/425 426/466/426 425/467/427
f  420/462/422 421/461/421 430/468/428
f  421/461/421 416/458/418 429/469/429
f  421/461/421 429/469/429 430/468/428
f  430/468/428 429/469/429 428/470/430
f  420/462/422 430/468/428 426/466/426
f  430/468/428 428/470/430 431/471/431
f  430/468/428 431/471/431 426/466/426
f  426/466/426 431/471/431 425/467/427
f  425/467/427 431/471/431 433/472/432
f  431/471/431 428/470/430 432/473/433
f  431/471/431 432/473/433 433/472/432
f  433/472/432 432/473/433 79/89/81
f  354/394/354 401/439/399 436/474/434
f  401/439/399 399/441/401 435/475/435
f  401/439/399 435/475/435 436/474/434
f  436/474/434 435/475/435 434/476/436
f  399/441/401 408/446/406 439/477/437
f  408/446/406 406/448/408 438/478/438
f  408/446/406 438/478/438 439/477/437
f  439/477/437 438/478/438 437/479/439
f  399/441/401 439/477/437 435/475/435
f  439/477/437 437/479/439 440/480/440
f  439/477/437 440/480/440 435/475/435
f  435/475/435 440/480/440 434/476/436
f  434/476/436 440/480/440 443/481/441
f  440/480/440 437/479/439 442/482/442
f  440/480/440 442/482/442 443/481/441
f  443/481/441 442/482/442 441/483/443
f  406/448/408 427/465/425 446/484/444
f  427/465/425 425/467/427 445/485/445
f  427/465/425 445/485/445 446/484/444
f  446/484/444 445/485/445 444/486/446
f  425/467/427 433/472/432 447/487/447
f  433/472/432 79/89/81 80/88/80
f  433/472/432 80/88/80 447/487/447
f  447/487/447 80/88/80 75/85/77
f  425/467/427 447/487/447 445/485/445
f  447/487/447 75/85/77 448/488/448
f  447/487/447 448/488/448 445/485/445
f  445/485/445 448/488/448 444/486/446
f  444/486/446 448/488/448 449/489/449
f  448/488/448 75/85/77 76/84/76
f  448/488/448 76/84/76 449/489/449
f  449/489/449 76/84/76 63/73/65
f  406/448/408 446/484/444 438/478/438
f  446/484/444 444/486/446 450/490/450
f  446/484/444 450/490/450 438/478/438
f  438/478/438 450/490/450 437/479/439
f  444/486/446 449/489/449 453/491/451
f  449/489/449 63/73/65 452/492/452
f  449/489/449 452/492/452 453/491/451
f  453/491/451 452/492/452 451/493/453
f  444/486/446 453/491/451 450/490/450
f  453/491/451 451/493/453 454/494/454
f  453/491/451 454/494/454 450/490/450
f  450/490/450 454/494/454 437/479/439
f  437/479/439 454/494/454 442/482/442
f  454/494/454 451/493/453 455/495/455
f  454/494/454 455/495/455 442/482/442
f  442/482/442 455/495/455 441/483/443
f  441/483/443 455/495/455 458/496/456
f  455/495/455 451/493/453 457/497/457
f  455/495/455 457/497/457 458/496/456
f  458/496/456 457/497/457 456/498/458
f  451/493/453 452/492/452 459/499/459
f  452/492/452 63/73/65 64/72/64
f  452/492/452 64/72/64 459/499/459
f  459/499/459 64/72/64 59/69/61
f  451/493/453 459/499/459 457/497/457
f  459/499/459 59/69/61 460/500/460
f  459/499/459 460/500/460 457/497/457
f  457/497/457 460/500/460 456/498/458
f  456/498/458 460/500/460 461/501/461
f  460/500/460 59/69/61 60/68/60
f  460/500/460 60/68/60 461/501/461
f  461/501/461 60/68/60 43/45/45
f  354/394/354 436/474/434 464/502/462
f  436/474/434 434/476/436 463/503/463
f  436/474/434 463/503/463 464/502/462
f  464/502/462 463/503/463 462/504/464
f  434/476/436 443/481/441 467/505/465
f  443/481/441 441/483/443 466/506/466
f  443/481/441 466/506/466 467/505/465
f  467/505/465 466/506/466 465/507/467
f  434/476/436 467/505/465 463/503/463
f  467/505/465 465/507/467 468/508/468
f  467/505/465 468/508/468 463/503/463
f  463/503/463 468/508/468 462/504/464
f  462/504/464 468/508/468 471/509/469
f  468/508/468 465/507/467 470/510/470
f  468/508/468 470/510/470 471/509/469
f  471/509/469 470/510/470 469/511/471
f  441/483/443 458/496/456 474/512/472
f  458/496/456 456/498/458 473/513/473
f  458/496/456 473/513/473 474/512/472
f  474/512/472 473/513/473 472/514/474
f  456/498/458 461/501/461 475/515/475
f  461/501/461 43/45/45 260/301/261
f  461/501/461 260/301/261 475/515/475
f  475/515/475 260/301/261 256/298/258
f  456/498/458 475/515/475 473/513/473
f  475/515/475 256/298/258 476/516/476
f  475/515/475 476/516/476 473/513/473
f  473/513/473 476/516/476 472/514/474
f  472/514/474 476/516/476 477/517/477
f  476/516/476 256/298/258 257/297/257
f  476/516/476 257/297/257 477/517/477
f  477/517/477 257/297/257 244/286/246
f  441/483/443 474/512/472 466/506/466
f  474/512/472 472/514/474 478/518/478
f  474/512/472 478/518/478 466/506/466
f  466/506/466 478/518/478 465/507/467
f  472/514/474 477/517/477 481/519/479
f  477/517/477 244/286/246 480/520/480
f  477/517/477 480/520/480 481/519/479
f  481/519/479 480/520/480 479/521/481
f  472/514/474 481/519/479 478/518/478
f  481/519/479 479/521/481 482/522/482
f  481/519/479 482/522/482 478/518/478
f  478/518/478 482/522/482 465/507/467
f  465/507/467 482/522/482 470/510/470
f  482/522/482 479/521/481 483/523/483
f  482/522/482 483/523/483 470/510/470
f  470/510/470 483/523/483 469/511/471
f  469/511/471 483/523/483 486/524/484
f  483/523/483 479/521/481 485/525/485
f  483/523/483 485/525/485 486/524/484
f  486/524/484 485/525/485 484/526/486
f  479/521/481 480/520/480 487/527/487
f  480/520/480 244/286/246 245/285/245
f  480/520/480 245/285/245 487/527/487
f  487/527/487 245/285/245 240/282/242
f  479/521/481 487/527/487 485/525/485
f  487/527/487 240/282/242 488/528/488
f  487/527/487 488/528/488 485/525/485
f  485/525/485 488/528/488 484/526/486
f  484/526/486 488/528/488 489/529/489
f  488/528/488 240/282/242 241/281/241
f  488/528/488 241/281/241 489/529/489
f  489/529/489 241/281/241 224/266/226
f  354/394/354 464/502/462 357/395/355
f  464/502/462 462/504/464 490/530/490
f  464/502/462 490/530/490 357/395/355
f  357/395/355 490/530/490 355/397/357
f  462/504/464 471/509/469 493/531/491
f  471/509/469 469/511/471 492/532/492
f  471/509/469 492/532/492 493/531/491
f  493/531/491 492/532/492 491/533/493
f  462/504/464 493/531/491 490/530/490
f  493/531/491 491/533/493 494/534/494
f  493/531/491 494/534/494 490/530/490
f  490/530/490 494/534/494 355/397/357
f  355/397/357 494/534/494 362/400/360
f  494/534/494 491/533/493 495/535/495
f  494/534/494 495/535/495 362/400/360
f  362/400/360 495/535/495 360/402/362
f  469/511/471 486/524/484 498/536/496
f  486/524/484 484/526/486 497/537/497
f  486/524/484 497/537/497 498/536/496
f  498/536/496 497/537/497 496/538/498
f  484/526/486 489/529/489 501/539/499
f  489/529/489 224/266/226 500/540/500
f  489/529/489 500/540/500 501/539/499
f  501/539/499 500/540/500 499/541/501
f  484/526/486 501/539/499 497/537/497
f  501/539/499 499/541/501 502/542/502
f  501/539/499 502/542/502 497/537/497
f  497/537/497 502/542/502 496/538/498
f  496/538/498 502/542/502 505/543/503
f  502/542/502 499/541/501 504/544/504
f  502/542/502 504/544/504 505/543/503
f  505/543/503 504/544/504 503/545/505
f  469/511/471 498/536/496 492/532/492
f  498/536/496 496/538/498 506/546/506
f  498/536/496 506/546/506 492/532/492
f  492/532/492 506/546/506 491/533/493
f  496/538/498 505/543/503 509/547/507
f  505/543/503 503/545/505 508/548/508
f  505/543/503 508/548/508 509/547/507
f  509/547/507 508/548/508 507/549/509
f  496/538/498 509/547/507 506/546/506
f  509/547/507 507/549/509 510/550/510
f  509/547/507 510/550/510 506/546/506
f  506/546/506 510/550/510 491/533/493
f  491/533/493 510/550/510 495/535/495
f  510/550/510 507/549/509 511/551/511
f  510/550/510 511/551/511 495/535/495
f  495/535/495 511/551/511 360/402/362
f  360/402/362 511/551/511 371/409/369
f  511/551/511 507/549/509 512/552/512
f  511/551/511 512/552/512 371/409/369
f  371/409/369 512/552/512 369/411/371
f  507/549/509 508/548/508 515/553/513
f  508/548/508 503/545/505 514/554/514
f  508/548/508 514/554/514 515/553/513
f  515/553/513 514/554/514 513/555/515
f  507/549/509 515/553/513 512/552/512
f  515/553/513 513/555/515 516/556/516
f  515/553/513 516/556/516 512/552/512
f  512/552/512 516/556/516 369/411/371
f  369/411/371 516/556/516 376/414/374
f  516/556/516 513/555/515 517/557/517
f  516/556/516 517/557/517 376/414/374
f  376/414/374 517/557/517 374/416/376
f  518/558/518 521/559/519 523/560/520
f  521/559/519 519/561/521 522/562/522
f  521/559/519 522/562/522 523/560/520
f  523/560/520 522/562/522 520/563/523
f  519/561/521 526/564/524 528/565/525
f  526/564/524 524/566/526 527/567/527
f  526/564/524 527/567/527 528/565/525
f  528/565/525 527/567/527 525/568/528
f  519/561/521 528/565/525 522/562/522
f  528/565/525 525/568/528 529/569/529
f  528/565/525 529/569/529 522/562/522
f  522/562/522 529/569/529 520/563/523
f  520/563/523 529/569/529 532/570/530
f  529/569/529 525/568/528 531/571/531
f  529/569/529 531/571/531 532/570/530
f  532/570/530 531/571/531 530/572/532
f  524/566/526 535/573/533 537/574/534
f  535/573/533 533/575/535 536/576/536
f  535/573/533 536/576/536 537/574/534
f  537/574/534 536/576/536 534/577/537
f  533/575/535 540/578/538 542/579/539
f  540/578/538 538/580/540 541/581/541
f  540/578/538 541/581/541 542/579/539
f  542/579/539 541/581/541 539/582/542
f  533/575/535 542/579/539 536/576/536
f  542/579/539 539/582/542 543/583/543
f  542/579/539 543/583/543 536/576/536
f  536/576/536 543/583/543 534/577/537
f  534/577/537 543/583/543 546/584/544
f  543/583/543 539/582/542 545/585/545
f  543/583/543 545/585/545 546/584/544
f  546/584/544 545/585/545 544/586/546
f  524/566/526 537/574/534 527/567/527
f  537/574/534 534/577/537 547/587/547
f  537/574/534 547/587/547 527/567/527
f  527/567/527 547/587/547 525/568/528
f  534/577/537 546/584/544 550/588/548
f  546/584/544 544/586/546 549/589/549
f  546/584/544 549/589/549 550/588/548
f  550/588/548 549/589/549 548/590/550
f  534/577/537 550/588/548 547/587/547
f  550/588/548 548/590/550 551/591/551
f  550/588/548 551/591/551 547/587/547
f  547/587/547 551/591/551 525/568/528
f  525/568/528 551/591/551 531/571/531
f  551/591/551 548/590/550 552/592/552
f  551/591/551 552/592/552 531/571/531
f  531/571/531 552/592/552 530/572/532
f  530/572/532 552/592/552 555/593/553
f  552/592/552 548/590/550 554/594/554
f  552/592/552 554/594/554 555/593/553
f  555/593/553 554/594/554 553/595/555
f  548/590/550 549/589/549 558/596/556
f  549/589/549 544/586/546 557/597/557
f  549/589/549 557/597/557 558/596/556
f  558/596/556 557/597/557 556/598/558
f  548/590/550 558/596/556 554/594/554
f  558/596/556 556/598/558 559/599/559
f  558/596/556 559/599/559 554/594/554
f  554/594/554 559/599/559 553/595/555
f  553/595/555 559/599/559 562/600/560
f  559/599/559 556/598/558 561/601/561
f  559/599/559 561/601/561 562/600/560
f  562/600/560 561/601/561 560/602/562
f  518/558/518 523/560/520 565/603/563
f  523/560/520 520/563/523 564/604/564
f  523/560/520 564/604/564 565/603/563
f  565/603/563 564/604/564 563/605/565
f  520/563/523 532/570/530 568/606/566
f  532/570/530 530/572/532 567/607/567
f  532/570/530 567/607/567 568/606/566
f  568/606/566 567/607/567 566/608/568
f  520/563/523 568/606/566 564/604/564
f  568/606/566 566/608/568 569/609/569
f  568/606/566 569/609/569 564/604/564
f  564/604/564 569/609/569 563/605/565
f  563/605/565 569/609/569 572/610/570
f  569/609/569 566/608/568 571/611/571
f  569/609/569 571/611/571 572/610/570
f  572/610/570 571/611/571 570/612/572
f  530/572/532 555/593/553 575/613/573
f  555/593/553 553/595/555 574/614/574
f  555/593/553 574/614/574 575/613/573
f  575/613/573 574/614/574 573/615/575
f  553/595/555 562/600/560 578/616/576
f  562/600/560 560/602/562 577/617/577
f  562/600/560 577/617/577 578/616/576
f  578/616/576 577/617/577 576/618/578
f  553/595/555 578/616/576 574/614/574
f  578/616/576 576/618/578 579/619/579
f  578/616/576 579/619/579 574/614/574
f  574/614/574 579/619/579 573/615/575
f  573/615/575 579/619/579 582/620/580
f  579/619/579 576/618/578 581/621/581
f  579/619/579 581/621/581 582/620/580
f  582/620/580 581/621/581 580/622/582
f  530/572/532 575/613/573 567/607/567
f  575/613/573 573/615/575 583/623/583
f  575/613/573 583/623/583 567/607/567
f  567/607/567 583/623/583 566/608/568
f  573/615/575 582/620/580 586/624/584
f  582/620/580 580/622/582 585/625/585
f  582/620/580 585/625/585 586/624/584
f  586/624/584 585/625/585 584/626/586
f  573/615/575 586/624/584 583/623/583
f  586/624/584 584/626/586 587/627/587
f  586/624/584 587/627/587 583/623/583
f  583/623/583 587/627/587 566/608/568
f  566/608/568 587/627/587 571/611/571
f  587/627/587 584/626/586 588/628/588
f  587/627/587 588/628/588 571/611/571
f  571/611/571 588/628/588 570/612/572
f  570/612/572 588/628/588 591/629/589
f  588/628/588 584/626/586 590/630/590
f  588/628/588 590/630/590 591/629/589
f  591/629/589 590/630/590 589/631/591
f  584/626/586 585/625/585 594/632/592
f  585/625/585 580/622/582 593/633/593
f  585/625/585 593/633/593 594/632/592
f  594/632/592 593/633/593 592/634/594
f  584/626/586 594/632/592 590/630/590
f  594/632/592 592/634/594 595/635/595
f  594/632/592 595/635/595 590/630/590
f  590/630/590 595/635/595 589/631/591
f  589/631/591 595/635/595 597/636/596
f  595/635/595 592/634/594 596/637/597
f  595/635/595 596/637/597 597/636/596
f  597/636/596 596/637/597 115/133/117
f  518/558/518 565/603/563 600/638/598
f  565/603/563 563/605/565 599/639/599
f  565/603/563 599/639/599 600/638/598
f  600/638/598 599/639/599 598/640/600
f  563/605/565 572/610/570 603/641/601
f  572/610/570 570/612/572 602/642/602
f  572/610/570 602/642/602 603/641/601
f  603/641/601 602/642/602 601/643/603
f  563/605/565 603/641/601 599/639/599
f  603/641/601 601/643/603 604/644/604
f  603/641/601 604/644/604 599/639/599
f  599/639/599 604/644/604 598/640/600
f  598/640/600 604/644/604 607/645/605
f  604/644/604 601/643/603 606/646/606
f  604/644/604 606/646/606 607/645/605
f  607/645/605 606/646/606 605/647/607
f  570/612/572 591/629/589 610/648/608
f  591/629/589 589/631/591 609/649/609
f  591/629/589 609/649/609 610/648/608
f  610/648/608 609/649/609 608/650/610
f  589/631/591 597/636/596 611/651/611
f  597/636/596 115/133/117 116/132/116
f  597/636/596 116/132/116 611/651/611
f  611/651/611 116/132/116 111/129/113
f  589/631/591 611/651/611 609/649/609
f  611/651/611 111/129/113 612/652/612
f  611/651/611 612/652/612 609/649/609
f  609/649/609 612/652/612 608/650/610
f  608/650/610 612/652/612 613/653/613
f  612/652/612 111/129/113 112/128/112
f  612/652/612 112/128/112 613/653/613
f  613/653/613 112/128/112 99/117/101
f  570/612/572 610/648/608 602/642/602
f  610/648/608 608/650/610 614/654/614
f  610/648/608 614/654/614 602/642/602
f  602/642/602 614/654/614 601/643/603
f  608/650/610 613/653/613 617/655/615
f  613/653/613 99/117/101 616/656/616
f  613/653/613 616/656/616 617/655/615
f  617/655/615 616/656/616 615/657/617
f  608/650/610 617/655/615 614/654/614
f  617/655/615 615/657/617 618/658/618
f  617/655/615 618/658/618 614/654/614
f  614/654/614 618/658/618 601/643/603
f  601/643/603 618/658/618 606/646/606
f  618/658/618 615/657/617 619/659/619
f  618/658/618 619/659/619 606/646/606
f  606/646/606 619/659/619 605/647/607
f  605/647/607 619/659/619 622/660/620
f  619/659/619 615/657/617 621/661/621
f  619/659/619 621/661/621 622/660/620
f  622/660/620 621/661/621 620/662/622
f  615/657/617 616/656/616 623/663/623
f  616/656/616 99/117/101 100/116/100
f  616/656/616 100/116/100 623/663/623
f  623/663/623 100/116/100 95/113/97
f  615/657/617 623/663/623 621/661/621
f  623/663/623 95/113/97 624/664/624
f  623/663/623 624/664/624 621/661/621
f  621/661/621 624/664/624 620/662/622
f  620/662/622 624/664/624 625/665/625
f  624/664/624 95/113/97 96/112/96
f  624/664/624 96/112/96 625/665/625
f  625/665/625 96/112/96 79/89/81
f  518/558/518 600/638/598 628/666/626
f  600/638/598 598/640/600 627/667/627
f  600/638/598 627/667/627 628/666/626
f  628/666/626 627/667/627 626/668/628
f  598/640/600 607/645/605 631/669/629
f  607/645/605 605/647/607 630/670/630
f  607/645/605 630/670/630 631/669/629
f  631/669/629 630/670/630 629/671/631
f  598/640/600 631/669/629 627/667/627
f  631/669/629 629/671/631 632/672/632
f  631/669/629 632/672/632 627/667/627
f  627/667/627 632/672/632 626/668/628
f  626/668/628 632/672/632 635/673/633
f  632/672/632 629/671/631 634/674/634
f  632/672/632 634/674/634 635/673/633
f  635/673/633 634/674/634 633/675/635
f  605/647/607 622/660/620 638/676/636
f  622/660/620 620/662/622 637/677/637
f  622/660/620 637/677/637 638/676/636
f  638/676/636 637/677/637 636/678/638
f  620/662/622 625/665/625 639/679/639
f  625/665/625 79/89/81 432/473/433
f  625/665/625 432/473/433 639/679/639
f  639/679/639 432/473/433 428/470/430
f  620/662/622 639/679/639 637/677/637
f  639/679/639 428/470/430 640/680/640
f  639/679/639 640/680/640 637/677/637
f  637/677/637 640/680/640 636/678/638
f  636/678/638 640/680/640 641/681/641
f  640/680/640 428/470/430 429/469/429
f  640/680/640 429/469/429 641/681/641
f  641/681/641 429/469/429 416/458/418
f  605/647/607 638/676/636 630/670/630
f  638/676/636 636/678/638 642/682/642
f  638/676/636 642/682/642 630/670/630
f  630/670/630 642/682/642 629/671/631
f  636/678/638 641/681/641 645/683/643
f  641/681/641 416/458/418 644/684/644
f  641/681/641 644/684/644 645/683/643
f  645/683/643 644/684/644 643/685/645
f  636/678/638 645/683/643 642/682/642
f  645/683/643 643/685/645 646/686/646
f  645/683/643 646/686/646 642/682/642
f  642/682/642 646/686/646 629/671/631
f  629/671/631 646/686/646 634/674/634
f  646/686/646 643/685/645 647/687/647
f  646/686/646 647/687/647 634/674/634
f  634/674/634 647/687/647 633/675/635
f  633/675/635 647/687/647 650/688/648
f  647/687/647 643/685/645 649/689/649
f  647/687/647 649/689/649 650/688/648
f  650/688/648 649/689/649 648/690/650
f  643/685/645 644/684/644 651/691/651
f  644/684/644 416/458/418 417/457/417
f  644/684/644 417/457/417 651/691/651
f  651/691/651 417/457/417 412/454/414
f  643/685/645 651/691/651 649/689/649
f  651/691/651 412/454/414 652/692/652
f  651/691/651 652/692/652 649/689/649
f  649/689/649 652/692/652 648/690/650
f  648/690/650 652/692/652 653/693/653
f  652/692/652 412/454/414 413/453/413
f  652/692/652 413/453/413 653/693/653
f  653/693/653 413/453/413 396/438/398
f  518/558/518 628/666/626 521/559/519
f  628/666/626 626/668/628 654/694/654
f  628/666/626 654/694/654 521/559/519
f  521/559/519 654/694/654 519/561/521
f  626/668/628 635/673/633 657/695/655
f  635/673/633 633/675/635 656/696/656
f  635/673/633 656/696/656 657/695/655
f  657/695/655 656/696/656 655/697/657
f  626/668/628 657/695/655 654/694/654
f  657/695/655 655/697/657 658/698/658
f  657/695/655 658/698/658 654/694/654
f  654/694/654 658/698/658 519/561/521
f  519/561/521 658/698/658 526/564/524
f  658/698/658 655/697/657 659/699/659
f  658/698/658 659/699/659 526/564/524
f  526/564/524 659/699/659 524/566/526
f  633/675/635 650/688/648 662/700/660
f  650/688/648 648/690/650 661/701/661
f  650/688/648 661/701/661 662/700/660
f  662/700/660 661/701/661 660/702/662
f  648/690/650 653/693/653 665/703/663
f  653/693/653 396/438/398 664/704/664
f  653/693/653 664/704/664 665/703/663
f  665/703/663 664/704/664 663/705/665
f  648/690/650 665/703/663 661/701/661
f  665/703/663 663/705/665 666/706/666
f  665/703/663 666/706/666 661/701/661
f  661/701/661 666/706/666 660/702/662
f  660/702/662 666/706/666 669/707/667
f  666/706/666 663/705/665 668/708/668
f  666/706/666 668/708/668 669/707/667
f  669/707/667 668/708/668 667/709/669
f  633/675/635 662/700/660 656/696/656
f  662/700/660 660/702/662 670/710/670
f  662/700/660 670/710/670 656/696/656
f  656/696/656 670/710/670 655/697/657
f  660/702/662 669/707/667 673/711/671
f  669/707/667 667/709/669 672/712/672
f  669/707/667 672/712/672 673/711/671
f  673/711/671 672/712/672 671/713/673
f  660/702/662 673/711/671 670/710/670
f  673/711/671 671/713/673 674/714/674
f  673/711/671 674/714/674 670/710/670
f  670/710/670 674/714/674 655/697/657
f  655/697/657 674/714/674 659/699/659
f  674/714/674 671/713/673 675/715/675
f  674/714/674 675/715/675 659/699/659
f  659/699/659 675/715/675 524/566/526
f  524/566/526 675/715/675 535/573/533
f  675/715/675 671/713/673 676/716/676
f  675/715/675 676/716/676 535/573/533
f  535/573/533 676/716/676 533/575/535
f  671/713/673 672/712/672 679/717/677
f  672/712/672 667/709/669 678/718/678
f  672/712/672 678/718/678 679/717/677
f  679/717/677 678/718/678 677/719/679
f  671/713/673 679/717/677 676/716/676
f  679/717/677 677/719/679 680/720/680
f  679/717/677 680/720/680 676/716/676
f  676/716/676 680/720/680 533/575/535
f  533/575/535 680/720/680 540/578/538
f  680/720/680 677/719/679 681/721/681
f  680/720/680 681/721/681 540/578/538
f  540/578/538 681/721/681 538/580/540
f  682/722/682 685/723/683 687/724/684
f  685/723/683 683/725/685 686/726/686
f  685/723/683 686/726/686 687/724/684
f  687/724/684 686/726/686 684/727/687
f  683/725/685 690/728/688 692/729/689
f  690/728/688 688/730/690 691/731/691
f  690/728/688 691/731/691 692/729/689
f  692/729/689 691/731/691 689/732/692
f  683/725/685 692/729/689 686/726/686
f  692/729/689 689/732/692 693/733/693
f  692/729/689 693/733/693 686/726/686
f  686/726/686 693/733/693 684/727/687
f  684/727/687 693/733/693 696/734/694
f  693/733/693 689/732/692 695/735/695
f  693/733/693 695/735/695 696/734/694
f  696/734/694 695/735/695 694/736/696
f  688/730/690 699/737/697 701/738/698
f  699/737/697 697/739/699 700/740/700
f  699/737/697 700/740/700 701/738/698
f  701/738/698 700/740/700 698/741/701
f  697/739/699 704/742/702 706/743/703
f  704/742/702 702/744/704 705/745/705
f  704/742/702 705/745/705 706/743/703
f  706/743/703 705/745/705 703/746/706
f  697/739/699 706/743/703 700/740/700
f  706/743/703 703/746/706 707/747/707
f  706/743/703 707/747/707 700/740/700
f  700/740/700 707/747/707 698/741/701
f  698/741/701 707/747/707 710/748/708
f  707/747/707 703/746/706 709/749/709
f  707/747/707 709/749/709 710/748/708
f  710/748/708 709/749/709 708/750/710
f  688/730/690 701/738/698 691/731/691
f  701/738/698 698/741/701 711/751/711
f  701/738/698 711/751/711 691/731/691
f  691/731/691 711/751/711 689/732/692
f  698/741/701 710/748/708 714/752/712
f  710/748/708 708/750/710 713/753/713
f  710/748/708 713/753/713 714/752/712
f  714/752/712 713/753/713 712/754/714
f  698/741/701 714/752/712 711/751/711
f  714/752/712 712/754/714 715/755/715
f  714/752/712 715/755/715 711/751/711
f  711/751/711 715/755/715 689/732/692
f  689/732/692 715/755/715 695/735/695
f  715/755/715 712/754/714 716/756/716
f  715/755/715 716/756/716 695/735/695
f  695/735/695 716/756/716 694/736/696
f  694/736/696 716/756/716 719/757/717
f  716/756/716 712/754/714 718/758/718
f  716/756/716 718/758/718 719/757/717
f  719/757/717 718/758/718 717/759/719
f  712/754/714 713/753/713 722/760/720
f  713/753/713 708/750/710 721/761/721
f  713/753/713 721/761/721 722/760/720
f  722/760/720 721/761/721 720/762/722
f  712/754/714 722/760/720 718/758/718
f  722/760/720 720/762/722 723/763/723
f  722/760/720 723/763/723 718/758/718
f  718/758/718 723/763/723 717/759/719
f  717/759/719 723/763/723 726/764/724
f  723/763/723 720/762/722 725/765/725
f  723/763/723 725/765/725 726/764/724
f  726/764/724 725/765/725 724/766/726
f  682/722/682 687/767/684 729/768/727
f  687/767/684 684/769/687 728/770/728
f  687/767/684 728/770/728 729/768/727
f  729/768/727 728/770/728 727/771/729
f  684/769/687 696/772/694 732/773/730
f  696/772/694 694/774/696 731/775/731
f  696/772/694 731/775/731 732/773/730
f  732/773/730 731/775/731 730/776/732
f  684/769/687 732/773/730 728/770/728
f  732/773/730 730/776/732 733/777/733
f  732/773/730 733/777/733 728/770/728
f  728/770/728 733/777/733 727/771/729
f  727/771/729 733/777/733 736/778/734
f  733/777/733 730/776/732 735/779/735
f  733/777/733 735/779/735 736/778/734
f  736/778/734 735/779/735 734/780/736
f  694/774/696 719/781/717 739/782/737
f  719/781/717 717/783/719 738/784/738
f  719/781/717 738/784/738 739/782/737
f  739/782/737 738/784/738 737/785/739
f  717/783/719 726/786/724 742/787/740
f  726/786/724 724/788/726 741/789/741
f  726/786/724 741/789/741 742/787/740
f  742/787/740 741/789/741 740/790/742
f  717/783/719 742/787/740 738/784/738
f  742/787/740 740/790/742 743/791/743
f  742/787/740 743/791/743 738/784/738
f  738/784/738 743/791/743 737/785/739
f  737/785/739 743/791/743 746/792/744
f  743/791/743 740/790/742 745/793/745
f  743/791/743 745/793/745 746/792/744
f  746/792/744 745/793/745 744/794/746
f  694/774/696 739/782/737 731/775/731
f  739/782/737 737/785/739 747/795/747
f  739/782/737 747/795/747 731/775/731
f  731/775/731 747/795/747 730/776/732
f  737/785/739 746/792/744 750/796/748
f  746/792/744 744/794/746 749/797/749
f  746/792/744 749/797/749 750/796/748
f  750/796/748 749/797/749 748/798/750
f  737/785/739 750/796/748 747/795/747
f  750/796/748 748/798/750 751/799/751
f  750/796/748 751/799/751 747/795/747
f  747/795/747 751/799/751 730/776/732
f  730/776/732 751/799/751 735/779/735
f  751/799/751 748/798/750 752/800/752
f  751/799/751 752/800/752 735/779/735
f  735/779/735 752/800/752 734/780/736
f  734/780/736 752/800/752 755/801/753
f  752/800/752 748/798/750 754/802/754
f  752/800/752 754/802/754 755/801/753
f  755/801/753 754/802/754 753/803/755
f  748/798/750 749/797/749 758/804/756
f  749/797/749 744/794/746 757/805/757
f  749/797/749 757/805/757 758/804/756
f  758/804/756 757/805/757 756/806/758
f  748/798/750 758/804/756 754/802/754
f  758/804/756 756/806/758 759/807/759
f  758/804/756 759/807/759 754/802/754
f  754/802/754 759/807/759 753/803/755
f  753/803/755 759/807/759 761/808/760
f  759/807/759 756/806/758 760/809/761
f  759/807/759 760/809/761 761/808/760
f  761/808/760 760/809/761 151/200/153
f  682/810/682 729/811/727 764/812/762
f  729/811/727 727/813/729 763/814/763
f  729/811/727 763/814/763 764/812/762
f  764/812/762 763/814/763 762/815/764
f  727/813/729 736/816/734 767/817/765
f  736/816/734 734/818/736 766/819/766
f  736/816/734 766/819/766 767/817/765
f  767/817/765 766/819/766 765/820/767
f  727/813/729 767/817/765 763/814/763
f  767/817/765 765/820/767 768/821/768
f  767/817/765 768/821/768 763/814/763
f  763/814/763 768/821/768 762/815/764
f  762/815/764 768/821/768 771/822/769
f  768/821/768 765/820/767 770/823/770
f  768/821/768 770/823/770 771/822/769
f  771/822/769 770/823/770 769/824/771
f  734/818/736 755/825/753 774/826/772
f  755/825/753 753/827/755 773/828/773
f  755/825/753 773/828/773 774/826/772
f  774/826/772 773/828/773 772/829/774
f  753/827/755 761/830/760 775/831/775
f  761/830/760 151/177/153 152/176/152
f  761/830/760 152/176/152 775/831/775
f  775/831/775 152/176/152 147/173/149
f  753/827/755 775/831/775 773/828/773
f  775/831/775 147/173/149 776/832/776
f  775/831/775 776/832/776 773/828/773
f  773/828/773 776/832/776 772/829/774
f  772/829/774 776/832/776 777/833/777
f  776/832/776 147/173/149 148/172/148
f  776/832/776 148/172/148 777/833/777
f  777/833/777 148/172/148 135/161/137
f  734/818/736 774/826/772 766/819/766
f  774/826/772 772/829/774 778/834/778
f  774/826/772 778/834/778 766/819/766
f  766/819/766 778/834/778 765/820/767
f  772/829/774 777/833/777 781/835/779
f  777/833/777 135/161/137 780/836/780
f  777/833/777 780/836/780 781/835/779
f  781/835/779 780/836/780 779/837/781
f  772/829/774 781/835/779 778/834/778
f  781/835/779 779/837/781 782/838/782
f  781/835/779 782/838/782 778/834/778
f  778/834/778 782/838/782 765/820/767
f  765/820/767 782/838/782 770/823/770
f  782/838/782 779/837/781 783/839/783
f  782/838/782 783/839/783 770/823/770
f  770/823/770 783/839/783 769/824/771
f  769/824/771 783/839/783 786/840/784
f  783/839/783 779/837/781 785/841/785
f  783/839/783 785/841/785 786/840/784
f  786/840/784 785/841/785 784/842/786
f  779/837/781 780/836/780 787/843/787
f  780/836/780 135/161/137 136/160/136
f  780/836/780 136/160/136 787/843/787
f  787/843/787 136/160/136 131/157/133
f  779/837/781 787/843/787 785/841/785
f  787/843/787 131/157/133 788/844/788
f  787/843/787 788/844/788 785/841/785
f  785/841/785 788/844/788 784/842/786
f  784/842/786 788/844/788 789/845/789
f  788/844/788 131/157/133 132/156/132
f  788/844/788 132/156/132 789/845/789
f  789/845/789 132/156/132 115/133/117
f  682/810/682 764/812/762 792/846/790
f  764/812/762 762/815/764 791/847/791
f  764/812/762 791/847/791 792/846/790
f  792/846/790 791/847/791 790/848/792
f  762/815/764 771/822/769 795/849/793
f  771/822/769 769/824/771 794/850/794
f  771/822/769 794/850/794 795/849/793
f  795/849/793 794/850/794 793/851/795
f  762/815/764 795/849/793 791/847/791
f  795/849/793 793/851/795 796/852/796
f  795/849/793 796/852/796 791/847/791
f  791/847/791 796/852/796 790/848/792
f  790/848/792 796/852/796 799/853/797
f  796/852/796 793/851/795 798/854/798
f  796/852/796 798/854/798 799/853/797
f  799/853/797 798/854/798 797/855/799
f  769/824/771 786/840/784 802/856/800
f  786/840/784 784/842/786 801/857/801
f  786/840/784 801/857/801 802/856/800
f  802/856/800 801/857/801 800/858/802
f  784/842/786 789/845/789 803/859/803
f  789/845/789 115/133/117 596/637/597
f  789/845/789 596/637/597 803/859/803
f  803/859/803 596/637/597 592/634/594
f  784/842/786 803/859/803 801/857/801
f  803/859/803 592/634/594 804/860/804
f  803/859/803 804/860/804 801/857/801
f  801/857/801 804/860/804 800/858/802
f  800/858/802 804/860/804 805/861/805
f  804/860/804 592/634/594 593/633/593
f  804/860/804 593/633/593 805/861/805
f  805/861/805 593/633/593 580/622/582
f  769/824/771 802/856/800 794/850/794
f  802/856/800 800/858/802 806/862/806
f  802/856/800 806/862/806 794/850/794
f  794/850/794 806/862/806 793/851/795
f  800/858/802 805/861/805 809/863/807
f  805/861/805 580/622/582 808/864/808
f  805/861/805 808/864/808 809/863/807
f  809/863/807 808/864/808 807/865/809
f  800/858/802 809/863/807 806/862/806
f  809/863/807 807/865/809 810/866/810
f  809/863/807 810/866/810 806/862/806
f  806/862/806 810/866/810 793/851/795
f  793/851/795 810/866/810 798/854/798
f  810/866/810 807/865/809 811/867/811
f  810/866/810 811/867/811 798/854/798
f  798/854/798 811/867/811 797/855/799
f  797/855/799 811/867/811 814/868/812
f  811/867/811 807/865/809 813/869/813
f  811/867/811 813/869/813 814/868/812
f  814/868/812 813/869/813 812/870/814
f  807/865/809 808/864/808 815/871/815
f  808/864/808 580/622/582 581/621/581
f  808/864/808 581/621/581 815/871/815
f  815/871/815 581/621/581 576/618/578
f  807/865/809 815/871/815 813/869/813
f  815/871/815 576/618/578 816/872/816
f  815/871/815 816/872/816 813/869/813
f  813/869/813 816/872/816 812/870/814
f  812/870/814 816/872/816 817/873/817
f  816/872/816 576/618/578 577/617/577
f  816/872/816 577/617/577 817/873/817
f  817/873/817 577/617/577 560/602/562
f  682/810/682 792/846/790 685/874/683
f  792/846/790 790/848/792 818/875/818
f  792/846/790 818/875/818 685/874/683
f  685/874/683 818/875/818 683/876/685
f  790/848/792 799/853/797 821/877/819
f  799/853/797 797/855/799 820/878/820
f  799/853/797 820/878/820 821/877/819
f  821/877/819 820/878/820 819/879/821
f  790/848/792 821/877/819 818/875/818
f  821/877/819 819/879/821 822/880/822
f  821/877/819 822/880/822 818/875/818
f  818/875/818 822/880/822 683/876/685
f  683/876/685 822/880/822 690/881/688
f  822/880/822 819/879/821 823/882/823
f  822/880/822 823/882/823 690/881/688
f  690/881/688 823/882/823 688/883/690
f  797/855/799 814/868/812 826/884/824
f  814/868/812 812/870/814 825/885/825
f  814/868/812 825/885/825 826/884/824
f  826/884/824 825/885/825 824/886/826
f  812/870/814 817/873/817 829/887/827
f  817/873/817 560/602/562 828/888/828
f  817/873/817 828/888/828 829/887/827
f  829/887/827 828/888/828 827/889/829
f  812/870/814 829/887/827 825/885/825
f  829/887/827 827/889/829 830/890/830
f  829/887/827 830/890/830 825/885/825
f  825/885/825 830/890/830 824/886/826
f  824/886/826 830/890/830 833/891/831
f  830/890/830 827/889/829 832/892/832
f  830/890/830 832/892/832 833/891/831
f  833/891/831 832/892/832 831/893/833
f  797/855/799 826/884/824 820/878/820
f  826/884/824 824/886/826 834/894/834
f  826/884/824 834/894/834 820/878/820
f  820/878/820 834/894/834 819/879/821
f  824/886/826 833/891/831 837/895/835
f  833/891/831 831/893/833 836/896/836
f  833/891/831 836/896/836 837/895/835
f  837/895/835 836/896/836 835/897/837
f  824/886/826 837/895/835 834/894/834
f  837/895/835 835/897/837 838/898/838
f  837/895/835 838/898/838 834/894/834
f  834/894/834 838/898/838 819/879/821
f  819/879/821 838/898/838 823/882/823
f  838/898/838 835/897/837 839/899/839
f  838/898/838 839/899/839 823/882/823
f  823/882/823 839/899/839 688/883/690
f  688/883/690 839/899/839 699/900/697
f  839/899/839 835/897/837 840/901/840
f  839/899/839 840/901/840 699/900/697
f  699/900/697 840/901/840 697/902/699
f  835/897/837 836/896/836 843/903/841
f  836/896/836 831/893/833 842/904/842
f  836/896/836 842/904/842 843/903/841
f  843/903/841 842/904/842 841/905/843
f  835/897/837 843/903/841 840/901/840
f  843/903/841 841/905/843 844/906/844
f  843/903/841 844/906/844 840/901/840
f  840/901/840 844/906/844 697/902/699
f  697/902/699 844/906/844 704/907/702
f  844/906/844 841/905/843 845/908/845
f  844/906/844 845/908/845 704/907/702
f  704/907/702 845/908/845 702/909/704
f  846/910/846 849/911/847 851/912/848
f  849/911/847 847/913/849 850/914/850
f  849/911/847 850/914/850 851/912/848
f  851/912/848 850/914/850 848/915/851
f  847/913/849 854/916/852 856/917/853
f  854/916/852 852/918/854 855/919/855
f  854/916/852 855/919/855 856/917/853
f  856/917/853 855/919/855 853/920/856
f  847/913/849 856/917/853 850/914/850
f  856/917/853 853/920/856 857/921/857
f  856/917/853 857/921/857 850/914/850
f  850/914/850 857/921/857 848/915/851
f  848/915/851 857/921/857 860/922/858
f  857/921/857 853/920/856 859/923/859
f  857/921/857 859/923/859 860/922/858
f  860/922/858 859/923/859 858/924/860
f  852/918/854 863/925/861 865/926/862
f  863/925/861 861/927/863 864/928/864
f  863/925/861 864/928/864 865/926/862
f  865/926/862 864/928/864 862/929/865
f  861/927/863 868/930/866 870/931/867
f  868/930/866 866/932/868 869/933/869
f  868/930/866 869/933/869 870/931/867
f  870/931/867 869/933/869 867/934/870
f  861/927/863 870/931/867 864/928/864
f  870/931/867 867/934/870 871/935/871
f  870/931/867 871/935/871 864/928/864
f  864/928/864 871/935/871 862/929/865
f  862/929/865 871/935/871 874/936/872
f  871/935/871 867/934/870 873/937/873
f  871/935/871 873/937/873 874/936/872
f  874/936/872 873/937/873 872/938/874
f  852/918/854 865/926/862 855/919/855
f  865/926/862 862/929/865 875/939/875
f  865/926/862 875/939/875 855/919/855
f  855/919/855 875/939/875 853/920/856
f  862/929/865 874/936/872 878/940/876
f  874/936/872 872/938/874 877/941/877
f  874/936/872 877/941/877 878/940/876
f  878/940/876 877/941/877 876/942/878
f  862/929/865 878/940/876 875/939/875
f  878/940/876 876/942/878 879/943/879
f  878/940/876 879/943/879 875/939/875
f  875/939/875 879/943/879 853/920/856
f  853/920/856 879/943/879 859/923/859
f  879/943/879 876/942/878 880/944/880
f  879/943/879 880/944/880 859/923/859
f  859/923/859 880/944/880 858/924/860
f  858/924/860 880/944/880 883/945/881
f  880/944/880 876/942/878 882/946/882
f  880/944/880 882/946/882 883/945/881
f  883/945/881 882/946/882 881/947/883
f  876/942/878 877/941/877 886/948/884
f  877/941/877 872/938/874 885/949/885
f  877/941/877 885/949/885 886/948/884
f  886/948/884 885/949/885 884/950/886
f  876/942/878 886/948/884 882/946/882
f  886/948/884 884/950/886 887/951/887
f  886/948/884 887/951/887 882/946/882
f  882/946/882 887/951/887 881/947/883
f  881/947/883 887/951/887 889/952/888
f  887/951/887 884/950/886 888/953/889
f  887/951/887 888/953/889 889/952/888
f  889/952/888 888/953/889 323/365/325
f  846/910/846 851/912/848 892/954/890
f  851/912/848 848/915/851 891/955/891
f  851/912/848 891/955/891 892/954/890
f  892/954/890 891/955/891 890/956/892
f  848/915/851 860/922/858 895/957/893
f  860/922/858 858/924/860 894/958/894
f  860/922/858 894/958/894 895/957/893
f  895/957/893 894/958/894 893/959/895
f  848/915/851 895/957/893 891/955/891
f  895/957/893 893/959/895 896/960/896
f  895/957/893 896/960/896 891/955/891
f  891/955/891 896/960/896 890/956/892
f  890/956/892 896/960/896 899/961/897
f  896/960/896 893/959/895 898/962/898
f  896/960/896 898/962/898 899/961/897
f  899/961/897 898/962/898 897/963/899
f  858/924/860 883/945/881 902/964/900
f  883/945/881 881/947/883 901/965/901
f  883/945/881 901/965/901 902/964/900
f  902/964/900 901/965/901 900/966/902
f  881/947/883 889/952/888 903/967/903
f  889/952/888 323/365/325 324/364/324
f  889/952/888 324/364/324 903/967/903
f  903/967/903 324/364/324 319/361/321
f  881/947/883 903/967/903 901/965/901
f  903/967/903 319/361/321 904/968/904
f  903/967/903 904/968/904 901/965/901
f  901/965/901 904/968/904 900/966/902
f  900/966/902 904/968/904 905/969/905
f  904/968/904 319/361/321 320/360/320
f  904/968/904 320/360/320 905/969/905
f  905/969/905 320/360/320 307/349/309
f  858/924/860 902/964/900 894/958/894
f  902/964/900 900/966/902 906/970/906
f  902/964/900 906/970/906 894/958/894
f  894/958/894 906/970/906 893/959/895
f  900/966/902 905/969/905 909/971/907
f  905/969/905 307/349/309 908/972/908
f  905/969/905 908/972/908 909/971/907
f  909/971/907 908/972/908 907/973/909
f  900/966/902 909/971/907 906/970/906
f  909/971/907 907/973/909 910/974/910
f  909/971/907 910/974/910 906/970/906
f  906/970/906 910/974/910 893/959/895
f  893/959/895 910/974/910 898/962/898
f  910/974/910 907/973/909 911/975/911
f  910/974/910 911/975/911 898/962/898
f  898/962/898 911/975/911 897/963/899
f  897/963/899 911/975/911 914/976/912
f  911/975/911 907/973/909 913/977/913
f  911/975/911 913/977/913 914/976/912
f  914/976/912 913/977/913 912/978/914
f  907/973/909 908/972/908 915/979/915
f  908/972/908 307/349/309 308/348/308
f  908/972/908 308/348/308 915/979/915
f  915/979/915 308/348/308 303/345/305
f  907/973/909 915/979/915 913/977/913
f  915/979/915 303/345/305 916/980/916
f  915/979/915 916/980/916 913/977/913
f  913/977/913 916/980/916 912/978/914
f  912/978/914 916/980/916 917/981/917
f  916/980/916 303/345/305 304/344/304
f  916/980/916 304/344/304 917/981/917
f  917/981/917 304/344/304 21/23/23
f  846/910/846 892/954/890 920/982/918
f  892/954/890 890/956/892 919/983/919
f  892/954/890 919/983/919 920/982/918
f  920/982/918 919/983/919 918/984/920
f  890/956/892 899/961/897 923/985/921
f  899/961/897 897/963/899 922/986/922
f  899/961/897 922/986/922 923/985/921
f  923/985/921 922/986/922 921/987/923
f  890/956/892 923/985/921 919/983/919
f  923/985/921 921/987/923 924/988/924
f  923/985/921 924/988/924 919/983/919
f  919/983/919 924/988/924 918/984/920
f  918/984/920 924/988/924 927/989/925
f  924/988/924 921/987/923 926/990/926
f  924/988/924 926/990/926 927/989/925
f  927/989/925 926/990/926 925/991/927
f  897/963/899 914/976/912 930/992/928
f  914/976/912 912/978/914 929/993/929
f  914/976/912 929/993/929 930/992/928
f  930/992/928 929/993/929 928/994/930
f  912/978/914 917/981/917 931/995/931
f  917/981/917 21/23/23 181/996/181
f  917/981/917 181/996/181 931/995/931
f  931/995/931 181/996/181 177/997/179
f  912/978/914 931/995/931 929/993/929
f  931/995/931 177/997/179 932/998/932
f  931/995/931 932/998/932 929/993/929
f  929/993/929 932/998/932 928/994/930
f  928/994/930 932/998/932 933/999/933
f  932/998/932 177/997/179 178/1000/178
f  932/998/932 178/1000/178 933/999/933
f  933/999/933 178/1000/178 167/1001/169
f  897/963/899 930/992/928 922/986/922
f  930/992/928 928/994/930 934/1002/934
f  930/992/928 934/1002/934 922/986/922
f  922/986/922 934/1002/934 921/987/923
f  928/994/930 933/999/933 937/1003/935
f  933/999/933 167/1001/169 936/1004/936
f  933/999/933 936/1004/936 937/1003/935
f  937/1003/935 936/1004/936 935/1005/937
f  928/994/930 937/1003/935 934/1002/934
f  937/1003/935 935/1005/937 938/1006/938
f  937/1003/935 938/1006/938 934/1002/934
f  934/1002/934 938/1006/938 921/987/923
f  921/987/923 938/1006/938 926/990/926
f  938/1006/938 935/1005/937 939/1007/939
f  938/1006/938 939/1007/939 926/990/926
f  926/990/926 939/1007/939 925/991/927
f  925/991/927 939/1007/939 942/1008/940
f  939/1007/939 935/1005/937 941/1009/941
f  939/1007/939 941/1009/941 942/1008/940
f  942/1008/940 941/1009/941 940/1010/942
f  935/1005/937 936/1004/936 943/1011/943
f  936/1004/936 167/1001/169 168/1012/168
f  936/1004/936 168/1012/168 943/1011/943
f  943/1011/943 168/1012/168 163/1013/165
f  935/1005/937 943/1011/943 941/1009/941
f  943/1011/943 163/1013/165 944/1014/944
f  943/1011/943 944/1014/944 941/1009/941
f  941/1009/941 944/1014/944 940/1010/942
f  940/1010/942 944/1014/944 945/1015/945
f  944/1014/944 163/1013/165 164/1016/164
f  944/1014/944 164/1016/164 945/1015/945
f  945/1015/945 164/1016/164 151/1017/153
f  846/910/846 920/982/918 948/1018/946
f  920/982/918 918/984/920 947/1019/947
f  920/982/918 947/1019/947 948/1018/946
f  948/1018/946 947/1019/947 946/1020/948
f  918/984/920 927/989/925 951/1021/949
f  927/989/925 925/991/927 950/1022/950
f  927/989/925 950/1022/950 951/1021/949
f  951/1021/949 950/1022/950 949/1023/951
f  918/984/920 951/1021/949 947/1019/947
f  951/1021/949 949/1023/951 952/1024/952
f  951/1021/949 952/1024/952 947/1019/947
f  947/1019/947 952/1024/952 946/1020/948
f  946/1020/948 952/1024/952 955/1025/953
f  952/1024/952 949/1023/951 954/1026/954
f  952/1024/952 954/1026/954 955/1025/953
f  955/1025/953 954/1026/954 953/1027/955
f  925/991/927 942/1008/940 958/1028/956
f  942/1008/940 940/1010/942 957/1029/957
f  942/1008/940 957/1029/957 958/1028/956
f  958/1028/956 957/1029/957 956/1030/958
f  940/1010/942 945/1015/945 959/1031/959
f  945/1015/945 151/1017/153 760/1032/761
f  945/1015/945 760/1032/761 959/1031/959
f  959/1031/959 760/1032/761 756/1033/758
f  940/1010/942 959/1031/959 957/1029/957
f  959/1031/959 756/1033/758 960/1034/960
f  959/1031/959 960/1034/960 957/1029/957
f  957/1029/957 960/1034/960 956/1030/958
f  956/1030/958 960/1034/960 961/1035/961
f  960/1034/960 756/1033/758 757/1036/757
f  960/1034/960 757/1036/757 961/1035/961
f  961/1035/961 757/1036/757 744/1037/746
f  925/991/927 958/1028/956 950/1022/950
f  958/1028/956 956/1030/958 962/1038/962
f  958/1028/956 962/1038/962 950/1022/950
f  950/1022/950 962/1038/962 949/1023/951
f  956/1030/958 961/1035/961 965/1039/963
f  961/1035/961 744/1037/746 964/1040/964
f  961/1035/961 964/1040/964 965/1039/963
f  965/1039/963 964/1040/964 963/1041/965
f  956/1030/958 965/1039/963 962/1038/962
f  965/1039/963 963/1041/965 966/1042/966
f  965/1039/963 966/1042/966 962/1038/962
f  962/1038/962 966/1042/966 949/1023/951
f  949/1023/951 966/1042/966 954/1026/954
f  966/1042/966 963/1041/965 967/1043/967
f  966/1042/966 967/1043/967 954/1026/954
f  954/1026/954 967/1043/967 953/1027/955
f  953/1027/955 967/1043/967 970/1044/968
f  967/1043/967 963/1041/965 969/1045/969
f  967/1043/967 969/1045/969 970/1044/968
f  970/1044/968 969/1045/969 968/1046/970
f  963/1041/965 964/1040/964 971/1047/971
f  964/1040/964 744/1037/746 745/1048/745
f  964/1040/964 745/1048/745 971/1047/971
f  971/1047/971 745/1048/745 740/1049/742
f  963/1041/965 971/1047/971 969/1045/969
f  971/1047/971 740/1049/742 972/1050/972
f  971/1047/971 972/1050/972 969/1045/969
f  969/1045/969 972/1050/972 968/1046/970
f  968/1046/970 972/1050/972 973/1051/973
f  972/1050/972 740/1049/742 741/1052/741
f  972/1050/972 741/1052/741 973/1051/973
f  973/1051/973 741/1052/741 724/788/726
f  846/910/846 948/1018/946 849/911/847
f  948/1018/946 946/1020/948 974/1053/974
f  948/1018/946 974/1053/974 849/911/847
f  849/911/847 974/1053/974 847/913/849
f  946/1020/948 955/1025/953 977/1054/975
f  955/1025/953 953/1027/955 976/1055/976
f  955/1025/953 976/1055/976 977/1054/975
f  977/1054/975 976/1055/976 975/1056/977
f  946/1020/948 977/1054/975 974/1053/974
f  977/1054/975 975/1056/977 978/1057/978
f  977/1054/975 978/1057/978 974/1053/974
f  974/1053/974 978/1057/978 847/913/849
f  847/913/849 978/1057/978 854/916/852
f  978/1057/978 975/1056/977 979/1058/979
f  978/1057/978 979/1058/979 854/916/852
f  854/916/852 979/1058/979 852/918/854
f  953/1027/955 970/1044/968 982/1059/980
f  970/1044/968 968/1046/970 981/1060/981
f  970/1044/968 981/1060/981 982/1059/980
f  982/1059/980 981/1060/981 980/1061/982
f  968/1046/970 973/1051/973 985/1062/983
f  973/1051/973 724/788/726 984/1063/984
f  973/1051/973 984/1063/984 985/1062/983
f  985/1062/983 984/1063/984 983/1064/985
f  968/1046/970 985/1062/983 981/1060/981
f  985/1062/983 983/1064/985 986/1065/986
f  985/1062/983 986/1065/986 981/1060/981
f  981/1060/981 986/1065/986 980/1061/982
f  980/1061/982 986/1065/986 989/1066/987
f  986/1065/986 983/1064/985 988/1067/988
f  986/1065/986 988/1067/988 989/1066/987
f  989/1066/987 988/1067/988 987/1068/989
f  953/1027/955 982/1059/980 976/1055/976
f  982/1059/980 980/1061/982 990/1069/990
f  982/1059/980 990/1069/990 976/1055/976
f  976/1055/976 990/1069/990 975/1056/977
f  980/1061/982 989/1066/987 993/1070/991
f  989/1066/987 987/1068/989 992/1071/992
f  989/1066/987 992/1071/992 993/1070/991
f  993/1070/991 992/1071/992 991/1072/993
f  980/1061/982 993/1070/991 990/1069/990
f  993/1070/991 991/1072/993 994/1073/994
f  993/1070/991 994/1073/994 990/1069/990
f  990/1069/990 994/1073/994 975/1056/977
f  975/1056/977 994/1073/994 979/1058/979
f  994/1073/994 991/1072/993 995/1074/995
f  994/1073/994 995/1074/995 979/1058/979
f  979/1058/979 995/1074/995 852/918/854
f  852/918/854 995/1074/995 863/925/861
f  995/1074/995 991/1072/993 996/1075/996
f  995/1074/995 996/1075/996 863/925/861
f  863/925/861 996/1075/996 861/927/863
f  991/1072/993 992/1071/992 999/1076/997
f  992/1071/992 987/1068/989 998/1077/998
f  992/1071/992 998/1077/998 999/1076/997
f  999/1076/997 998/1077/998 997/1078/999
f  991/1072/993 999/1076/997 996/1075/996
f  999/1076/997 997/1078/999 1000/1079/1000
f  999/1076/997 1000/1079/1000 996/1075/996
f  996/1075/996 1000/1079/1000 861/927/863
f  861/927/863 1000/1079/1000 868/930/866
f  1000/1079/1000 997/1078/999 1001/1080/1001
f  1000/1079/1000 1001/1080/1001 868/930/866
f  868/930/866 1001/1080/1001 866/932/868
f  1002/1081/1002 1005/1082/1003 1007/1083/1004
f  1005/1082/1003 1003/1084/1005 1006/1085/1006
f  1005/1082/1003 1006/1085/1006 1007/1083/1004
f  1007/1083/1004 1006/1085/1006 1004/1086/1007
f  1003/1084/1005 1010/1087/1008 1012/1088/1009
f  1010/1087/1008 1008/1089/1010 1011/1090/1011
f  1010/1087/1008 1011/1090/1011 1012/1088/1009
f  1012/1088/1009 1011/1090/1011 1009/1091/1012
f  1003/1084/1005 1012/1088/1009 1006/1085/1006
f  1012/1088/1009 1009/1091/1012 1013/1092/1013
f  1012/1088/1009 1013/1092/1013 1006/1085/1006
f  1006/1085/1006 1013/1092/1013 1004/1086/1007
f  1004/1086/1007 1013/1092/1013 1016/1093/1014
f  1013/1092/1013 1009/1091/1012 1015/1094/1015
f  1013/1092/1013 1015/1094/1015 1016/1093/1014
f  1016/1093/1014 1015/1094/1015 1014/1095/1016
f  1008/1089/1010 1019/1096/1017 1021/1097/1018
f  1019/1096/1017 1017/1098/1019 1020/1099/1020
f  1019/1096/1017 1020/1099/1020 1021/1097/1018
f  1021/1097/1018 1020/1099/1020 1018/1100/1021
f  1017/1098/1019 1024/1101/1022 1026/1102/1023
f  1024/1101/1022 1022/1103/1024 1025/1104/1025
f  1024/1101/1022 1025/1104/1025 1026/1102/1023
f  1026/1102/1023 1025/1104/1025 1023/1105/1026
f  1017/1098/1019 1026/1102/1023 1020/1099/1020
f  1026/1102/1023 1023/1105/1026 1027/1106/1027
f  1026/1102/1023 1027/1106/1027 1020/1099/1020
f  1020/1099/1020 1027/1106/1027 1018/1100/1021
f  1018/1100/1021 1027/1106/1027 1030/1107/1028
f  1027/1106/1027 1023/1105/1026 1029/1108/1029
f  1027/1106/1027 1029/1108/1029 1030/1107/1028
f  1030/1107/1028 1029/1108/1029 1028/1109/1030
f  1008/1089/1010 1021/1097/1018 1011/1090/1011
f  1021/1097/1018 1018/1100/1021 1031/1110/1031
f  1021/1097/1018 1031/1110/1031 1011/1090/1011
f  1011/1090/1011 1031/1110/1031 1009/1091/1012
f  1018/1100/1021 1030/1107/1028 1034/1111/1032
f  1030/1107/1028 1028/1109/1030 1033/1112/1033
f  1030/1107/1028 1033/1112/1033 1034/1111/1032
f  1034/1111/1032 1033/1112/1033 1032/1113/1034
f  1018/1100/1021 1034/1111/1032 1031/1110/1031
f  1034/1111/1032 1032/1113/1034 1035/1114/1035
f  1034/1111/1032 1035/1114/1035 1031/1110/1031
f  1031/1110/1031 1035/1114/1035 1009/1091/1012
f  1009/1091/1012 1035/1114/1035 1015/1094/1015
f  1035/1114/1035 1032/1113/1034 1036/1115/1036
f  1035/1114/1035 1036/1115/1036 1015/1094/1015
f  1015/1094/1015 1036/1115/1036 1014/1095/1016
f  1014/1095/1016 1036/1115/1036 1039/1116/1037
f  1036/1115/1036 1032/1113/1034 1038/1117/1038
f  1036/1115/1036 1038/1117/1038 1039/1116/1037
f  1039/1116/1037 1038/1117/1038 1037/1118/1039
f  1032/1113/1034 1033/1112/1033 1042/1119/1040
f  1033/1112/1033 1028/1109/1030 1041/1120/1041
f  1033/1112/1033 1041/1120/1041 1042/1119/1040
f  1042/1119/1040 1041/1120/1041 1040/1121/1042
f  1032/1113/1034 1042/1119/1040 1038/1117/1038
f  1042/1119/1040 1040/1121/1042 1043/1122/1043
f  1042/1119/1040 1043/1122/1043 1038/1117/1038
f  1038/1117/1038 1043/1122/1043 1037/1118/1039
f  1037/1118/1039 1043/1122/1043 1046/1123/1044
f  1043/1122/1043 1040/1121/1042 1045/1124/1045
f  1043/1122/1043 1045/1124/1045 1046/1123/1044
f  1046/1123/1044 1045/1124/1045 1044/1125/1046
f  1002/1126/1002 1007/1127/1004 1049/1128/1047
f  1007/1127/1004 1004/1129/1007 1048/1130/1048
f  1007/1127/1004 1048/1130/1048 1049/1128/1047
f  1049/1128/1047 1048/1130/1048 1047/1131/1049
f  1004/1129/1007 1016/1132/1014 1052/1133/1050
f  1016/1132/1014 1014/1134/1016 1051/1135/1051
f  1016/1132/1014 1051/1135/1051 1052/1133/1050
f  1052/1133/1050 1051/1135/1051 1050/1136/1052
f  1004/1129/1007 1052/1133/1050 1048/1130/1048
f  1052/1133/1050 1050/1136/1052 1053/1137/1053
f  1052/1133/1050 1053/1137/1053 1048/1130/1048
f  1048/1130/1048 1053/1137/1053 1047/1131/1049
f  1047/1131/1049 1053/1137/1053 1056/1138/1054
f  1053/1137/1053 1050/1136/1052 1055/1139/1055
f  1053/1137/1053 1055/1139/1055 1056/1138/1054
f  1056/1138/1054 1055/1139/1055 1054/1140/1056
f  1014/1134/1016 1039/1141/1037 1059/1142/1057
f  1039/1141/1037 1037/1143/1039 1058/1144/1058
f  1039/1141/1037 1058/1144/1058 1059/1142/1057
f  1059/1142/1057 1058/1144/1058 1057/1145/1059
f  1037/1143/1039 1046/1146/1044 1062/1147/1060
f  1046/1146/1044 1044/1125/1046 1061/1148/1061
f  1046/1146/1044 1061/1148/1061 1062/1147/1060
f  1062/1147/1060 1061/1148/1061 1060/1149/1062
f  1037/1143/1039 1062/1147/1060 1058/1144/1058
f  1062/1147/1060 1060/1149/1062 1063/1150/1063
f  1062/1147/1060 1063/1150/1063 1058/1144/1058
f  1058/1144/1058 1063/1150/1063 1057/1145/1059
f  1057/1145/1059 1063/1150/1063 1066/1151/1064
f  1063/1150/1063 1060/1149/1062 1065/1152/1065
f  1063/1150/1063 1065/1152/1065 1066/1151/1064
f  1066/1151/1064 1065/1152/1065 1064/1153/1066
f  1014/1134/1016 1059/1142/1057 1051/1135/1051
f  1059/1142/1057 1057/1145/1059 1067/1154/1067
f  1059/1142/1057 1067/1154/1067 1051/1135/1051
f  1051/1135/1051 1067/1154/1067 1050/1136/1052
f  1057/1145/1059 1066/1151/1064 1070/1155/1068
f  1066/1151/1064 1064/1153/1066 1069/1156/1069
f  1066/1151/1064 1069/1156/1069 1070/1155/1068
f  1070/1155/1068 1069/1156/1069 1068/1157/1070
f  1057/1145/1059 1070/1155/1068 1067/1154/1067
f  1070/1155/1068 1068/1157/1070 1071/1158/1071
f  1070/1155/1068 1071/1158/1071 1067/1154/1067
f  1067/1154/1067 1071/1158/1071 1050/1136/1052
f  1050/1136/1052 1071/1158/1071 1055/1139/1055
f  1071/1158/1071 1068/1157/1070 1072/1159/1072
f  1071/1158/1071 1072/1159/1072 1055/1139/1055
f  1055/1139/1055 1072/1159/1072 1054/1140/1056
f  1054/1140/1056 1072/1159/1072 1075/1160/1073
f  1072/1159/1072 1068/1157/1070 1074/1161/1074
f  1072/1159/1072 1074/1161/1074 1075/1160/1073
f  1075/1160/1073 1074/1161/1074 1073/1162/1075
f  1068/1157/1070 1069/1156/1069 1078/1163/1076
f  1069/1156/1069 1064/1153/1066 1077/1164/1077
f  1069/1156/1069 1077/1164/1077 1078/1163/1076
f  1078/1163/1076 1077/1164/1077 1076/1165/1078
f  1068/1157/1070 1078/1163/1076 1074/1161/1074
f  1078/1163/1076 1076/1165/1078 1079/1166/1079
f  1078/1163/1076 1079/1166/1079 1074/1161/1074
f  1074/1161/1074 1079/1166/1079 1073/1162/1075
f  1073/1162/1075 1079/1166/1079 1082/1167/1080
f  1079/1166/1079 1076/1165/1078 1081/1168/1081
f  1079/1166/1079 1081/1168/1081 1082/1167/1080
f  1082/1167/1080 1081/1168/1081 1080/1169/1082
f  1002/1170/1002 1049/1171/1047 1085/1172/1083
f  1049/1171/1047 1047/1173/1049 1084/1174/1084
f  1049/1171/1047 1084/1174/1084 1085/1172/1083
f  1085/1172/1083 1084/1174/1084 1083/1175/1085
f  1047/1173/1049 1056/1176/1054 1088/1177/1086
f  1056/1176/1054 1054/1178/1056 1087/1179/1087
f  1056/1176/1054 1087/1179/1087 1088/1177/1086
f  1088/1177/1086 1087/1179/1087 1086/1180/1088
f  1047/1173/1049 1088/1177/1086 1084/1174/1084
f  1088/1177/1086 1086/1180/1088 1089/1181/1089
f  1088/1177/1086 1089/1181/1089 1084/1174/1084
f  1084/1174/1084 1089/1181/1089 1083/1175/1085
f  1083/1175/1085 1089/1181/1089 1092/1182/1090
f  1089/1181/1089 1086/1180/1088 1091/1183/1091
f  1089/1181/1089 1091/1183/1091 1092/1182/1090
f  1092/1182/1090 1091/1183/1091 1090/1184/1092
f  1054/1178/1056 1075/1185/1073 1095/1186/1093
f  1075/1185/1073 1073/1187/1075 1094/1188/1094
f  1075/1185/1073 1094/1188/1094 1095/1186/1093
f  1095/1186/1093 1094/1188/1094 1093/1189/1095
f  1073/1187/1075 1082/1190/1080 1098/1191/1096
f  1082/1190/1080 1080/1169/1082 1097/1192/1097
f  1082/1190/1080 1097/1192/1097 1098/1191/1096
f  1098/1191/1096 1097/1192/1097 1096/1193/1098
f  1073/1187/1075 1098/1191/1096 1094/1188/1094
f  1098/1191/1096 1096/1193/1098 1099/1194/1099
f  1098/1191/1096 1099/1194/1099 1094/1188/1094
f  1094/1188/1094 1099/1194/1099 1093/1189/1095
f  1093/1189/1095 1099/1194/1099 1102/1195/1100
f  1099/1194/1099 1096/1193/1098 1101/1196/1101
f  1099/1194/1099 1101/1196/1101 1102/1195/1100
f  1102/1195/1100 1101/1196/1101 1100/1197/1102
f  1054/1178/1056 1095/1186/1093 1087/1179/1087
f  1095/1186/1093 1093/1189/1095 1103/1198/1103
f  1095/1186/1093 1103/1198/1103 1087/1179/1087
f  1087/1179/1087 1103/1198/1103 1086/1180/1088
f  1093/1189/1095 1102/1195/1100 1106/1199/1104
f  1102/1195/1100 1100/1197/1102 1105/1200/1105
f  1102/1195/1100 1105/1200/1105 1106/1199/1104
f  1106/1199/1104 1105/1200/1105 1104/1201/1106
f  1093/1189/1095 1106/1199/1104 1103/1198/1103
f  1106/1199/1104 1104/1201/1106 1107/1202/1107
f  1106/1199/1104 1107/1202/1107 1103/1198/1103
f  1103/1198/1103 1107/1202/1107 1086/1180/1088
f  1086/1180/1088 1107/1202/1107 1091/1183/1091
f  1107/1202/1107 1104/1201/1106 1108/1203/1108
f  1107/1202/1107 1108/1203/1108 1091/1183/1091
f  1091/1183/1091 1108/1203/1108 1090/1184/1092
f  1090/1184/1092 1108/1203/1108 1111/1204/1109
f  1108/1203/1108 1104/1201/1106 1110/1205/1110
f  1108/1203/1108 1110/1205/1110 1111/1204/1109
f  1111/1204/1109 1110/1205/1110 1109/1206/1111
f  1104/1201/1106 1105/1200/1105 1114/1207/1112
f  1105/1200/1105 1100/1197/1102 1113/1208/1113
f  1105/1200/1105 1113/1208/1113 1114/1207/1112
f  1114/1207/1112 1113/1208/1113 1112/1209/1114
f  1104/1201/1106 1114/1207/1112 1110/1205/1110
f  1114/1207/1112 1112/1209/1114 1115/1210/1115
f  1114/1207/1112 1115/1210/1115 1110/1205/1110
f  1110/1205/1110 1115/1210/1115 1109/1206/1111
f  1109/1206/1111 1115/1210/1115 1118/1211/1116
f  1115/1210/1115 1112/1209/1114 1117/1212/1117
f  1115/1210/1115 1117/1212/1117 1118/1211/1116
f  1118/1211/1116 1117/1212/1117 1116/1213/1118
f  1002/1214/1002 1085/1215/1083 1121/1216/1119
f  1085/1215/1083 1083/1217/1085 1120/1218/1120
f  1085/1215/1083 1120/1218/1120 1121/1216/1119
f  1121/1216/1119 1120/1218/1120 1119/1219/1121
f  1083/1217/1085 1092/1220/1090 1124/1221/1122
f  1092/1220/1090 1090/1222/1092 1123/1223/1123
f  1092/1220/1090 1123/1223/1123 1124/1221/1122
f  1124/1221/1122 1123/1223/1123 1122/1224/1124
f  1083/1217/1085 1124/1221/1122 1120/1218/1120
f  1124/1221/1122 1122/1224/1124 1125/1225/1125
f  1124/1221/1122 1125/1225/1125 1120/1218/1120
f  1120/1218/1120 1125/1225/1125 1119/1219/1121
f  1119/1219/1121 1125/1225/1125 1128/1226/1126
f  1125/1225/1125 1122/1224/1124 1127/1227/1127
f  1125/1225/1125 1127/1227/1127 1128/1226/1126
f  1128/1226/1126 1127/1227/1127 1126/1228/1128
f  1090/1222/1092 1111/1229/1109 1131/1230/1129
f  1111/1229/1109 1109/1231/1111 1130/1232/1130
f  1111/1229/1109 1130/1232/1130 1131/1230/1129
f  1131/1230/1129 1130/1232/1130 1129/1233/1131
f  1109/1231/1111 1118/1234/1116 1134/1235/1132
f  1118/1234/1116 1116/1213/1118 1133/1236/1133
f  1118/1234/1116 1133/1236/1133 1134/1235/1132
f  1134/1235/1132 1133/1236/1133 1132/1237/1134
f  1109/1231/1111 1134/1235/1132 1130/1232/1130
f  1134/1235/1132 1132/1237/1134 1135/1238/1135
f  1134/1235/1132 1135/1238/1135 1130/1232/1130
f  1130/1232/1130 1135/1238/1135 1129/1233/1131
f  1129/1233/1131 1135/1238/1135 1138/1239/1136
f  1135/1238/1135 1132/1237/1134 1137/1240/1137
f  1135/1238/1135 1137/1240/1137 1138/1239/1136
f  1138/1239/1136 1137/1240/1137 1136/1241/1138
f  1090/1222/1092 1131/1230/1129 1123/1223/1123
f  1131/1230/1129 1129/1233/1131 1139/1242/1139
f  1131/1230/1129 1139/1242/1139 1123/1223/1123
f  1123/1223/1123 1139/1242/1139 1122/1224/1124
f  1129/1233/1131 1138/1239/1136 1142/1243/1140
f  1138/1239/1136 1136/1241/1138 1141/1244/1141
f  1138/1239/1136 1141/1244/1141 1142/1243/1140
f  1142/1243/1140 1141/1244/1141 1140/1245/1142
f  1129/1233/1131 1142/1243/1140 1139/1242/1139
f  1142/1243/1140 1140/1245/1142 1143/1246/1143
f  1142/1243/1140 1143/1246/1143 1139/1242/1139
f  1139/1242/1139 1143/1246/1143 1122/1224/1124
f  1122/1224/1124 1143/1246/1143 1127/1227/1127
f  1143/1246/1143 1140/1245/1142 1144/1247/1144
f  1143/1246/1143 1144/1247/1144 1127/1227/1127
f  1127/1227/1127 1144/1247/1144 1126/1228/1128
f  1126/1228/1128 1144/1247/1144 1147/1248/1145
f  1144/1247/1144 1140/1245/1142 1146/1249/1146
f  1144/1247/1144 1146/1249/1146 1147/1248/1145
f  1147/1248/1145 1146/1249/1146 1145/1250/1147
f  1140/1245/1142 1141/1244/1141 1150/1251/1148
f  1141/1244/1141 1136/1241/1138 1149/1252/1149
f  1141/1244/1141 1149/1252/1149 1150/1251/1148
f  1150/1251/1148 1149/1252/1149 1148/1253/1150
f  1140/1245/1142 1150/1251/1148 1146/1249/1146
f  1150/1251/1148 1148/1253/1150 1151/1254/1151
f  1150/1251/1148 1151/1254/1151 1146/1249/1146
f  1146/1249/1146 1151/1254/1151 1145/1250/1147
f  1145/1250/1147 1151/1254/1151 1154/1255/1152
f  1151/1254/1151 1148/1253/1150 1153/1256/1153
f  1151/1254/1151 1153/1256/1153 1154/1255/1152
f  1154/1255/1152 1153/1256/1153 1152/1257/1154
f  1002/1258/1002 1121/1259/1119 1005/1260/1003
f  1121/1259/1119 1119/1261/1121 1155/1262/1155
f  1121/1259/1119 1155/1262/1155 1005/1260/1003
f  1005/1260/1003 1155/1262/1155 1003/1263/1005
f  1119/1261/1121 1128/1264/1126 1158/1265/1156
f  1128/1264/1126 1126/1266/1128 1157/1267/1157
f  1128/1264/1126 1157/1267/1157 1158/1265/1156
f  1158/1265/1156 1157/1267/1157 1156/1268/1158
f  1119/1261/1121 1158/1265/1156 1155/1262/1155
f  1158/1265/1156 1156/1268/1158 1159/1269/1159
f  1158/1265/1156 1159/1269/1159 1155/1262/1155
f  1155/1262/1155 1159/1269/1159 1003/1263/1005
f  1003/1263/1005 1159/1269/1159 1010/1270/1008
f  1159/1269/1159 1156/1268/1158 1160/1271/1160
f  1159/1269/1159 1160/1271/1160 1010/1270/1008
f  1010/1270/1008 1160/1271/1160 1008/1272/1010
f  1126/1266/1128 1147/1273/1145 1163/1274/1161
f  1147/1273/1145 1145/1275/1147 1162/1276/1162
f  1147/1273/1145 1162/1276/1162 1163/1274/1161
f  1163/1274/1161 1162/1276/1162 1161/1277/1163
f  1145/1275/1147 1154/1278/1152 1166/1279/1164
f  1154/1278/1152 1152/1280/1154 1165/1281/1165
f  1154/1278/1152 1165/1281/1165 1166/1279/1164
f  1166/1279/1164 1165/1281/1165 1164/1282/1166
f  1145/1275/1147 1166/1279/1164 1162/1276/1162
f  1166/1279/1164 1164/1282/1166 1167/1283/1167
f  1166/1279/1164 1167/1283/1167 1162/1276/1162
f  1162/1276/1162 1167/1283/1167 1161/1277/1163
f  1161/1277/1163 1167/1283/1167 1170/1284/1168
f  1167/1283/1167 1164/1282/1166 1169/1285/1169
f  1167/1283/1167 1169/1285/1169 1170/1284/1168
f  1170/1284/1168 1169/1285/1169 1168/1286/1170
f  1126/1266/1128 1163/1274/1161 1157/1267/1157
f  1163/1274/1161 1161/1277/1163 1171/1287/1171
f  1163/1274/1161 1171/1287/1171 1157/1267/1157
f  1157/1267/1157 1171/1287/1171 1156/1268/1158
f  1161/1277/1163 1170/1284/1168 1174/1288/1172
f  1170/1284/1168 1168/1286/1170 1173/1289/1173
f  1170/1284/1168 1173/1289/1173 1174/1288/1172
f  1174/1288/1172 1173/1289/1173 1172/1290/1174
f  1161/1277/1163 1174/1288/1172 1171/1287/1171
f  1174/1288/1172 1172/1290/1174 1175/1291/1175
f  1174/1288/1172 1175/1291/1175 1171/1287/1171
f  1171/1287/1171 1175/1291/1175 1156/1268/1158
f  1156/1268/1158 1175/1291/1175 1160/1271/1160
f  1175/1291/1175 1172/1290/1174 1176/1292/1176
f  1175/1291/1175 1176/1292/1176 1160/1271/1160
f  1160/1271/1160 1176/1292/1176 1008/1272/1010
f  1008/1272/1010 1176/1292/1176 1019/1293/1017
f  1176/1292/1176 1172/1290/1174 1177/1294/1177
f  1176/1292/1176 1177/1294/1177 1019/1293/1017
f  1019/1293/1017 1177/1294/1177 1017/1295/1019
f  1172/1290/1174 1173/1289/1173 1180/1296/1178
f  1173/1289/1173 1168/1286/1170 1179/1297/1179
f  1173/1289/1173 1179/1297/1179 1180/1296/1178
f  1180/1296/1178 1179/1297/1179 1178/1298/1180
f  1172/1290/1174 1180/1296/1178 1177/1294/1177
f  1180/1296/1178 1178/1298/1180 1181/1299/1181
f  1180/1296/1178 1181/1299/1181 1177/1294/1177
f  1177/1294/1177 1181/1299/1181 1017/1295/1019
f  1017/1295/1019 1181/1299/1181 1024/1300/1022
f  1181/1299/1181 1178/1298/1180 1182/1301/1182
f  1181/1299/1181 1182/1301/1182 1024/1300/1022
f  1024/1300/1022 1182/1301/1182 1022/1103/1024
f  1183/1302/1183 1186/1303/1184 1188/1304/1185
f  1186/1303/1184 1184/1305/1186 1187/1306/1187
f  1186/1303/1184 1187/1306/1187 1188/1304/1185
f  1188/1304/1185 1187/1306/1187 1185/1307/1188
f  1184/1305/1186 1191/1308/1189 1193/1309/1190
f  1191/1308/1189 1189/1310/1191 1192/1311/1192
f  1191/1308/1189 1192/1311/1192 1193/1309/1190
f  1193/1309/1190 1192/1311/1192 1190/1312/1193
f  1184/1305/1186 1193/1309/1190 1187/1306/1187
f  1193/1309/1190 1190/1312/1193 1194/1313/1194
f  1193/1309/1190 1194/1313/1194 1187/1306/1187
f  1187/1306/1187 1194/1313/1194 1185/1307/1188
f  1185/1307/1188 1194/1313/1194 1197/1314/1195
f  1194/1313/1194 1190/1312/1193 1196/1315/1196
f  1194/1313/1194 1196/1315/1196 1197/1314/1195
f  1197/1314/1195 1196/1315/1196 1195/1316/1197
f  1189/1310/1191 1200/1317/1198 1202/1318/1199
f  1200/1317/1198 1198/1319/1200 1201/1320/1201
f  1200/1317/1198 1201/1320/1201 1202/1318/1199
f  1202/1318/1199 1201/1320/1201 1199/1321/1202
f  1198/1319/1200 1203/1322/1203 1204/1323/1204
f  1203/1322/1203 396/438/398 397/437/397
f  1203/1322/1203 397/437/397 1204/1323/1204
f  1204/1323/1204 397/437/397 392/434/394
f  1198/1319/1200 1204/1323/1204 1201/1320/1201
f  1204/1323/1204 392/434/394 1205/1324/1205
f  1204/1323/1204 1205/1324/1205 1201/1320/1201
f  1201/1320/1201 1205/1324/1205 1199/1321/1202
f  1199/1321/1202 1205/1324/1205 1206/1325/1206
f  1205/1324/1205 392/434/394 393/433/393
f  1205/1324/1205 393/433/393 1206/1325/1206
f  1206/1325/1206 393/433/393 380/422/382
f  1189/1310/1191 1202/1318/1199 1192/1311/1192
f  1202/1318/1199 1199/1321/1202 1207/1326/1207
f  1202/1318/1199 1207/1326/1207 1192/1311/1192
f  1192/1311/1192 1207/1326/1207 1190/1312/1193
f  1199/1321/1202 1206/1325/1206 1210/1327/1208
f  1206/1325/1206 380/422/382 1209/1328/1209
f  1206/1325/1206 1209/1328/1209 1210/1327/1208
f  1210/1327/1208 1209/1328/1209 1208/1329/1210
f  1199/1321/1202 1210/1327/1208 1207/1326/1207
f  1210/1327/1208 1208/1329/1210 1211/1330/1211
f  1210/1327/1208 1211/1330/1211 1207/1326/1207
f  1207/1326/1207 1211/1330/1211 1190/1312/1193
f  1190/1312/1193 1211/1330/1211 1196/1315/1196
f  1211/1330/1211 1208/1329/1210 1212/1331/1212
f  1211/1330/1211 1212/1331/1212 1196/1315/1196
f  1196/1315/1196 1212/1331/1212 1195/1316/1197
f  1195/1316/1197 1212/1331/1212 1215/1332/1213
f  1212/1331/1212 1208/1329/1210 1214/1333/1214
f  1212/1331/1212 1214/1333/1214 1215/1332/1213
f  1215/1332/1213 1214/1333/1214 1213/1334/1215
f  1208/1329/1210 1209/1328/1209 1216/1335/1216
f  1209/1328/1209 380/422/382 381/421/381
f  1209/1328/1209 381/421/381 1216/1335/1216
f  1216/1335/1216 381/421/381 375/418/378
f  1208/1329/1210 1216/1335/1216 1214/1333/1214
f  1216/1335/1216 375/418/378 1217/1336/1217
f  1216/1335/1216 1217/1336/1217 1214/1333/1214
f  1214/1333/1214 1217/1336/1217 1213/1334/1215
f  1213/1334/1215 1217/1336/1217 1218/1337/1218
f  1217/1336/1217 375/418/378 377/417/377
f  1217/1336/1217 377/417/377 1218/1337/1218
f  1218/1337/1218 377/417/377 374/416/376
f  1183/1302/1183 1188/1304/1185 1221/1338/1219
f  1188/1304/1185 1185/1307/1188 1220/1339/1220
f  1188/1304/1185 1220/1339/1220 1221/1338/1219
f  1221/1338/1219 1220/1339/1220 1219/1340/1221
f  1185/1307/1188 1197/1314/1195 1224/1341/1222
f  1197/1314/1195 1195/1316/1197 1223/1342/1223
f  1197/1314/1195 1223/1342/1223 1224/1341/1222
f  1224/1341/1222 1223/1342/1223 1222/1343/1224
f  1185/1307/1188 1224/1341/1222 1220/1339/1220
f  1224/1341/1222 1222/1343/1224 1225/1344/1225
f  1224/1341/1222 1225/1344/1225 1220/1339/1220
f  1220/1339/1220 1225/1344/1225 1219/1340/1221
f  1219/1340/1221 1225/1344/1225 1228/1345/1226
f  1225/1344/1225 1222/1343/1224 1227/1346/1227
f  1225/1344/1225 1227/1346/1227 1228/1345/1226
f  1228/1345/1226 1227/1346/1227 1226/1347/1228
f  1195/1316/1197 1215/1332/1213 1231/1348/1229
f  1215/1332/1213 1213/1334/1215 1230/1349/1230
f  1215/1332/1213 1230/1349/1230 1231/1348/1229
f  1231/1348/1229 1230/1349/1230 1229/1350/1231
f  1213/1334/1215 1218/1337/1218 1234/1351/1232
f  1218/1337/1218 374/416/376 1233/1352/1233
f  1218/1337/1218 1233/1352/1233 1234/1351/1232
f  1234/1351/1232 1233/1352/1233 1232/1353/1234
f  1213/1334/1215 1234/1351/1232 1230/1349/1230
f  1234/1351/1232 1232/1353/1234 1235/1354/1235
f  1234/1351/1232 1235/1354/1235 1230/1349/1230
f  1230/1349/1230 1235/1354/1235 1229/1350/1231
f  1229/1350/1231 1235/1354/1235 1238/1355/1236
f  1235/1354/1235 1232/1353/1234 1237/1356/1237
f  1235/1354/1235 1237/1356/1237 1238/1355/1236
f  1238/1355/1236 1237/1356/1237 1236/1357/1238
f  1195/1316/1197 1231/1348/1229 1223/1342/1223
f  1231/1348/1229 1229/1350/1231 1239/1358/1239
f  1231/1348/1229 1239/1358/1239 1223/1342/1223
f  1223/1342/1223 1239/1358/1239 1222/1343/1224
f  1229/1350/1231 1238/1355/1236 1242/1359/1240
f  1238/1355/1236 1236/1357/1238 1241/1360/1241
f  1238/1355/1236 1241/1360/1241 1242/1359/1240
f  1242/1359/1240 1241/1360/1241 1240/1361/1242
f  1229/1350/1231 1242/1359/1240 1239/1358/1239
f  1242/1359/1240 1240/1361/1242 1243/1362/1243
f  1242/1359/1240 1243/1362/1243 1239/1358/1239
f  1239/1358/1239 1243/1362/1243 1222/1343/1224
f  1222/1343/1224 1243/1362/1243 1227/1346/1227
f  1243/1362/1243 1240/1361/1242 1244/1363/1244
f  1243/1362/1243 1244/1363/1244 1227/1346/1227
f  1227/1346/1227 1244/1363/1244 1226/1347/1228
f  1226/1347/1228 1244/1363/1244 1247/1364/1245
f  1244/1363/1244 1240/1361/1242 1246/1365/1246
f  1244/1363/1244 1246/1365/1246 1247/1364/1245
f  1247/1364/1245 1246/1365/1246 1245/1366/1247
f  1240/1361/1242 1241/1360/1241 1250/1367/1248
f  1241/1360/1241 1236/1357/1238 1249/1368/1249
f  1241/1360/1241 1249/1368/1249 1250/1367/1248
f  1250/1367/1248 1249/1368/1249 1248/1369/1250
f  1240/1361/1242 1250/1367/1248 1246/1365/1246
f  1250/1367/1248 1248/1369/1250 1251/1370/1251
f  1250/1367/1248 1251/1370/1251 1246/1365/1246
f  1246/1365/1246 1251/1370/1251 1245/1366/1247
f  1245/1366/1247 1251/1370/1251 1253/1371/1252
f  1251/1370/1251 1248/1369/1250 1252/1372/1253
f  1251/1370/1251 1252/1372/1253 1253/1371/1252
f  1253/1371/1252 1252/1372/1253 1044/1125/1046
f  1183/1302/1183 1221/1338/1219 1256/1373/1254
f  1221/1338/1219 1219/1340/1221 1255/1374/1255
f  1221/1338/1219 1255/1374/1255 1256/1373/1254
f  1256/1373/1254 1255/1374/1255 1254/1375/1256
f  1219/1340/1221 1228/1345/1226 1259/1376/1257
f  1228/1345/1226 1226/1347/1228 1258/1377/1258
f  1228/1345/1226 1258/1377/1258 1259/1376/1257
f  1259/1376/1257 1258/1377/1258 1257/1378/1259
f  1219/1340/1221 1259/1376/1257 1255/1374/1255
f  1259/1376/1257 1257/1378/1259 1260/1379/1260
f  1259/1376/1257 1260/1379/1260 1255/1374/1255
f  1255/1374/1255 1260/1379/1260 1254/1375/1256
f  1254/1375/1256 1260/1379/1260 1263/1380/1261
f  1260/1379/1260 1257/1378/1259 1262/1381/1262
f  1260/1379/1260 1262/1381/1262 1263/1380/1261
f  1263/1380/1261 1262/1381/1262 1261/1382/1263
f  1226/1347/1228 1247/1364/1245 1266/1383/1264
f  1247/1364/1245 1245/1366/1247 1265/1384/1265
f  1247/1364/1245 1265/1384/1265 1266/1383/1264
f  1266/1383/1264 1265/1384/1265 1264/1385/1266
f  1245/1366/1247 1253/1371/1252 1267/1386/1267
f  1253/1371/1252 1044/1125/1046 1045/1124/1045
f  1253/1371/1252 1045/1124/1045 1267/1386/1267
f  1267/1386/1267 1045/1124/1045 1040/1121/1042
f  1245/1366/1247 1267/1386/1267 1265/1384/1265
f  1267/1386/1267 1040/1121/1042 1268/1387/1268
f  1267/1386/1267 1268/1387/1268 1265/1384/1265
f  1265/1384/1265 1268/1387/1268 1264/1385/1266
f  1264/1385/1266 1268/1387/1268 1269/1388/1269
f  1268/1387/1268 1040/1121/1042 1041/1120/1041
f  1268/1387/1268 1041/1120/1041 1269/1388/1269
f  1269/1388/1269 1041/1120/1041 1028/1109/1030
f  1226/1347/1228 1266/1383/1264 1258/1377/1258
f  1266/1383/1264 1264/1385/1266 1270/1389/1270
f  1266/1383/1264 1270/1389/1270 1258/1377/1258
f  1258/1377/1258 1270/1389/1270 1257/1378/1259
f  1264/1385/1266 1269/1388/1269 1273/1390/1271
f  1269/1388/1269 1028/1109/1030 1272/1391/1272
f  1269/1388/1269 1272/1391/1272 1273/1390/1271
f  1273/1390/1271 1272/1391/1272 1271/1392/1273
f  1264/1385/1266 1273/1390/1271 1270/1389/1270
f  1273/1390/1271 1271/1392/1273 1274/1393/1274
f  1273/1390/1271 1274/1393/1274 1270/1389/1270
f  1270/1389/1270 1274/1393/1274 1257/1378/1259
f  1257/1378/1259 1274/1393/1274 1262/1381/1262
f  1274/1393/1274 1271/1392/1273 1275/1394/1275
f  1274/1393/1274 1275/1394/1275 1262/1381/1262
f  1262/1381/1262 1275/1394/1275 1261/1382/1263
f  1261/1382/1263 1275/1394/1275 1278/1395/1276
f  1275/1394/1275 1271/1392/1273 1277/1396/1277
f  1275/1394/1275 1277/1396/1277 1278/1395/1276
f  1278/1395/1276 1277/1396/1277 1276/1397/1278
f  1271/1392/1273 1272/1391/1272 1279/1398/1279
f  1272/1391/1272 1028/1109/1030 1029/1108/1029
f  1272/1391/1272 1029/1108/1029 1279/1398/1279
f  1279/1398/1279 1029/1108/1029 1023/1105/1026
f  1271/1392/1273 1279/1398/1279 1277/1396/1277
f  1279/1398/1279 1023/1105/1026 1280/1399/1280
f  1279/1398/1279 1280/1399/1280 1277/1396/1277
f  1277/1396/1277 1280/1399/1280 1276/1397/1278
f  1276/1397/1278 1280/1399/1280 1281/1400/1281
f  1280/1399/1280 1023/1105/1026 1025/1104/1025
f  1280/1399/1280 1025/1104/1025 1281/1400/1281
f  1281/1400/1281 1025/1104/1025 1022/1103/1024
f  1183/1302/1183 1256/1373/1254 1284/1401/1282
f  1256/1373/1254 1254/1375/1256 1283/1402/1283
f  1256/1373/1254 1283/1402/1283 1284/1401/1282
f  1284/1401/1282 1283/1402/1283 1282/1403/1284
f  1254/1375/1256 1263/1380/1261 1287/1404/1285
f  1263/1380/1261 1261/1382/1263 1286/1405/1286
f  1263/1380/1261 1286/1405/1286 1287/1404/1285
f  1287/1404/1285 1286/1405/1286 1285/1406/1287
f  1254/1375/1256 1287/1404/1285 1283/1402/1283
f  1287/1404/1285 1285/1406/1287 1288/1407/1288
f  1287/1404/1285 1288/1407/1288 1283/1402/1283
f  1283/1402/1283 1288/1407/1288 1282/1403/1284
f  1282/1403/1284 1288/1407/1288 1291/1408/1289
f  1288/1407/1288 1285/1406/1287 1290/1409/1290
f  1288/1407/1288 1290/1409/1290 1291/1408/1289
f  1291/1408/1289 1290/1409/1290 1289/1410/1291
f  1261/1382/1263 1278/1395/1276 1294/1411/1292
f  1278/1395/1276 1276/1397/1278 1293/1412/1293
f  1278/1395/1276 1293/1412/1293 1294/1411/1292
f  1294/1411/1292 1293/1412/1293 1292/1413/1294
f  1276/1397/1278 1281/1400/1281 1297/1414/1295
f  1281/1400/1281 1022/1103/1024 1296/1415/1296
f  1281/1400/1281 1296/1415/1296 1297/1414/1295
f  1297/1414/1295 1296/1415/1296 1295/1416/1297
f  1276/1397/1278 1297/1414/1295 1293/1412/1293
f  1297/1414/1295 1295/1416/1297 1298/1417/1298
f  1297/1414/1295 1298/1417/1298 1293/1412/1293
f  1293/1412/1293 1298/1417/1298 1292/1413/1294
f  1292/1413/1294 1298/1417/1298 1301/1418/1299
f  1298/1417/1298 1295/1416/1297 1300/1419/1300
f  1298/1417/1298 1300/1419/1300 1301/1418/1299
f  1301/1418/1299 1300/1419/1300 1299/1420/1301
f  1261/1382/1263 1294/1411/1292 1286/1405/1286
f  1294/1411/1292 1292/1413/1294 1302/1421/1302
f  1294/1411/1292 1302/1421/1302 1286/1405/1286
f  1286/1405/1286 1302/1421/1302 1285/1406/1287
f  1292/1413/1294 1301/1418/1299 1305/1422/1303
f  1301/1418/1299 1299/1420/1301 1304/1423/1304
f  1301/1418/1299 1304/1423/1304 1305/1422/1303
f  1305/1422/1303 1304/1423/1304 1303/1424/1305
f  1292/1413/1294 1305/1422/1303 1302/1421/1302
f  1305/1422/1303 1303/1424/1305 1306/1425/1306
f  1305/1422/1303 1306/1425/1306 1302/1421/1302
f  1302/1421/1302 1306/1425/1306 1285/1406/1287
f  1285/1406/1287 1306/1425/1306 1290/1409/1290
f  1306/1425/1306 1303/1424/1305 1307/1426/1307
f  1306/1425/1306 1307/1426/1307 1290/1409/1290
f  1290/1409/1290 1307/1426/1307 1289/1410/1291
f  1289/1410/1291 1307/1426/1307 1310/1427/1308
f  1307/1426/1307 1303/1424/1305 1309/1428/1309
f  1307/1426/1307 1309/1428/1309 1310/1427/1308
f  1310/1427/1308 1309/1428/1309 1308/1429/1310
f  1303/1424/1305 1304/1423/1304 1313/1430/1311
f  1304/1423/1304 1299/1420/1301 1312/1431/1312
f  1304/1423/1304 1312/1431/1312 1313/1430/1311
f  1313/1430/1311 1312/1431/1312 1311/1432/1313
f  1303/1424/1305 1313/1430/1311 1309/1428/1309
f  1313/1430/1311 1311/1432/1313 1314/1433/1314
f  1313/1430/1311 1314/1433/1314 1309/1428/1309
f  1309/1428/1309 1314/1433/1314 1308/1429/1310
f  1308/1429/1310 1314/1433/1314 1316/1434/1315
f  1314/1433/1314 1311/1432/1313 1315/1435/1316
f  1314/1433/1314 1315/1435/1316 1316/1434/1315
f  1316/1434/1315 1315/1435/1316 538/580/540
f  1183/1302/1183 1284/1401/1282 1186/1303/1184
f  1284/1401/1282 1282/1403/1284 1317/1436/1317
f  1284/1401/1282 1317/1436/1317 1186/1303/1184
f  1186/1303/1184 1317/1436/1317 1184/1305/1186
f  1282/1403/1284 1291/1408/1289 1320/1437/1318
f  1291/1408/1289 1289/1410/1291 1319/1438/1319
f  1291/1408/1289 1319/1438/1319 1320/1437/1318
f  1320/1437/1318 1319/1438/1319 1318/1439/1320
f  1282/1403/1284 1320/1437/1318 1317/1436/1317
f  1320/1437/1318 1318/1439/1320 1321/1440/1321
f  1320/1437/1318 1321/1440/1321 1317/1436/1317
f  1317/1436/1317 1321/1440/1321 1184/1305/1186
f  1184/1305/1186 1321/1440/1321 1191/1308/1189
f  1321/1440/1321 1318/1439/1320 1322/1441/1322
f  1321/1440/1321 1322/1441/1322 1191/1308/1189
f  1191/1308/1189 1322/1441/1322 1189/1310/1191
f  1289/1410/1291 1310/1427/1308 1325/1442/1323
f  1310/1427/1308 1308/1429/1310 1324/1443/1324
f  1310/1427/1308 1324/1443/1324 1325/1442/1323
f  1325/1442/1323 1324/1443/1324 1323/1444/1325
f  1308/1429/1310 1316/1434/1315 1326/1445/1326
f  1316/1434/1315 538/580/540 681/721/681
f  1316/1434/1315 681/721/681 1326/1445/1326
f  1326/1445/1326 681/721/681 677/719/679
f  1308/1429/1310 1326/1445/1326 1324/1443/1324
f  1326/1445/1326 677/719/679 1327/1446/1327
f  1326/1445/1326 1327/1446/1327 1324/1443/1324
f  1324/1443/1324 1327/1446/1327 1323/1444/1325
f  1323/1444/1325 1327/1446/1327 1328/1447/1328
f  1327/1446/1327 677/719/679 678/718/678
f  1327/1446/1327 678/718/678 1328/1447/1328
f  1328/1447/1328 678/718/678 667/709/669
f  1289/1410/1291 1325/1442/1323 1319/1438/1319
f  1325/1442/1323 1323/1444/1325 1329/1448/1329
f  1325/1442/1323 1329/1448/1329 1319/1438/1319
f  1319/1438/1319 1329/1448/1329 1318/1439/1320
f  1323/1444/1325 1328/1447/1328 1332/1449/1330
f  1328/1447/1328 667/709/669 1331/1450/1331
f  1328/1447/1328 1331/1450/1331 1332/1449/1330
f  1332/1449/1330 1331/1450/1331 1330/1451/1332
f  1323/1444/1325 1332/1449/1330 1329/1448/1329
f  1332/1449/1330 1330/1451/1332 1333/1452/1333
f  1332/1449/1330 1333/1452/1333 1329/1448/1329
f  1329/1448/1329 1333/1452/1333 1318/1439/1320
f  1318/1439/1320 1333/1452/1333 1322/1441/1322
f  1333/1452/1333 1330/1451/1332 1334/1453/1334
f  1333/1452/1333 1334/1453/1334 1322/1441/1322
f  1322/1441/1322 1334/1453/1334 1189/1310/1191
f  1189/1310/1191 1334/1453/1334 1200/1317/1198
f  1334/1453/1334 1330/1451/1332 1335/1454/1335
f  1334/1453/1334 1335/1454/1335 1200/1317/1198
f  1200/1317/1198 1335/1454/1335 1198/1319/1200
f  1330/1451/1332 1331/1450/1331 1336/1455/1336
f  1331/1450/1331 667/709/669 668/708/668
f  1331/1450/1331 668/708/668 1336/1455/1336
f  1336/1455/1336 668/708/668 663/705/665
f  1330/1451/1332 1336/1455/1336 1335/1454/1335
f  1336/1455/1336 663/705/665 1337/1456/1337
f  1336/1455/1336 1337/1456/1337 1335/1454/1335
f  1335/1454/1335 1337/1456/1337 1198/1319/1200
f  1198/1319/1200 1337/1456/1337 1203/1322/1203
f  1337/1456/1337 663/705/665 664/704/664
f  1337/1456/1337 664/704/664 1203/1322/1203
f  1203/1322/1203 664/704/664 396/438/398
f  1338/1457/1338 1341/1458/1339 1343/1459/1340
f  1341/1458/1339 1339/1460/1341 1342/1461/1342
f  1341/1458/1339 1342/1461/1342 1343/1459/1340
f  1343/1459/1340 1342/1461/1342 1340/1462/1343
f  1339/1460/1341 1346/1463/1344 1348/1464/1345
f  1346/1463/1344 1344/1465/1346 1347/1466/1347
f  1346/1463/1344 1347/1466/1347 1348/1464/1345
f  1348/1464/1345 1347/1466/1347 1345/1467/1348
f  1339/1460/1341 1348/1464/1345 1342/1461/1342
f  1348/1464/1345 1345/1467/1348 1349/1468/1349
f  1348/1464/1345 1349/1468/1349 1342/1461/1342
f  1342/1461/1342 1349/1468/1349 1340/1462/1343
f  1340/1462/1343 1349/1468/1349 1352/1469/1350
f  1349/1468/1349 1345/1467/1348 1351/1470/1351
f  1349/1468/1349 1351/1470/1351 1352/1469/1350
f  1352/1469/1350 1351/1470/1351 1350/1471/1352
f  1344/1465/1346 1355/1472/1353 1357/1473/1354
f  1355/1472/1353 1353/1474/1355 1356/1475/1356
f  1355/1472/1353 1356/1475/1356 1357/1473/1354
f  1357/1473/1354 1356/1475/1356 1354/1476/1357
f  1353/1474/1355 1358/1477/1358 1359/1478/1359
f  1358/1477/1358 224/266/226 225/265/225
f  1358/1477/1358 225/265/225 1359/1478/1359
f  1359/1478/1359 225/265/225 220/262/222
f  1353/1474/1355 1359/1478/1359 1356/1475/1356
f  1359/1478/1359 220/262/222 1360/1479/1360
f  1359/1478/1359 1360/1479/1360 1356/1475/1356
f  1356/1475/1356 1360/1479/1360 1354/1476/1357
f  1354/1476/1357 1360/1479/1360 1361/1480/1361
f  1360/1479/1360 220/262/222 221/261/221
f  1360/1479/1360 221/261/221 1361/1480/1361
f  1361/1480/1361 221/261/221 208/250/210
f  1344/1465/1346 1357/1473/1354 1347/1466/1347
f  1357/1473/1354 1354/1476/1357 1362/1481/1362
f  1357/1473/1354 1362/1481/1362 1347/1466/1347
f  1347/1466/1347 1362/1481/1362 1345/1467/1348
f  1354/1476/1357 1361/1480/1361 1365/1482/1363
f  1361/1480/1361 208/250/210 1364/1483/1364
f  1361/1480/1361 1364/1483/1364 1365/1482/1363
f  1365/1482/1363 1364/1483/1364 1363/1484/1365
f  1354/1476/1357 1365/1482/1363 1362/1481/1362
f  1365/1482/1363 1363/1484/1365 1366/1485/1366
f  1365/1482/1363 1366/1485/1366 1362/1481/1362
f  1362/1481/1362 1366/1485/1366 1345/1467/1348
f  1345/1467/1348 1366/1485/1366 1351/1470/1351
f  1366/1485/1366 1363/1484/1365 1367/1486/1367
f  1366/1485/1366 1367/1486/1367 1351/1470/1351
f  1351/1470/1351 1367/1486/1367 1350/1471/1352
f  1350/1471/1352 1367/1486/1367 1370/1487/1368
f  1367/1486/1367 1363/1484/1365 1369/1488/1369
f  1367/1486/1367 1369/1488/1369 1370/1487/1368
f  1370/1487/1368 1369/1488/1369 1368/1489/1370
f  1363/1484/1365 1364/1483/1364 1371/1490/1371
f  1364/1483/1364 208/250/210 209/249/209
f  1364/1483/1364 209/249/209 1371/1490/1371
f  1371/1490/1371 209/249/209 203/246/206
f  1363/1484/1365 1371/1490/1371 1369/1488/1369
f  1371/1490/1371 203/246/206 1372/1491/1372
f  1371/1490/1371 1372/1491/1372 1369/1488/1369
f  1369/1488/1369 1372/1491/1372 1368/1489/1370
f  1368/1489/1370 1372/1491/1372 1373/1492/1373
f  1372/1491/1372 203/246/206 205/245/205
f  1372/1491/1372 205/245/205 1373/1492/1373
f  1373/1492/1373 205/245/205 202/244/204
f  1338/1457/1338 1343/1459/1340 1376/1493/1374
f  1343/1459/1340 1340/1462/1343 1375/1494/1375
f  1343/1459/1340 1375/1494/1375 1376/1493/1374
f  1376/1493/1374 1375/1494/1375 1374/1495/1376
f  1340/1462/1343 1352/1469/1350 1379/1496/1377
f  1352/1469/1350 1350/1471/1352 1378/1497/1378
f  1352/1469/1350 1378/1497/1378 1379/1496/1377
f  1379/1496/1377 1378/1497/1378 1377/1498/1379
f  1340/1462/1343 1379/1496/1377 1375/1494/1375
f  1379/1496/1377 1377/1498/1379 1380/1499/1380
f  1379/1496/1377 1380/1499/1380 1375/1494/1375
f  1375/1494/1375 1380/1499/1380 1374/1495/1376
f  1374/1495/1376 1380/1499/1380 1383/1500/1381
f  1380/1499/1380 1377/1498/1379 1382/1501/1382
f  1380/1499/1380 1382/1501/1382 1383/1500/1381
f  1383/1500/1381 1382/1501/1382 1381/1502/1383
f  1350/1471/1352 1370/1487/1368 1386/1503/1384
f  1370/1487/1368 1368/1489/1370 1385/1504/1385
f  1370/1487/1368 1385/1504/1385 1386/1503/1384
f  1386/1503/1384 1385/1504/1385 1384/1505/1386
f  1368/1489/1370 1373/1492/1373 1389/1506/1387
f  1373/1492/1373 202/244/204 1388/1507/1388
f  1373/1492/1373 1388/1507/1388 1389/1506/1387
f  1389/1506/1387 1388/1507/1388 1387/1508/1389
f  1368/1489/1370 1389/1506/1387 1385/1504/1385
f  1389/1506/1387 1387/1508/1389 1390/1509/1390
f  1389/1506/1387 1390/1509/1390 1385/1504/1385
f  1385/1504/1385 1390/1509/1390 1384/1505/1386
f  1384/1505/1386 1390/1509/1390 1393/1510/1391
f  1390/1509/1390 1387/1508/1389 1392/1511/1392
f  1390/1509/1390 1392/1511/1392 1393/1510/1391
f  1393/1510/1391 1392/1511/1392 1391/1512/1393
f  1350/1471/1352 1386/1503/1384 1378/1497/1378
f  1386/1503/1384 1384/1505/1386 1394/1513/1394
f  1386/1503/1384 1394/1513/1394 1378/1497/1378
f  1378/1497/1378 1394/1513/1394 1377/1498/1379
f  1384/1505/1386 1393/1510/1391 1397/1514/1395
f  1393/1510/1391 1391/1512/1393 1396/1515/1396
f  1393/1510/1391 1396/1515/1396 1397/1514/1395
f  1397/1514/1395 1396/1515/1396 1395/1516/1397
f  1384/1505/1386 1397/1514/1395 1394/1513/1394
f  1397/1514/1395 1395/1516/1397 1398/1517/1398
f  1397/1514/1395 1398/1517/1398 1394/1513/1394
f  1394/1513/1394 1398/1517/1398 1377/1498/1379
f  1377/1498/1379 1398/1517/1398 1382/1501/1382
f  1398/1517/1398 1395/1516/1397 1399/1518/1399
f  1398/1517/1398 1399/1518/1399 1382/1501/1382
f  1382/1501/1382 1399/1518/1399 1381/1502/1383
f  1381/1502/1383 1399/1518/1399 1402/1519/1400
f  1399/1518/1399 1395/1516/1397 1401/1520/1401
f  1399/1518/1399 1401/1520/1401 1402/1519/1400
f  1402/1519/1400 1401/1520/1401 1400/1521/1402
f  1395/1516/1397 1396/1515/1396 1405/1522/1403
f  1396/1515/1396 1391/1512/1393 1404/1523/1404
f  1396/1515/1396 1404/1523/1404 1405/1522/1403
f  1405/1522/1403 1404/1523/1404 1403/1524/1405
f  1395/1516/1397 1405/1522/1403 1401/1520/1401
f  1405/1522/1403 1403/1524/1405 1406/1525/1406
f  1405/1522/1403 1406/1525/1406 1401/1520/1401
f  1401/1520/1401 1406/1525/1406 1400/1521/1402
f  1400/1521/1402 1406/1525/1406 1408/1526/1407
f  1406/1525/1406 1403/1524/1405 1407/1527/1408
f  1406/1525/1406 1407/1527/1408 1408/1526/1407
f  1408/1526/1407 1407/1527/1408 1080/1169/1082
f  1338/1457/1338 1376/1493/1374 1411/1528/1409
f  1376/1493/1374 1374/1495/1376 1410/1529/1410
f  1376/1493/1374 1410/1529/1410 1411/1528/1409
f  1411/1528/1409 1410/1529/1410 1409/1530/1411
f  1374/1495/1376 1383/1500/1381 1414/1531/1412
f  1383/1500/1381 1381/1502/1383 1413/1532/1413
f  1383/1500/1381 1413/1532/1413 1414/1531/1412
f  1414/1531/1412 1413/1532/1413 1412/1533/1414
f  1374/1495/1376 1414/1531/1412 1410/1529/1410
f  1414/1531/1412 1412/1533/1414 1415/1534/1415
f  1414/1531/1412 1415/1534/1415 1410/1529/1410
f  1410/1529/1410 1415/1534/1415 1409/1530/1411
f  1409/1530/1411 1415/1534/1415 1418/1535/1416
f  1415/1534/1415 1412/1533/1414 1417/1536/1417
f  1415/1534/1415 1417/1536/1417 1418/1535/1416
f  1418/1535/1416 1417/1536/1417 1416/1537/1418
f  1381/1502/1383 1402/1519/1400 1421/1538/1419
f  1402/1519/1400 1400/1521/1402 1420/1539/1420
f  1402/1519/1400 1420/1539/1420 1421/1538/1419
f  1421/1538/1419 1420/1539/1420 1419/1540/1421
f  1400/1521/1402 1408/1526/1407 1422/1541/1422
f  1408/1526/1407 1080/1169/1082 1081/1168/1081
f  1408/1526/1407 1081/1168/1081 1422/1541/1422
f  1422/1541/1422 1081/1168/1081 1076/1165/1078
f  1400/1521/1402 1422/1541/1422 1420/1539/1420
f  1422/1541/1422 1076/1165/1078 1423/1542/1423
f  1422/1541/1422 1423/1542/1423 1420/1539/1420
f  1420/1539/1420 1423/1542/1423 1419/1540/1421
f  1419/1540/1421 1423/1542/1423 1424/1543/1424
f  1423/1542/1423 1076/1165/1078 1077/1164/1077
f  1423/1542/1423 1077/1164/1077 1424/1543/1424
f  1424/1543/1424 1077/1164/1077 1064/1153/1066
f  1381/1502/1383 1421/1538/1419 1413/1532/1413
f  1421/1538/1419 1419/1540/1421 1425/1544/1425
f  1421/1538/1419 1425/1544/1425 1413/1532/1413
f  1413/1532/1413 1425/1544/1425 1412/1533/1414
f  1419/1540/1421 1424/1543/1424 1428/1545/1426
f  1424/1543/1424 1064/1153/1066 1427/1546/1427
f  1424/1543/1424 1427/1546/1427 1428/1545/1426
f  1428/1545/1426 1427/1546/1427 1426/1547/1428
f  1419/1540/1421 1428/1545/1426 1425/1544/1425
f  1428/1545/1426 1426/1547/1428 1429/1548/1429
f  1428/1545/1426 1429/1548/1429 1425/1544/1425
f  1425/1544/1425 1429/1548/1429 1412/1533/1414
f  1412/1533/1414 1429/1548/1429 1417/1536/1417
f  1429/1548/1429 1426/1547/1428 1430/1549/1430
f  1429/1548/1429 1430/1549/1430 1417/1536/1417
f  1417/1536/1417 1430/1549/1430 1416/1537/1418
f  1416/1537/1418 1430/1549/1430 1433/1550/1431
f  1430/1549/1430 1426/1547/1428 1432/1551/1432
f  1430/1549/1430 1432/1551/1432 1433/1550/1431
f  1433/1550/1431 1432/1551/1432 1431/1552/1433
f  1426/1547/1428 1427/1546/1427 1434/1553/1434
f  1427/1546/1427 1064/1153/1066 1065/1152/1065
f  1427/1546/1427 1065/1152/1065 1434/1553/1434
f  1434/1553/1434 1065/1152/1065 1060/1149/1062
f  1426/1547/1428 1434/1553/1434 1432/1551/1432
f  1434/1553/1434 1060/1149/1062 1435/1554/1435
f  1434/1553/1434 1435/1554/1435 1432/1551/1432
f  1432/1551/1432 1435/1554/1435 1431/1552/1433
f  1431/1552/1433 1435/1554/1435 1436/1555/1436
f  1435/1554/1435 1060/1149/1062 1061/1148/1061
f  1435/1554/1435 1061/1148/1061 1436/1555/1436
f  1436/1555/1436 1061/1148/1061 1044/1125/1046
f  1338/1457/1338 1411/1528/1409 1439/1556/1437
f  1411/1528/1409 1409/1530/1411 1438/1557/1438
f  1411/1528/1409 1438/1557/1438 1439/1556/1437
f  1439/1556/1437 1438/1557/1438 1437/1558/1439
f  1409/1530/1411 1418/1535/1416 1442/1559/1440
f  1418/1535/1416 1416/1537/1418 1441/1560/1441
f  1418/1535/1416 1441/1560/1441 1442/1559/1440
f  1442/1559/1440 1441/1560/1441 1440/1561/1442
f  1409/1530/1411 1442/1559/1440 1438/1557/1438
f  1442/1559/1440 1440/1561/1442 1443/1562/1443
f  1442/1559/1440 1443/1562/1443 1438/1557/1438
f  1438/1557/1438 1443/1562/1443 1437/1558/1439
f  1437/1558/1439 1443/1562/1443 1446/1563/1444
f  1443/1562/1443 1440/1561/1442 1445/1564/1445
f  1443/1562/1443 1445/1564/1445 1446/1563/1444
f  1446/1563/1444 1445/1564/1445 1444/1565/1446
f  1416/1537/1418 1433/1550/1431 1449/1566/1447
f  1433/1550/1431 1431/1552/1433 1448/1567/1448
f  1433/1550/1431 1448/1567/1448 1449/1566/1447
f  1449/1566/1447 1448/1567/1448 1447/1568/1449
f  1431/1552/1433 1436/1555/1436 1450/1569/1450
f  1436/1555/1436 1044/1125/1046 1252/1372/1253
f  1436/1555/1436 1252/1372/1253 1450/1569/1450
f  1450/1569/1450 1252/1372/1253 1248/1369/1250
f  1431/1552/1433 1450/1569/1450 1448/1567/1448
f  1450/1569/1450 1248/1369/1250 1451/1570/1451
f  1450/1569/1450 1451/1570/1451 1448/1567/1448
f  1448/1567/1448 1451/1570/1451 1447/1568/1449
f  1447/1568/1449 1451/1570/1451 1452/1571/1452
f  1451/1570/1451 1248/1369/1250 1249/1368/1249
f  1451/1570/1451 1249/1368/1249 1452/1571/1452
f  1452/1571/1452 1249/1368/1249 1236/1357/1238
f  1416/1537/1418 1449/1566/1447 1441/1560/1441
f  1449/1566/1447 1447/1568/1449 1453/1572/1453
f  1449/1566/1447 1453/1572/1453 1441/1560/1441
f  1441/1560/1441 1453/1572/1453 1440/1561/1442
f  1447/1568/1449 1452/1571/1452 1456/1573/1454
f  1452/1571/1452 1236/1357/1238 1455/1574/1455
f  1452/1571/1452 1455/1574/1455 1456/1573/1454
f  1456/1573/1454 1455/1574/1455 1454/1575/1456
f  1447/1568/1449 1456/1573/1454 1453/1572/1453
f  1456/1573/1454 1454/1575/1456 1457/1576/1457
f  1456/1573/1454 1457/1576/1457 1453/1572/1453
f  1453/1572/1453 1457/1576/1457 1440/1561/1442
f  1440/1561/1442 1457/1576/1457 1445/1564/1445
f  1457/1576/1457 1454/1575/1456 1458/1577/1458
f  1457/1576/1457 1458/1577/1458 1445/1564/1445
f  1445/1564/1445 1458/1577/1458 1444/1565/1446
f  1444/1565/1446 1458/1577/1458 1461/1578/1459
f  1458/1577/1458 1454/1575/1456 1460/1579/1460
f  1458/1577/1458 1460/1579/1460 1461/1578/1459
f  1461/1578/1459 1460/1579/1460 1459/1580/1461
f  1454/1575/1456 1455/1574/1455 1462/1581/1462
f  1455/1574/1455 1236/1357/1238 1237/1356/1237
f  1455/1574/1455 1237/1356/1237 1462/1581/1462
f  1462/1581/1462 1237/1356/1237 1232/1353/1234
f  1454/1575/1456 1462/1581/1462 1460/1579/1460
f  1462/1581/1462 1232/1353/1234 1463/1582/1463
f  1462/1581/1462 1463/1582/1463 1460/1579/1460
f  1460/1579/1460 1463/1582/1463 1459/1580/1461
f  1459/1580/1461 1463/1582/1463 1464/1583/1464
f  1463/1582/1463 1232/1353/1234 1233/1352/1233
f  1463/1582/1463 1233/1352/1233 1464/1583/1464
f  1464/1583/1464 1233/1352/1233 374/416/376
f  1338/1457/1338 1439/1556/1437 1341/1458/1339
f  1439/1556/1437 1437/1558/1439 1465/1584/1465
f  1439/1556/1437 1465/1584/1465 1341/1458/1339
f  1341/1458/1339 1465/1584/1465 1339/1460/1341
f  1437/1558/1439 1446/1563/1444 1468/1585/1466
f  1446/1563/1444 1444/1565/1446 1467/1586/1467
f  1446/1563/1444 1467/1586/1467 1468/1585/1466
f  1468/1585/1466 1467/1586/1467 1466/1587/1468
f  1437/1558/1439 1468/1585/1466 1465/1584/1465
f  1468/1585/1466 1466/1587/1468 1469/1588/1469
f  1468/1585/1466 1469/1588/1469 1465/1584/1465
f  1465/1584/1465 1469/1588/1469 1339/1460/1341
f  1339/1460/1341 1469/1588/1469 1346/1463/1344
f  1469/1588/1469 1466/1587/1468 1470/1589/1470
f  1469/1588/1469 1470/1589/1470 1346/1463/1344
f  1346/1463/1344 1470/1589/1470 1344/1465/1346
f  1444/1565/1446 1461/1578/1459 1473/1590/1471
f  1461/1578/1459 1459/1580/1461 1472/1591/1472
f  1461/1578/1459 1472/1591/1472 1473/1590/1471
f  1473/1590/1471 1472/1591/1472 1471/1592/1473
f  1459/1580/1461 1464/1583/1464 1474/1593/1474
f  1464/1583/1464 374/416/376 517/557/517
f  1464/1583/1464 517/557/517 1474/1593/1474
f  1474/1593/1474 517/557/517 513/555/515
f  1459/1580/1461 1474/1593/1474 1472/1591/1472
f  1474/1593/1474 513/555/515 1475/1594/1475
f  1474/1593/1474 1475/1594/1475 1472/1591/1472
f  1472/1591/1472 1475/1594/1475 1471/1592/1473
f  1471/1592/1473 1475/1594/1475 1476/1595/1476
f  1475/1594/1475 513/555/515 514/554/514
f  1475/1594/1475 514/554/514 1476/1595/1476
f  1476/1595/1476 514/554/514 503/545/505
f  1444/1565/1446 1473/1590/1471 1467/1586/1467
f  1473/1590/1471 1471/1592/1473 1477/1596/1477
f  1473/1590/1471 1477/1596/1477 1467/1586/1467
f  1467/1586/1467 1477/1596/1477 1466/1587/1468
f  1471/1592/1473 1476/1595/1476 1480/1597/1478
f  1476/1595/1476 503/545/505 1479/1598/1479
f  1476/1595/1476 1479/1598/1479 1480/1597/1478
f  1480/1597/1478 1479/1598/1479 1478/1599/1480
f  1471/1592/1473 1480/1597/1478 1477/1596/1477
f  1480/1597/1478 1478/1599/1480 1481/1600/1481
f  1480/1597/1478 1481/1600/1481 1477/1596/1477
f  1477/1596/1477 1481/1600/1481 1466/1587/1468
f  1466/1587/1468 1481/1600/1481 1470/1589/1470
f  1481/1600/1481 1478/1599/1480 1482/1601/1482
f  1481/1600/1481 1482/1601/1482 1470/1589/1470
f  1470/1589/1470 1482/1601/1482 1344/1465/1346
f  1344/1465/1346 1482/1601/1482 1355/1472/1353
f  1482/1601/1482 1478/1599/1480 1483/1602/1483
f  1482/1601/1482 1483/1602/1483 1355/1472/1353
f  1355/1472/1353 1483/1602/1483 1353/1474/1355
f  1478/1599/1480 1479/1598/1479 1484/1603/1484
f  1479/1598/1479 503/545/505 504/544/504
f  1479/1598/1479 504/544/504 1484/1603/1484
f  1484/1603/1484 504/544/504 499/541/501
f  1478/1599/1480 1484/1603/1484 1483/1602/1483
f  1484/1603/1484 499/541/501 1485/1604/1485
f  1484/1603/1484 1485/1604/1485 1483/1602/1483
f  1483/1602/1483 1485/1604/1485 1353/1474/1355
f  1353/1474/1355 1485/1604/1485 1358/1477/1358
f  1485/1604/1485 499/541/501 500/540/500
f  1485/1604/1485 500/540/500 1358/1477/1358
f  1358/1477/1358 500/540/500 224/266/226
f  1486/1605/1486 1489/1606/1487 1491/1607/1488
f  1489/1606/1487 1487/1608/1489 1490/1609/1490
f  1489/1606/1487 1490/1609/1490 1491/1607/1488
f  1491/1607/1488 1490/1609/1490 1488/1610/1491
f  1487/1608/1489 1494/1611/1492 1496/1612/1493
f  1494/1611/1492 1492/1613/1494 1495/1614/1495
f  1494/1611/1492 1495/1614/1495 1496/1612/1493
f  1496/1612/1493 1495/1614/1495 1493/1615/1496
f  1487/1608/1489 1496/1612/1493 1490/1609/1490
f  1496/1612/1493 1493/1615/1496 1497/1616/1497
f  1496/1612/1493 1497/1616/1497 1490/1609/1490
f  1490/1609/1490 1497/1616/1497 1488/1610/1491
f  1488/1610/1491 1497/1616/1497 1500/1617/1498
f  1497/1616/1497 1493/1615/1496 1499/1618/1499
f  1497/1616/1497 1499/1618/1499 1500/1617/1498
f  1500/1617/1498 1499/1618/1499 1498/1619/1500
f  1492/1613/1494 1503/1620/1501 1505/1621/1502
f  1503/1620/1501 1501/1622/1503 1504/1623/1504
f  1503/1620/1501 1504/1623/1504 1505/1621/1502
f  1505/1621/1502 1504/1623/1504 1502/1624/1505
f  1501/1622/1503 1506/1625/1506 1507/1626/1507
f  1506/1625/1506 323/365/325 888/953/889
f  1506/1625/1506 888/953/889 1507/1626/1507
f  1507/1626/1507 888/953/889 884/950/886
f  1501/1622/1503 1507/1626/1507 1504/1623/1504
f  1507/1626/1507 884/950/886 1508/1627/1508
f  1507/1626/1507 1508/1627/1508 1504/1623/1504
f  1504/1623/1504 1508/1627/1508 1502/1624/1505
f  1502/1624/1505 1508/1627/1508 1509/1628/1509
f  1508/1627/1508 884/950/886 885/949/885
f  1508/1627/1508 885/949/885 1509/1628/1509
f  1509/1628/1509 885/949/885 872/938/874
f  1492/1613/1494 1505/1621/1502 1495/1614/1495
f  1505/1621/1502 1502/1624/1505 1510/1629/1510
f  1505/1621/1502 1510/1629/1510 1495/1614/1495
f  1495/1614/1495 1510/1629/1510 1493/1615/1496
f  1502/1624/1505 1509/1628/1509 1513/1630/1511
f  1509/1628/1509 872/938/874 1512/1631/1512
f  1509/1628/1509 1512/1631/1512 1513/1630/1511
f  1513/1630/1511 1512/1631/1512 1511/1632/1513
f  1502/1624/1505 1513/1630/1511 1510/1629/1510
f  1513/1630/1511 1511/1632/1513 1514/1633/1514
f  1513/1630/1511 1514/1633/1514 1510/1629/1510
f  1510/1629/1510 1514/1633/1514 1493/1615/1496
f  1493/1615/1496 1514/1633/1514 1499/1618/1499
f  1514/1633/1514 1511/1632/1513 1515/1634/1515
f  1514/1633/1514 1515/1634/1515 1499/1618/1499
f  1499/1618/1499 1515/1634/1515 1498/1619/1500
f  1498/1619/1500 1515/1634/1515 1518/1635/1516
f  1515/1634/1515 1511/1632/1513 1517/1636/1517
f  1515/1634/1515 1517/1636/1517 1518/1635/1516
f  1518/1635/1516 1517/1636/1517 1516/1637/1518
f  1511/1632/1513 1512/1631/1512 1519/1638/1519
f  1512/1631/1512 872/938/874 873/937/873
f  1512/1631/1512 873/937/873 1519/1638/1519
f  1519/1638/1519 873/937/873 867/934/870
f  1511/1632/1513 1519/1638/1519 1517/1636/1517
f  1519/1638/1519 867/934/870 1520/1639/1520
f  1519/1638/1519 1520/1639/1520 1517/1636/1517
f  1517/1636/1517 1520/1639/1520 1516/1637/1518
f  1516/1637/1518 1520/1639/1520 1521/1640/1521
f  1520/1639/1520 867/934/870 869/933/869
f  1520/1639/1520 869/933/869 1521/1640/1521
f  1521/1640/1521 869/933/869 866/932/868
f  1486/1605/1486 1491/1607/1488 1524/1641/1522
f  1491/1607/1488 1488/1610/1491 1523/1642/1523
f  1491/1607/1488 1523/1642/1523 1524/1641/1522
f  1524/1641/1522 1523/1642/1523 1522/1643/1524
f  1488/1610/1491 1500/1617/1498 1527/1644/1525
f  1500/1617/1498 1498/1619/1500 1526/1645/1526
f  1500/1617/1498 1526/1645/1526 1527/1644/1525
f  1527/1644/1525 1526/1645/1526 1525/1646/1527
f  1488/1610/1491 1527/1644/1525 1523/1642/1523
f  1527/1644/1525 1525/1646/1527 1528/1647/1528
f  1527/1644/1525 1528/1647/1528 1523/1642/1523
f  1523/1642/1523 1528/1647/1528 1522/1643/1524
f  1522/1643/1524 1528/1647/1528 1531/1648/1529
f  1528/1647/1528 1525/1646/1527 1530/1649/1530
f  1528/1647/1528 1530/1649/1530 1531/1648/1529
f  1531/1648/1529 1530/1649/1530 1529/1650/1531
f  1498/1619/1500 1518/1635/1516 1534/1651/1532
f  1518/1635/1516 1516/1637/1518 1533/1652/1533
f  1518/1635/1516 1533/1652/1533 1534/1651/1532
f  1534/1651/1532 1533/1652/1533 1532/1653/1534
f  1516/1637/1518 1521/1640/1521 1537/1654/1535
f  1521/1640/1521 866/932/868 1536/1655/1536
f  1521/1640/1521 1536/1655/1536 1537/1654/1535
f  1537/1654/1535 1536/1655/1536 1535/1656/1537
f  1516/1637/1518 1537/1654/1535 1533/1652/1533
f  1537/1654/1535 1535/1656/1537 1538/1657/1538
f  1537/1654/1535 1538/1657/1538 1533/1652/1533
f  1533/1652/1533 1538/1657/1538 1532/1653/1534
f  1532/1653/1534 1538/1657/1538 1541/1658/1539
f  1538/1657/1538 1535/1656/1537 1540/1659/1540
f  1538/1657/1538 1540/1659/1540 1541/1658/1539
f  1541/1658/1539 1540/1659/1540 1539/1660/1541
f  1498/1619/1500 1534/1651/1532 1526/1645/1526
f  1534/1651/1532 1532/1653/1534 1542/1661/1542
f  1534/1651/1532 1542/1661/1542 1526/1645/1526
f  1526/1645/1526 1542/1661/1542 1525/1646/1527
f  1532/1653/1534 1541/1658/1539 1545/1662/1543
f  1541/1658/1539 1539/1660/1541 1544/1663/1544
f  1541/1658/1539 1544/1663/1544 1545/1662/1543
f  1545/1662/1543 1544/1663/1544 1543/1664/1545
f  1532/1653/1534 1545/1662/1543 1542/1661/1542
f  1545/1662/1543 1543/1664/1545 1546/1665/1546
f  1545/1662/1543 1546/1665/1546 1542/1661/1542
f  1542/1661/1542 1546/1665/1546 1525/1646/1527
f  1525/1646/1527 1546/1665/1546 1530/1649/1530
f  1546/1665/1546 1543/1664/1545 1547/1666/1547
f  1546/1665/1546 1547/1666/1547 1530/1649/1530
f  1530/1649/1530 1547/1666/1547 1529/1650/1531
f  1529/1650/1531 1547/1666/1547 1550/1667/1548
f  1547/1666/1547 1543/1664/1545 1549/1668/1549
f  1547/1666/1547 1549/1668/1549 1550/1667/1548
f  1550/1667/1548 1549/1668/1549 1548/1669/1550
f  1543/1664/1545 1544/1663/1544 1553/1670/1551
f  1544/1663/1544 1539/1660/1541 1552/1671/1552
f  1544/1663/1544 1552/1671/1552 1553/1670/1551
f  1553/1670/1551 1552/1671/1552 1551/1672/1553
f  1543/1664/1545 1553/1670/1551 1549/1668/1549
f  1553/1670/1551 1551/1672/1553 1554/1673/1554
f  1553/1670/1551 1554/1673/1554 1549/1668/1549
f  1549/1668/1549 1554/1673/1554 1548/1669/1550
f  1548/1669/1550 1554/1673/1554 1556/1674/1555
f  1554/1673/1554 1551/1672/1553 1555/1675/1556
f  1554/1673/1554 1555/1675/1556 1556/1674/1555
f  1556/1674/1555 1555/1675/1556 1116/1213/1118
f  1486/1605/1486 1524/1641/1522 1559/1676/1557
f  1524/1641/1522 1522/1643/1524 1558/1677/1558
f  1524/1641/1522 1558/1677/1558 1559/1676/1557
f  1559/1676/1557 1558/1677/1558 1557/1678/1559
f  1522/1643/1524 1531/1648/1529 1562/1679/1560
f  1531/1648/1529 1529/1650/1531 1561/1680/1561
f  1531/1648/1529 1561/1680/1561 1562/1679/1560
f  1562/1679/1560 1561/1680/1561 1560/1681/1562
f  1522/1643/1524 1562/1679/1560 1558/1677/1558
f  1562/1679/1560 1560/1681/1562 1563/1682/1563
f  1562/1679/1560 1563/1682/1563 1558/1677/1558
f  1558/1677/1558 1563/1682/1563 1557/1678/1559
f  1557/1678/1559 1563/1682/1563 1566/1683/1564
f  1563/1682/1563 1560/1681/1562 1565/1684/1565
f  1563/1682/1563 1565/1684/1565 1566/1683/1564
f  1566/1683/1564 1565/1684/1565 1564/1685/1566
f  1529/1650/1531 1550/1667/1548 1569/1686/1567
f  1550/1667/1548 1548/1669/1550 1568/1687/1568
f  1550/1667/1548 1568/1687/1568 1569/1686/1567
f  1569/1686/1567 1568/1687/1568 1567/1688/1569
f  1548/1669/1550 1556/1674/1555 1570/1689/1570
f  1556/1674/1555 1116/1213/1118 1117/1212/1117
f  1556/1674/1555 1117/1212/1117 1570/1689/1570
f  1570/1689/1570 1117/1212/1117 1112/1209/1114
f  1548/1669/1550 1570/1689/1570 1568/1687/1568
f  1570/1689/1570 1112/1209/1114 1571/1690/1571
f  1570/1689/1570 1571/1690/1571 1568/1687/1568
f  1568/1687/1568 1571/1690/1571 1567/1688/1569
f  1567/1688/1569 1571/1690/1571 1572/1691/1572
f  1571/1690/1571 1112/1209/1114 1113/1208/1113
f  1571/1690/1571 1113/1208/1113 1572/1691/1572
f  1572/1691/1572 1113/1208/1113 1100/1197/1102
f  1529/1650/1531 1569/1686/1567 1561/1680/1561
f  1569/1686/1567 1567/1688/1569 1573/1692/1573
f  1569/1686/1567 1573/1692/1573 1561/1680/1561
f  1561/1680/1561 1573/1692/1573 1560/1681/1562
f  1567/1688/1569 1572/1691/1572 1576/1693/1574
f  1572/1691/1572 1100/1197/1102 1575/1694/1575
f  1572/1691/1572 1575/1694/1575 1576/1693/1574
f  1576/1693/1574 1575/1694/1575 1574/1695/1576
f  1567/1688/1569 1576/1693/1574 1573/1692/1573
f  1576/1693/1574 1574/1695/1576 1577/1696/1577
f  1576/1693/1574 1577/1696/1577 1573/1692/1573
f  1573/1692/1573 1577/1696/1577 1560/1681/1562
f  1560/1681/1562 1577/1696/1577 1565/1684/1565
f  1577/1696/1577 1574/1695/1576 1578/1697/1578
f  1577/1696/1577 1578/1697/1578 1565/1684/1565
f  1565/1684/1565 1578/1697/1578 1564/1685/1566
f  1564/1685/1566 1578/1697/1578 1581/1698/1579
f  1578/1697/1578 1574/1695/1576 1580/1699/1580
f  1578/1697/1578 1580/1699/1580 1581/1698/1579
f  1581/1698/1579 1580/1699/1580 1579/1700/1581
f  1574/1695/1576 1575/1694/1575 1582/1701/1582
f  1575/1694/1575 1100/1197/1102 1101/1196/1101
f  1575/1694/1575 1101/1196/1101 1582/1701/1582
f  1582/1701/1582 1101/1196/1101 1096/1193/1098
f  1574/1695/1576 1582/1701/1582 1580/1699/1580
f  1582/1701/1582 1096/1193/1098 1583/1702/1583
f  1582/1701/1582 1583/1702/1583 1580/1699/1580
f  1580/1699/1580 1583/1702/1583 1579/1700/1581
f  1579/1700/1581 1583/1702/1583 1584/1703/1584
f  1583/1702/1583 1096/1193/1098 1097/1192/1097
f  1583/1702/1583 1097/1192/1097 1584/1703/1584
f  1584/1703/1584 1097/1192/1097 1080/1169/1082
f  1486/1605/1486 1559/1676/1557 1587/1704/1585
f  1559/1676/1557 1557/1678/1559 1586/1705/1586
f  1559/1676/1557 1586/1705/1586 1587/1704/1585
f  1587/1704/1585 1586/1705/1586 1585/1706/1587
f  1557/1678/1559 1566/1683/1564 1590/1707/1588
f  1566/1683/1564 1564/1685/1566 1589/1708/1589
f  1566/1683/1564 1589/1708/1589 1590/1707/1588
f  1590/1707/1588 1589/1708/1589 1588/1709/1590
f  1557/1678/1559 1590/1707/1588 1586/1705/1586
f  1590/1707/1588 1588/1709/1590 1591/1710/1591
f  1590/1707/1588 1591/1710/1591 1586/1705/1586
f  1586/1705/1586 1591/1710/1591 1585/1706/1587
f  1585/1706/1587 1591/1710/1591 1594/1711/1592
f  1591/1710/1591 1588/1709/1590 1593/1712/1593
f  1591/1710/1591 1593/1712/1593 1594/1711/1592
f  1594/1711/1592 1593/1712/1593 1592/1713/1594
f  1564/1685/1566 1581/1698/1579 1597/1714/1595
f  1581/1698/1579 1579/1700/1581 1596/1715/1596
f  1581/1698/1579 1596/1715/1596 1597/1714/1595
f  1597/1714/1595 1596/1715/1596 1595/1716/1597
f  1579/1700/1581 1584/1703/1584 1598/1717/1598
f  1584/1703/1584 1080/1169/1082 1407/1527/1408
f  1584/1703/1584 1407/1527/1408 1598/1717/1598
f  1598/1717/1598 1407/1527/1408 1403/1524/1405
f  1579/1700/1581 1598/1717/1598 1596/1715/1596
f  1598/1717/1598 1403/1524/1405 1599/1718/1599
f  1598/1717/1598 1599/1718/1599 1596/1715/1596
f  1596/1715/1596 1599/1718/1599 1595/1716/1597
f  1595/1716/1597 1599/1718/1599 1600/1719/1600
f  1599/1718/1599 1403/1524/1405 1404/1523/1404
f  1599/1718/1599 1404/1523/1404 1600/1719/1600
f  1600/1719/1600 1404/1523/1404 1391/1512/1393
f  1564/1685/1566 1597/1714/1595 1589/1708/1589
f  1597/1714/1595 1595/1716/1597 1601/1720/1601
f  1597/1714/1595 1601/1720/1601 1589/1708/1589
f  1589/1708/1589 1601/1720/1601 1588/1709/1590
f  1595/1716/1597 1600/1719/1600 1604/1721/1602
f  1600/1719/1600 1391/1512/1393 1603/1722/1603
f  1600/1719/1600 1603/1722/1603 1604/1721/1602
f  1604/1721/1602 1603/1722/1603 1602/1723/1604
f  1595/1716/1597 1604/1721/1602 1601/1720/1601
f  1604/1721/1602 1602/1723/1604 1605/1724/1605
f  1604/1721/1602 1605/1724/1605 1601/1720/1601
f  1601/1720/1601 1605/1724/1605 1588/1709/1590
f  1588/1709/1590 1605/1724/1605 1593/1712/1593
f  1605/1724/1605 1602/1723/1604 1606/1725/1606
f  1605/1724/1605 1606/1725/1606 1593/1712/1593
f  1593/1712/1593 1606/1725/1606 1592/1713/1594
f  1592/1713/1594 1606/1725/1606 1609/1726/1607
f  1606/1725/1606 1602/1723/1604 1608/1727/1608
f  1606/1725/1606 1608/1727/1608 1609/1726/1607
f  1609/1726/1607 1608/1727/1608 1607/1728/1609
f  1602/1723/1604 1603/1722/1603 1610/1729/1610
f  1603/1722/1603 1391/1512/1393 1392/1511/1392
f  1603/1722/1603 1392/1511/1392 1610/1729/1610
f  1610/1729/1610 1392/1511/1392 1387/1508/1389
f  1602/1723/1604 1610/1729/1610 1608/1727/1608
f  1610/1729/1610 1387/1508/1389 1611/1730/1611
f  1610/1729/1610 1611/1730/1611 1608/1727/1608
f  1608/1727/1608 1611/1730/1611 1607/1728/1609
f  1607/1728/1609 1611/1730/1611 1612/1731/1612
f  1611/1730/1611 1387/1508/1389 1388/1507/1388
f  1611/1730/1611 1388/1507/1388 1612/1731/1612
f  1612/1731/1612 1388/1507/1388 202/244/204
f  1486/1605/1486 1587/1704/1585 1489/1606/1487
f  1587/1704/1585 1585/1706/1587 1613/1732/1613
f  1587/1704/1585 1613/1732/1613 1489/1606/1487
f  1489/1606/1487 1613/1732/1613 1487/1608/1489
f  1585/1706/1587 1594/1711/1592 1616/1733/1614
f  1594/1711/1592 1592/1713/1594 1615/1734/1615
f  1594/1711/1592 1615/1734/1615 1616/1733/1614
f  1616/1733/1614 1615/1734/1615 1614/1735/1616
f  1585/1706/1587 1616/1733/1614 1613/1732/1613
f  1616/1733/1614 1614/1735/1616 1617/1736/1617
f  1616/1733/1614 1617/1736/1617 1613/1732/1613
f  1613/1732/1613 1617/1736/1617 1487/1608/1489
f  1487/1608/1489 1617/1736/1617 1494/1611/1492
f  1617/1736/1617 1614/1735/1616 1618/1737/1618
f  1617/1736/1617 1618/1737/1618 1494/1611/1492
f  1494/1611/1492 1618/1737/1618 1492/1613/1494
f  1592/1713/1594 1609/1726/1607 1621/1738/1619
f  1609/1726/1607 1607/1728/1609 1620/1739/1620
f  1609/1726/1607 1620/1739/1620 1621/1738/1619
f  1621/1738/1619 1620/1739/1620 1619/1740/1621
f  1607/1728/1609 1612/1731/1612 1622/1741/1622
f  1612/1731/1612 202/244/204 353/393/353
f  1612/1731/1612 353/393/353 1622/1741/1622
f  1622/1741/1622 353/393/353 349/391/351
f  1607/1728/1609 1622/1741/1622 1620/1739/1620
f  1622/1741/1622 349/391/351 1623/1742/1623
f  1622/1741/1622 1623/1742/1623 1620/1739/1620
f  1620/1739/1620 1623/1742/1623 1619/1740/1621
f  1619/1740/1621 1623/1742/1623 1624/1743/1624
f  1623/1742/1623 349/391/351 350/390/350
f  1623/1742/1623 350/390/350 1624/1743/1624
f  1624/1743/1624 350/390/350 339/381/341
f  1592/1713/1594 1621/1738/1619 1615/1734/1615
f  1621/1738/1619 1619/1740/1621 1625/1744/1625
f  1621/1738/1619 1625/1744/1625 1615/1734/1615
f  1615/1734/1615 1625/1744/1625 1614/1735/1616
f  1619/1740/1621 1624/1743/1624 1628/1745/1626
f  1624/1743/1624 339/381/341 1627/1746/1627
f  1624/1743/1624 1627/1746/1627 1628/1745/1626
f  1628/1745/1626 1627/1746/1627 1626/1747/1628
f  1619/1740/1621 1628/1745/1626 1625/1744/1625
f  1628/1745/1626 1626/1747/1628 1629/1748/1629
f  1628/1745/1626 1629/1748/1629 1625/1744/1625
f  1625/1744/1625 1629/1748/1629 1614/1735/1616
f  1614/1735/1616 1629/1748/1629 1618/1737/1618
f  1629/1748/1629 1626/1747/1628 1630/1749/1630
f  1629/1748/1629 1630/1749/1630 1618/1737/1618
f  1618/1737/1618 1630/1749/1630 1492/1613/1494
f  1492/1613/1494 1630/1749/1630 1503/1620/1501
f  1630/1749/1630 1626/1747/1628 1631/1750/1631
f  1630/1749/1630 1631/1750/1631 1503/1620/1501
f  1503/1620/1501 1631/1750/1631 1501/1622/1503
f  1626/1747/1628 1627/1746/1627 1632/1751/1632
f  1627/1746/1627 339/381/341 340/380/340
f  1627/1746/1627 340/380/340 1632/1751/1632
f  1632/1751/1632 340/380/340 335/377/337
f  1626/1747/1628 1632/1751/1632 1631/1750/1631
f  1632/1751/1632 335/377/337 1633/1752/1633
f  1632/1751/1632 1633/1752/1633 1631/1750/1631
f  1631/1750/1631 1633/1752/1633 1501/1622/1503
f  1501/1622/1503 1633/1752/1633 1506/1625/1506
f  1633/1752/1633 335/377/337 336/376/336
f  1633/1752/1633 336/376/336 1506/1625/1506
f  1506/1625/1506 336/376/336 323/365/325
f  1634/1753/1634 1637/1754/1635 1639/1755/1636
f  1637/1754/1635 1635/1756/1637 1638/1757/1638
f  1637/1754/1635 1638/1757/1638 1639/1755/1636
f  1639/1755/1636 1638/1757/1638 1636/1758/1639
f  1635/1756/1637 1642/1759/1640 1644/1760/1641
f  1642/1759/1640 1640/1761/1642 1643/1762/1643
f  1642/1759/1640 1643/1762/1643 1644/1760/1641
f  1644/1760/1641 1643/1762/1643 1641/1763/1644
f  1635/1756/1637 1644/1760/1641 1638/1757/1638
f  1644/1760/1641 1641/1763/1644 1645/1764/1645
f  1644/1760/1641 1645/1764/1645 1638/1757/1638
f  1638/1757/1638 1645/1764/1645 1636/1758/1639
f  1636/1758/1639 1645/1764/1645 1648/1765/1646
f  1645/1764/1645 1641/1763/1644 1647/1766/1647
f  1645/1764/1645 1647/1766/1647 1648/1765/1646
f  1648/1765/1646 1647/1766/1647 1646/1767/1648
f  1640/1761/1642 1651/1768/1649 1653/1769/1650
f  1651/1768/1649 1649/1770/1651 1652/1771/1652
f  1651/1768/1649 1652/1771/1652 1653/1769/1650
f  1653/1769/1650 1652/1771/1652 1650/1772/1653
f  1649/1770/1651 1654/1773/1654 1655/1774/1655
f  1654/1773/1654 724/788/726 725/1775/725
f  1654/1773/1654 725/1775/725 1655/1774/1655
f  1655/1774/1655 725/1775/725 720/1776/722
f  1649/1770/1651 1655/1774/1655 1652/1771/1652
f  1655/1774/1655 720/1776/722 1656/1777/1656
f  1655/1774/1655 1656/1777/1656 1652/1771/1652
f  1652/1771/1652 1656/1777/1656 1650/1772/1653
f  1650/1772/1653 1656/1777/1656 1657/1778/1657
f  1656/1777/1656 720/1776/722 721/1779/721
f  1656/1777/1656 721/1779/721 1657/1778/1657
f  1657/1778/1657 721/1779/721 708/1780/710
f  1640/1761/1642 1653/1769/1650 1643/1762/1643
f  1653/1769/1650 1650/1772/1653 1658/1781/1658
f  1653/1769/1650 1658/1781/1658 1643/1762/1643
f  1643/1762/1643 1658/1781/1658 1641/1763/1644
f  1650/1772/1653 1657/1778/1657 1661/1782/1659
f  1657/1778/1657 708/1780/710 1660/1783/1660
f  1657/1778/1657 1660/1783/1660 1661/1782/1659
f  1661/1782/1659 1660/1783/1660 1659/1784/1661
f  1650/1772/1653 1661/1782/1659 1658/1781/1658
f  1661/1782/1659 1659/1784/1661 1662/1785/1662
f  1661/1782/1659 1662/1785/1662 1658/1781/1658
f  1658/1781/1658 1662/1785/1662 1641/1763/1644
f  1641/1763/1644 1662/1785/1662 1647/1766/1647
f  1662/1785/1662 1659/1784/1661 1663/1786/1663
f  1662/1785/1662 1663/1786/1663 1647/1766/1647
f  1647/1766/1647 1663/1786/1663 1646/1767/1648
f  1646/1767/1648 1663/1786/1663 1666/1787/1664
f  1663/1786/1663 1659/1784/1661 1665/1788/1665
f  1663/1786/1663 1665/1788/1665 1666/1787/1664
f  1666/1787/1664 1665/1788/1665 1664/1789/1666
f  1659/1784/1661 1660/1783/1660 1667/1790/1667
f  1660/1783/1660 708/1780/710 709/1791/709
f  1660/1783/1660 709/1791/709 1667/1790/1667
f  1667/1790/1667 709/1791/709 703/1792/706
f  1659/1784/1661 1667/1790/1667 1665/1788/1665
f  1667/1790/1667 703/1792/706 1668/1793/1668
f  1667/1790/1667 1668/1793/1668 1665/1788/1665
f  1665/1788/1665 1668/1793/1668 1664/1789/1666
f  1664/1789/1666 1668/1793/1668 1669/1794/1669
f  1668/1793/1668 703/1792/706 705/1795/705
f  1668/1793/1668 705/1795/705 1669/1794/1669
f  1669/1794/1669 705/1795/705 702/744/704
f  1634/1796/1634 1639/1797/1636 1672/1798/1670
f  1639/1797/1636 1636/1799/1639 1671/1800/1671
f  1639/1797/1636 1671/1800/1671 1672/1798/1670
f  1672/1798/1670 1671/1800/1671 1670/1801/1672
f  1636/1799/1639 1648/1802/1646 1675/1803/1673
f  1648/1802/1646 1646/1804/1648 1674/1805/1674
f  1648/1802/1646 1674/1805/1674 1675/1803/1673
f  1675/1803/1673 1674/1805/1674 1673/1806/1675
f  1636/1799/1639 1675/1803/1673 1671/1800/1671
f  1675/1803/1673 1673/1806/1675 1676/1807/1676
f  1675/1803/1673 1676/1807/1676 1671/1800/1671
f  1671/1800/1671 1676/1807/1676 1670/1801/1672
f  1670/1801/1672 1676/1807/1676 1679/1808/1677
f  1676/1807/1676 1673/1806/1675 1678/1809/1678
f  1676/1807/1676 1678/1809/1678 1679/1808/1677
f  1679/1808/1677 1678/1809/1678 1677/1810/1679
f  1646/1804/1648 1666/1811/1664 1682/1812/1680
f  1666/1811/1664 1664/1813/1666 1681/1814/1681
f  1666/1811/1664 1681/1814/1681 1682/1812/1680
f  1682/1812/1680 1681/1814/1681 1680/1815/1682
f  1664/1813/1666 1669/1816/1669 1685/1817/1683
f  1669/1816/1669 702/1818/704 1684/1819/1684
f  1669/1816/1669 1684/1819/1684 1685/1817/1683
f  1685/1817/1683 1684/1819/1684 1683/1820/1685
f  1664/1813/1666 1685/1817/1683 1681/1814/1681
f  1685/1817/1683 1683/1820/1685 1686/1821/1686
f  1685/1817/1683 1686/1821/1686 1681/1814/1681
f  1681/1814/1681 1686/1821/1686 1680/1815/1682
f  1680/1815/1682 1686/1821/1686 1689/1822/1687
f  1686/1821/1686 1683/1820/1685 1688/1823/1688
f  1686/1821/1686 1688/1823/1688 1689/1822/1687
f  1689/1822/1687 1688/1823/1688 1687/1824/1689
f  1646/1804/1648 1682/1812/1680 1674/1805/1674
f  1682/1812/1680 1680/1815/1682 1690/1825/1690
f  1682/1812/1680 1690/1825/1690 1674/1805/1674
f  1674/1805/1674 1690/1825/1690 1673/1806/1675
f  1680/1815/1682 1689/1822/1687 1693/1826/1691
f  1689/1822/1687 1687/1824/1689 1692/1827/1692
f  1689/1822/1687 1692/1827/1692 1693/1826/1691
f  1693/1826/1691 1692/1827/1692 1691/1828/1693
f  1680/1815/1682 1693/1826/1691 1690/1825/1690
f  1693/1826/1691 1691/1828/1693 1694/1829/1694
f  1693/1826/1691 1694/1829/1694 1690/1825/1690
f  1690/1825/1690 1694/1829/1694 1673/1806/1675
f  1673/1806/1675 1694/1829/1694 1678/1809/1678
f  1694/1829/1694 1691/1828/1693 1695/1830/1695
f  1694/1829/1694 1695/1830/1695 1678/1809/1678
f  1678/1809/1678 1695/1830/1695 1677/1810/1679
f  1677/1810/1679 1695/1830/1695 1698/1831/1696
f  1695/1830/1695 1691/1828/1693 1697/1832/1697
f  1695/1830/1695 1697/1832/1697 1698/1831/1696
f  1698/1831/1696 1697/1832/1697 1696/1833/1698
f  1691/1828/1693 1692/1827/1692 1701/1834/1699
f  1692/1827/1692 1687/1824/1689 1700/1835/1700
f  1692/1827/1692 1700/1835/1700 1701/1834/1699
f  1701/1834/1699 1700/1835/1700 1699/1836/1701
f  1691/1828/1693 1701/1834/1699 1697/1832/1697
f  1701/1834/1699 1699/1836/1701 1702/1837/1702
f  1701/1834/1699 1702/1837/1702 1697/1832/1697
f  1697/1832/1697 1702/1837/1702 1696/1833/1698
f  1696/1833/1698 1702/1837/1702 1704/1838/1703
f  1702/1837/1702 1699/1836/1701 1703/1839/1704
f  1702/1837/1702 1703/1839/1704 1704/1838/1703
f  1704/1838/1703 1703/1839/1704 1152/1840/1154
f  1634/1841/1634 1672/1842/1670 1707/1843/1705
f  1672/1842/1670 1670/1844/1672 1706/1845/1706
f  1672/1842/1670 1706/1845/1706 1707/1843/1705
f  1707/1843/1705 1706/1845/1706 1705/1846/1707
f  1670/1844/1672 1679/1847/1677 1710/1848/1708
f  1679/1847/1677 1677/1849/1679 1709/1850/1709
f  1679/1847/1677 1709/1850/1709 1710/1848/1708
f  1710/1848/1708 1709/1850/1709 1708/1851/1710
f  1670/1844/1672 1710/1848/1708 1706/1845/1706
f  1710/1848/1708 1708/1851/1710 1711/1852/1711
f  1710/1848/1708 1711/1852/1711 1706/1845/1706
f  1706/1845/1706 1711/1852/1711 1705/1846/1707
f  1705/1846/1707 1711/1852/1711 1714/1853/1712
f  1711/1852/1711 1708/1851/1710 1713/1854/1713
f  1711/1852/1711 1713/1854/1713 1714/1853/1712
f  1714/1853/1712 1713/1854/1713 1712/1855/1714
f  1677/1849/1679 1698/1856/1696 1717/1857/1715
f  1698/1856/1696 1696/1858/1698 1716/1859/1716
f  1698/1856/1696 1716/1859/1716 1717/1857/1715
f  1717/1857/1715 1716/1859/1716 1715/1860/1717
f  1696/1858/1698 1704/1861/1703 1718/1862/1718
f  1704/1861/1703 1152/1257/1154 1153/1256/1153
f  1704/1861/1703 1153/1256/1153 1718/1862/1718
f  1718/1862/1718 1153/1256/1153 1148/1253/1150
f  1696/1858/1698 1718/1862/1718 1716/1859/1716
f  1718/1862/1718 1148/1253/1150 1719/1863/1719
f  1718/1862/1718 1719/1863/1719 1716/1859/1716
f  1716/1859/1716 1719/1863/1719 1715/1860/1717
f  1715/1860/1717 1719/1863/1719 1720/1864/1720
f  1719/1863/1719 1148/1253/1150 1149/1252/1149
f  1719/1863/1719 1149/1252/1149 1720/1864/1720
f  1720/1864/1720 1149/1252/1149 1136/1241/1138
f  1677/1849/1679 1717/1857/1715 1709/1850/1709
f  1717/1857/1715 1715/1860/1717 1721/1865/1721
f  1717/1857/1715 1721/1865/1721 1709/1850/1709
f  1709/1850/1709 1721/1865/1721 1708/1851/1710
f  1715/1860/1717 1720/1864/1720 1724/1866/1722
f  1720/1864/1720 1136/1241/1138 1723/1867/1723
f  1720/1864/1720 1723/1867/1723 1724/1866/1722
f  1724/1866/1722 1723/1867/1723 1722/1868/1724
f  1715/1860/1717 1724/1866/1722 1721/1865/1721
f  1724/1866/1722 1722/1868/1724 1725/1869/1725
f  1724/1866/1722 1725/1869/1725 1721/1865/1721
f  1721/1865/1721 1725/1869/1725 1708/1851/1710
f  1708/1851/1710 1725/1869/1725 1713/1854/1713
f  1725/1869/1725 1722/1868/1724 1726/1870/1726
f  1725/1869/1725 1726/1870/1726 1713/1854/1713
f  1713/1854/1713 1726/1870/1726 1712/1855/1714
f  1712/1855/1714 1726/1870/1726 1729/1871/1727
f  1726/1870/1726 1722/1868/1724 1728/1872/1728
f  1726/1870/1726 1728/1872/1728 1729/1871/1727
f  1729/1871/1727 1728/1872/1728 1727/1873/1729
f  1722/1868/1724 1723/1867/1723 1730/1874/1730
f  1723/1867/1723 1136/1241/1138 1137/1240/1137
f  1723/1867/1723 1137/1240/1137 1730/1874/1730
f  1730/1874/1730 1137/1240/1137 1132/1237/1134
f  1722/1868/1724 1730/1874/1730 1728/1872/1728
f  1730/1874/1730 1132/1237/1134 1731/1875/1731
f  1730/1874/1730 1731/1875/1731 1728/1872/1728
f  1728/1872/1728 1731/1875/1731 1727/1873/1729
f  1727/1873/1729 1731/1875/1731 1732/1876/1732
f  1731/1875/1731 1132/1237/1134 1133/1236/1133
f  1731/1875/1731 1133/1236/1133 1732/1876/1732
f  1732/1876/1732 1133/1236/1133 1116/1213/1118
f  1634/1877/1634 1707/1878/1705 1735/1879/1733
f  1707/1878/1705 1705/1880/1707 1734/1881/1734
f  1707/1878/1705 1734/1881/1734 1735/1879/1733
f  1735/1879/1733 1734/1881/1734 1733/1882/1735
f  1705/1880/1707 1714/1883/1712 1738/1884/1736
f  1714/1883/1712 1712/1885/1714 1737/1886/1737
f  1714/1883/1712 1737/1886/1737 1738/1884/1736
f  1738/1884/1736 1737/1886/1737 1736/1887/1738
f  1705/1880/1707 1738/1884/1736 1734/1881/1734
f  1738/1884/1736 1736/1887/1738 1739/1888/1739
f  1738/1884/1736 1739/1888/1739 1734/1881/1734
f  1734/1881/1734 1739/1888/1739 1733/1882/1735
f  1733/1882/1735 1739/1888/1739 1742/1889/1740
f  1739/1888/1739 1736/1887/1738 1741/1890/1741
f  1739/1888/1739 1741/1890/1741 1742/1889/1740
f  1742/1889/1740 1741/1890/1741 1740/1891/1742
f  1712/1885/1714 1729/1892/1727 1745/1893/1743
f  1729/1892/1727 1727/1894/1729 1744/1895/1744
f  1729/1892/1727 1744/1895/1744 1745/1893/1743
f  1745/1893/1743 1744/1895/1744 1743/1896/1745
f  1727/1894/1729 1732/1897/1732 1746/1898/1746
f  1732/1897/1732 1116/1213/1118 1555/1675/1556
f  1732/1897/1732 1555/1675/1556 1746/1898/1746
f  1746/1898/1746 1555/1675/1556 1551/1672/1553
f  1727/1894/1729 1746/1898/1746 1744/1895/1744
f  1746/1898/1746 1551/1672/1553 1747/1899/1747
f  1746/1898/1746 1747/1899/1747 1744/1895/1744
f  1744/1895/1744 1747/1899/1747 1743/1896/1745
f  1743/1896/1745 1747/1899/1747 1748/1900/1748
f  1747/1899/1747 1551/1672/1553 1552/1671/1552
f  1747/1899/1747 1552/1671/1552 1748/1900/1748
f  1748/1900/1748 1552/1671/1552 1539/1660/1541
f  1712/1885/1714 1745/1893/1743 1737/1886/1737
f  1745/1893/1743 1743/1896/1745 1749/1901/1749
f  1745/1893/1743 1749/1901/1749 1737/1886/1737
f  1737/1886/1737 1749/1901/1749 1736/1887/1738
f  1743/1896/1745 1748/1900/1748 1752/1902/1750
f  1748/1900/1748 1539/1660/1541 1751/1903/1751
f  1748/1900/1748 1751/1903/1751 1752/1902/1750
f  1752/1902/1750 1751/1903/1751 1750/1904/1752
f  1743/1896/1745 1752/1902/1750 1749/1901/1749
f  1752/1902/1750 1750/1904/1752 1753/1905/1753
f  1752/1902/1750 1753/1905/1753 1749/1901/1749
f  1749/1901/1749 1753/1905/1753 1736/1887/1738
f  1736/1887/1738 1753/1905/1753 1741/1890/1741
f  1753/1905/1753 1750/1904/1752 1754/1906/1754
f  1753/1905/1753 1754/1906/1754 1741/1890/1741
f  1741/1890/1741 1754/1906/1754 1740/1891/1742
f  1740/1891/1742 1754/1906/1754 1757/1907/1755
f  1754/1906/1754 1750/1904/1752 1756/1908/1756
f  1754/1906/1754 1756/1908/1756 1757/1907/1755
f  1757/1907/1755 1756/1908/1756 1755/1909/1757
f  1750/1904/1752 1751/1903/1751 1758/1910/1758
f  1751/1903/1751 1539/1660/1541 1540/1659/1540
f  1751/1903/1751 1540/1659/1540 1758/1910/1758
f  1758/1910/1758 1540/1659/1540 1535/1656/1537
f  1750/1904/1752 1758/1910/1758 1756/1908/1756
f  1758/1910/1758 1535/1656/1537 1759/1911/1759
f  1758/1910/1758 1759/1911/1759 1756/1908/1756
f  1756/1908/1756 1759/1911/1759 1755/1909/1757
f  1755/1909/1757 1759/1911/1759 1760/1912/1760
f  1759/1911/1759 1535/1656/1537 1536/1655/1536
f  1759/1911/1759 1536/1655/1536 1760/1912/1760
f  1760/1912/1760 1536/1655/1536 866/932/868
f  1634/1877/1634 1735/1879/1733 1637/1913/1635
f  1735/1879/1733 1733/1882/1735 1761/1914/1761
f  1735/1879/1733 1761/1914/1761 1637/1913/1635
f  1637/1913/1635 1761/1914/1761 1635/1915/1637
f  1733/1882/1735 1742/1889/1740 1764/1916/1762
f  1742/1889/1740 1740/1891/1742 1763/1917/1763
f  1742/1889/1740 1763/1917/1763 1764/1916/1762
f  1764/1916/1762 1763/1917/1763 1762/1918/1764
f  1733/1882/1735 1764/1916/1762 1761/1914/1761
f  1764/1916/1762 1762/1918/1764 1765/1919/1765
f  1764/1916/1762 1765/1919/1765 1761/1914/1761
f  1761/1914/1761 1765/1919/1765 1635/1915/1637
f  1635/1915/1637 1765/1919/1765 1642/1920/1640
f  1765/1919/1765 1762/1918/1764 1766/1921/1766
f  1765/1919/1765 1766/1921/1766 1642/1920/1640
f  1642/1920/1640 1766/1921/1766 1640/1922/1642
f  1740/1891/1742 1757/1907/1755 1769/1923/1767
f  1757/1907/1755 1755/1909/1757 1768/1924/1768
f  1757/1907/1755 1768/1924/1768 1769/1923/1767
f  1769/1923/1767 1768/1924/1768 1767/1925/1769
f  1755/1909/1757 1760/1912/1760 1770/1926/1770
f  1760/1912/1760 866/932/868 1001/1080/1001
f  1760/1912/1760 1001/1080/1001 1770/1926/1770
f  1770/1926/1770 1001/1080/1001 997/1078/999
f  1755/1909/1757 1770/1926/1770 1768/1924/1768
f  1770/1926/1770 997/1078/999 1771/1927/1771
f  1770/1926/1770 1771/1927/1771 1768/1924/1768
f  1768/1924/1768 1771/1927/1771 1767/1925/1769
f  1767/1925/1769 1771/1927/1771 1772/1928/1772
f  1771/1927/1771 997/1078/999 998/1077/998
f  1771/1927/1771 998/1077/998 1772/1928/1772
f  1772/1928/1772 998/1077/998 987/1068/989
f  1740/1891/1742 1769/1923/1767 1763/1917/1763
f  1769/1923/1767 1767/1925/1769 1773/1929/1773
f  1769/1923/1767 1773/1929/1773 1763/1917/1763
f  1763/1917/1763 1773/1929/1773 1762/1918/1764
f  1767/1925/1769 1772/1928/1772 1776/1930/1774
f  1772/1928/1772 987/1068/989 1775/1931/1775
f  1772/1928/1772 1775/1931/1775 1776/1930/1774
f  1776/1930/1774 1775/1931/1775 1774/1932/1776
f  1767/1925/1769 1776/1930/1774 1773/1929/1773
f  1776/1930/1774 1774/1932/1776 1777/1933/1777
f  1776/1930/1774 1777/1933/1777 1773/1929/1773
f  1773/1929/1773 1777/1933/1777 1762/1918/1764
f  1762/1918/1764 1777/1933/1777 1766/1921/1766
f  1777/1933/1777 1774/1932/1776 1778/1934/1778
f  1777/1933/1777 1778/1934/1778 1766/1921/1766
f  1766/1921/1766 1778/1934/1778 1640/1922/1642
f  1640/1922/1642 1778/1934/1778 1651/1935/1649
f  1778/1934/1778 1774/1932/1776 1779/1936/1779
f  1778/1934/1778 1779/1936/1779 1651/1935/1649
f  1651/1935/1649 1779/1936/1779 1649/1937/1651
f  1774/1932/1776 1775/1931/1775 1780/1938/1780
f  1775/1931/1775 987/1068/989 988/1067/988
f  1775/1931/1775 988/1067/988 1780/1938/1780
f  1780/1938/1780 988/1067/988 983/1064/985
f  1774/1932/1776 1780/1938/1780 1779/1936/1779
f  1780/1938/1780 983/1064/985 1781/1939/1781
f  1780/1938/1780 1781/1939/1781 1779/1936/1779
f  1779/1936/1779 1781/1939/1781 1649/1937/1651
f  1649/1937/1651 1781/1939/1781 1654/1940/1654
f  1781/1939/1781 983/1064/985 984/1063/984
f  1781/1939/1781 984/1063/984 1654/1940/1654
f  1654/1940/1654 984/1063/984 724/788/726
f  1782/1941/1782 1785/1942/1783 1787/1943/1784
f  1785/1942/1783 1783/1944/1785 1786/1945/1786
f  1785/1942/1783 1786/1945/1786 1787/1943/1784
f  1787/1943/1784 1786/1945/1786 1784/1946/1787
f  1783/1944/1785 1790/1947/1788 1792/1948/1789
f  1790/1947/1788 1788/1949/1790 1791/1950/1791
f  1790/1947/1788 1791/1950/1791 1792/1948/1789
f  1792/1948/1789 1791/1950/1791 1789/1951/1792
f  1783/1944/1785 1792/1948/1789 1786/1945/1786
f  1792/1948/1789 1789/1951/1792 1793/1952/1793
f  1792/1948/1789 1793/1952/1793 1786/1945/1786
f  1786/1945/1786 1793/1952/1793 1784/1946/1787
f  1784/1946/1787 1793/1952/1793 1796/1953/1794
f  1793/1952/1793 1789/1951/1792 1795/1954/1795
f  1793/1952/1793 1795/1954/1795 1796/1953/1794
f  1796/1953/1794 1795/1954/1795 1794/1955/1796
f  1788/1949/1790 1799/1956/1797 1801/1957/1798
f  1799/1956/1797 1797/1958/1799 1800/1959/1800
f  1799/1956/1797 1800/1959/1800 1801/1957/1798
f  1801/1957/1798 1800/1959/1800 1798/1960/1801
f  1797/1958/1799 1802/1961/1802 1803/1962/1803
f  1802/1961/1802 560/602/562 561/601/561
f  1802/1961/1802 561/601/561 1803/1962/1803
f  1803/1962/1803 561/601/561 556/598/558
f  1797/1958/1799 1803/1962/1803 1800/1959/1800
f  1803/1962/1803 556/598/558 1804/1963/1804
f  1803/1962/1803 1804/1963/1804 1800/1959/1800
f  1800/1959/1800 1804/1963/1804 1798/1960/1801
f  1798/1960/1801 1804/1963/1804 1805/1964/1805
f  1804/1963/1804 556/598/558 557/597/557
f  1804/1963/1804 557/597/557 1805/1964/1805
f  1805/1964/1805 557/597/557 544/586/546
f  1788/1949/1790 1801/1957/1798 1791/1950/1791
f  1801/1957/1798 1798/1960/1801 1806/1965/1806
f  1801/1957/1798 1806/1965/1806 1791/1950/1791
f  1791/1950/1791 1806/1965/1806 1789/1951/1792
f  1798/1960/1801 1805/1964/1805 1809/1966/1807
f  1805/1964/1805 544/586/546 1808/1967/1808
f  1805/1964/1805 1808/1967/1808 1809/1966/1807
f  1809/1966/1807 1808/1967/1808 1807/1968/1809
f  1798/1960/1801 1809/1966/1807 1806/1965/1806
f  1809/1966/1807 1807/1968/1809 1810/1969/1810
f  1809/1966/1807 1810/1969/1810 1806/1965/1806
f  1806/1965/1806 1810/1969/1810 1789/1951/1792
f  1789/1951/1792 1810/1969/1810 1795/1954/1795
f  1810/1969/1810 1807/1968/1809 1811/1970/1811
f  1810/1969/1810 1811/1970/1811 1795/1954/1795
f  1795/1954/1795 1811/1970/1811 1794/1955/1796
f  1794/1955/1796 1811/1970/1811 1814/1971/1812
f  1811/1970/1811 1807/1968/1809 1813/1972/1813
f  1811/1970/1811 1813/1972/1813 1814/1971/1812
f  1814/1971/1812 1813/1972/1813 1812/1973/1814
f  1807/1968/1809 1808/1967/1808 1815/1974/1815
f  1808/1967/1808 544/586/546 545/585/545
f  1808/1967/1808 545/585/545 1815/1974/1815
f  1815/1974/1815 545/585/545 539/582/542
f  1807/1968/1809 1815/1974/1815 1813/1972/1813
f  1815/1974/1815 539/582/542 1816/1975/1816
f  1815/1974/1815 1816/1975/1816 1813/1972/1813
f  1813/1972/1813 1816/1975/1816 1812/1973/1814
f  1812/1973/1814 1816/1975/1816 1817/1976/1817
f  1816/1975/1816 539/582/542 541/581/541
f  1816/1975/1816 541/581/541 1817/1976/1817
f  1817/1976/1817 541/581/541 538/580/540
f  1782/1941/1782 1787/1943/1784 1820/1977/1818
f  1787/1943/1784 1784/1946/1787 1819/1978/1819
f  1787/1943/1784 1819/1978/1819 1820/1977/1818
f  1820/1977/1818 1819/1978/1819 1818/1979/1820
f  1784/1946/1787 1796/1953/1794 1823/1980/1821
f  1796/1953/1794 1794/1955/1796 1822/1981/1822
f  1796/1953/1794 1822/1981/1822 1823/1980/1821
f  1823/1980/1821 1822/1981/1822 1821/1982/1823
f  1784/1946/1787 1823/1980/1821 1819/1978/1819
f  1823/1980/1821 1821/1982/1823 1824/1983/1824
f  1823/1980/1821 1824/1983/1824 1819/1978/1819
f  1819/1978/1819 1824/1983/1824 1818/1979/1820
f  1818/1979/1820 1824/1983/1824 1827/1984/1825
f  1824/1983/1824 1821/1982/1823 1826/1985/1826
f  1824/1983/1824 1826/1985/1826 1827/1984/1825
f  1827/1984/1825 1826/1985/1826 1825/1986/1827
f  1794/1955/1796 1814/1971/1812 1830/1987/1828
f  1814/1971/1812 1812/1973/1814 1829/1988/1829
f  1814/1971/1812 1829/1988/1829 1830/1987/1828
f  1830/1987/1828 1829/1988/1829 1828/1989/1830
f  1812/1973/1814 1817/1976/1817 1831/1990/1831
f  1817/1976/1817 538/580/540 1315/1435/1316
f  1817/1976/1817 1315/1435/1316 1831/1990/1831
f  1831/1990/1831 1315/1435/1316 1311/1432/1313
f  1812/1973/1814 1831/1990/1831 1829/1988/1829
f  1831/1990/1831 1311/1432/1313 1832/1991/1832
f  1831/1990/1831 1832/1991/1832 1829/1988/1829
f  1829/1988/1829 1832/1991/1832 1828/1989/1830
f  1828/1989/1830 1832/1991/1832 1833/1992/1833
f  1832/1991/1832 1311/1432/1313 1312/1431/1312
f  1832/1991/1832 1312/1431/1312 1833/1992/1833
f  1833/1992/1833 1312/1431/1312 1299/1420/1301
f  1794/1955/1796 1830/1987/1828 1822/1981/1822
f  1830/1987/1828 1828/1989/1830 1834/1993/1834
f  1830/1987/1828 1834/1993/1834 1822/1981/1822
f  1822/1981/1822 1834/1993/1834 1821/1982/1823
f  1828/1989/1830 1833/1992/1833 1837/1994/1835
f  1833/1992/1833 1299/1420/1301 1836/1995/1836
f  1833/1992/1833 1836/1995/1836 1837/1994/1835
f  1837/1994/1835 1836/1995/1836 1835/1996/1837
f  1828/1989/1830 1837/1994/1835 1834/1993/1834
f  1837/1994/1835 1835/1996/1837 1838/1997/1838
f  1837/1994/1835 1838/1997/1838 1834/1993/1834
f  1834/1993/1834 1838/1997/1838 1821/1982/1823
f  1821/1982/1823 1838/1997/1838 1826/1985/1826
f  1838/1997/1838 1835/1996/1837 1839/1998/1839
f  1838/1997/1838 1839/1998/1839 1826/1985/1826
f  1826/1985/1826 1839/1998/1839 1825/1986/1827
f  1825/1986/1827 1839/1998/1839 1842/1999/1840
f  1839/1998/1839 1835/1996/1837 1841/2000/1841
f  1839/1998/1839 1841/2000/1841 1842/1999/1840
f  1842/1999/1840 1841/2000/1841 1840/2001/1842
f  1835/1996/1837 1836/1995/1836 1843/2002/1843
f  1836/1995/1836 1299/1420/1301 1300/1419/1300
f  1836/1995/1836 1300/1419/1300 1843/2002/1843
f  1843/2002/1843 1300/1419/1300 1295/1416/1297
f  1835/1996/1837 1843/2002/1843 1841/2000/1841
f  1843/2002/1843 1295/1416/1297 1844/2003/1844
f  1843/2002/1843 1844/2003/1844 1841/2000/1841
f  1841/2000/1841 1844/2003/1844 1840/2001/1842
f  1840/2001/1842 1844/2003/1844 1845/2004/1845
f  1844/2003/1844 1295/1416/1297 1296/1415/1296
f  1844/2003/1844 1296/1415/1296 1845/2004/1845
f  1845/2004/1845 1296/1415/1296 1022/1103/1024
f  1782/1941/1782 1820/1977/1818 1848/2005/1846
f  1820/1977/1818 1818/1979/1820 1847/2006/1847
f  1820/1977/1818 1847/2006/1847 1848/2005/1846
f  1848/2005/1846 1847/2006/1847 1846/2007/1848
f  1818/1979/1820 1827/1984/1825 1851/2008/1849
f  1827/1984/1825 1825/1986/1827 1850/2009/1850
f  1827/1984/1825 1850/2009/1850 1851/2008/1849
f  1851/2008/1849 1850/2009/1850 1849/2010/1851
f  1818/1979/1820 1851/2008/1849 1847/2006/1847
f  1851/2008/1849 1849/2010/1851 1852/2011/1852
f  1851/2008/1849 1852/2011/1852 1847/2006/1847
f  1847/2006/1847 1852/2011/1852 1846/2007/1848
f  1846/2007/1848 1852/2011/1852 1855/2012/1853
f  1852/2011/1852 1849/2010/1851 1854/2013/1854
f  1852/2011/1852 1854/2013/1854 1855/2012/1853
f  1855/2012/1853 1854/2013/1854 1853/2014/1855
f  1825/1986/1827 1842/1999/1840 1858/2015/1856
f  1842/1999/1840 1840/2001/1842 1857/2016/1857
f  1842/1999/1840 1857/2016/1857 1858/2015/1856
f  1858/2015/1856 1857/2016/1857 1856/2017/1858
f  1840/2001/1842 1845/2004/1845 1859/2018/1859
f  1845/2004/1845 1022/1103/1024 1182/2019/1182
f  1845/2004/1845 1182/2019/1182 1859/2018/1859
f  1859/2018/1859 1182/2019/1182 1178/2020/1180
f  1840/2001/1842 1859/2018/1859 1857/2016/1857
f  1859/2018/1859 1178/2020/1180 1860/2021/1860
f  1859/2018/1859 1860/2021/1860 1857/2016/1857
f  1857/2016/1857 1860/2021/1860 1856/2017/1858
f  1856/2017/1858 1860/2021/1860 1861/2022/1861
f  1860/2021/1860 1178/2020/1180 1179/2023/1179
f  1860/2021/1860 1179/2023/1179 1861/2022/1861
f  1861/2022/1861 1179/2023/1179 1168/2024/1170
f  1825/1986/1827 1858/2015/1856 1850/2009/1850
f  1858/2015/1856 1856/2017/1858 1862/2025/1862
f  1858/2015/1856 1862/2025/1862 1850/2009/1850
f  1850/2009/1850 1862/2025/1862 1849/2010/1851
f  1856/2017/1858 1861/2022/1861 1865/2026/1863
f  1861/2022/1861 1168/2024/1170 1864/2027/1864
f  1861/2022/1861 1864/2027/1864 1865/2026/1863
f  1865/2026/1863 1864/2027/1864 1863/2028/1865
f  1856/2017/1858 1865/2026/1863 1862/2025/1862
f  1865/2026/1863 1863/2028/1865 1866/2029/1866
f  1865/2026/1863 1866/2029/1866 1862/2025/1862
f  1862/2025/1862 1866/2029/1866 1849/2010/1851
f  1849/2010/1851 1866/2029/1866 1854/2013/1854
f  1866/2029/1866 1863/2028/1865 1867/2030/1867
f  1866/2029/1866 1867/2030/1867 1854/2013/1854
f  1854/2013/1854 1867/2030/1867 1853/2014/1855
f  1853/2014/1855 1867/2030/1867 1870/2031/1868
f  1867/2030/1867 1863/2028/1865 1869/2032/1869
f  1867/2030/1867 1869/2032/1869 1870/2031/1868
f  1870/2031/1868 1869/2032/1869 1868/2033/1870
f  1863/2028/1865 1864/2027/1864 1871/2034/1871
f  1864/2027/1864 1168/2024/1170 1169/2035/1169
f  1864/2027/1864 1169/2035/1169 1871/2034/1871
f  1871/2034/1871 1169/2035/1169 1164/2036/1166
f  1863/2028/1865 1871/2034/1871 1869/2032/1869
f  1871/2034/1871 1164/2036/1166 1872/2037/1872
f  1871/2034/1871 1872/2037/1872 1869/2032/1869
f  1869/2032/1869 1872/2037/1872 1868/2033/1870
f  1868/2033/1870 1872/2037/1872 1873/2038/1873
f  1872/2037/1872 1164/2036/1166 1165/2039/1165
f  1872/2037/1872 1165/2039/1165 1873/2038/1873
f  1873/2038/1873 1165/2039/1165 1152/2040/1154
f  1782/1941/1782 1848/2005/1846 1876/2041/1874
f  1848/2005/1846 1846/2007/1848 1875/2042/1875
f  1848/2005/1846 1875/2042/1875 1876/2041/1874
f  1876/2041/1874 1875/2042/1875 1874/2043/1876
f  1846/2007/1848 1855/2012/1853 1879/2044/1877
f  1855/2012/1853 1853/2014/1855 1878/2045/1878
f  1855/2012/1853 1878/2045/1878 1879/2044/1877
f  1879/2044/1877 1878/2045/1878 1877/2046/1879
f  1846/2007/1848 1879/2044/1877 1875/2042/1875
f  1879/2044/1877 1877/2046/1879 1880/2047/1880
f  1879/2044/1877 1880/2047/1880 1875/2042/1875
f  1875/2042/1875 1880/2047/1880 1874/2043/1876
f  1874/2043/1876 1880/2047/1880 1883/2048/1881
f  1880/2047/1880 1877/2046/1879 1882/2049/1882
f  1880/2047/1880 1882/2049/1882 1883/2048/1881
f  1883/2048/1881 1882/2049/1882 1881/2050/1883
f  1853/2014/1855 1870/2031/1868 1886/2051/1884
f  1870/2031/1868 1868/2033/1870 1885/2052/1885
f  1870/2031/1868 1885/2052/1885 1886/2051/1884
f  1886/2051/1884 1885/2052/1885 1884/2053/1886
f  1868/2033/1870 1873/2038/1873 1887/2054/1887
f  1873/2038/1873 1152/2040/1154 1703/2055/1704
f  1873/2038/1873 1703/2055/1704 1887/2054/1887
f  1887/2054/1887 1703/2055/1704 1699/2056/1701
f  1868/2033/1870 1887/2054/1887 1885/2052/1885
f  1887/2054/1887 1699/2056/1701 1888/2057/1888
f  1887/2054/1887 1888/2057/1888 1885/2052/1885
f  1885/2052/1885 1888/2057/1888 1884/2053/1886
f  1884/2053/1886 1888/2057/1888 1889/2058/1889
f  1888/2057/1888 1699/2056/1701 1700/2059/1700
f  1888/2057/1888 1700/2059/1700 1889/2058/1889
f  1889/2058/1889 1700/2059/1700 1687/2060/1689
f  1853/2014/1855 1886/2051/1884 1878/2045/1878
f  1886/2051/1884 1884/2053/1886 1890/2061/1890
f  1886/2051/1884 1890/2061/1890 1878/2045/1878
f  1878/2045/1878 1890/2061/1890 1877/2046/1879
f  1884/2053/1886 1889/2058/1889 1893/2062/1891
f  1889/2058/1889 1687/2060/1689 1892/2063/1892
f  1889/2058/1889 1892/2063/1892 1893/2062/1891
f  1893/2062/1891 1892/2063/1892 1891/2064/1893
f  1884/2053/1886 1893/2062/1891 1890/2061/1890
f  1893/2062/1891 1891/2064/1893 1894/2065/1894
f  1893/2062/1891 1894/2065/1894 1890/2061/1890
f  1890/2061/1890 1894/2065/1894 1877/2046/1879
f  1877/2046/1879 1894/2065/1894 1882/2049/1882
f  1894/2065/1894 1891/2064/1893 1895/2066/1895
f  1894/2065/1894 1895/2066/1895 1882/2049/1882
f  1882/2049/1882 1895/2066/1895 1881/2050/1883
f  1881/2050/1883 1895/2066/1895 1898/2067/1896
f  1895/2066/1895 1891/2064/1893 1897/2068/1897
f  1895/2066/1895 1897/2068/1897 1898/2067/1896
f  1898/2067/1896 1897/2068/1897 1896/2069/1898
f  1891/2064/1893 1892/2063/1892 1899/2070/1899
f  1892/2063/1892 1687/2060/1689 1688/2071/1688
f  1892/2063/1892 1688/2071/1688 1899/2070/1899
f  1899/2070/1899 1688/2071/1688 1683/2072/1685
f  1891/2064/1893 1899/2070/1899 1897/2068/1897
f  1899/2070/1899 1683/2072/1685 1900/2073/1900
f  1899/2070/1899 1900/2073/1900 1897/2068/1897
f  1897/2068/1897 1900/2073/1900 1896/2069/1898
f  1896/2069/1898 1900/2073/1900 1901/2074/1901
f  1900/2073/1900 1683/2072/1685 1684/2075/1684
f  1900/2073/1900 1684/2075/1684 1901/2074/1901
f  1901/2074/1901 1684/2075/1684 702/2076/704
f  1782/1941/1782 1876/2041/1874 1785/1942/1783
f  1876/2041/1874 1874/2043/1876 1902/2077/1902
f  1876/2041/1874 1902/2077/1902 1785/1942/1783
f  1785/1942/1783 1902/2077/1902 1783/1944/1785
f  1874/2043/1876 1883/2048/1881 1905/2078/1903
f  1883/2048/1881 1881/2050/1883 1904/2079/1904
f  1883/2048/1881 1904/2079/1904 1905/2078/1903
f  1905/2078/1903 1904/2079/1904 1903/2080/1905
f  1874/2043/1876 1905/2078/1903 1902/2077/1902
f  1905/2078/1903 1903/2080/1905 1906/2081/1906
f  1905/2078/1903 1906/2081/1906 1902/2077/1902
f  1902/2077/1902 1906/2081/1906 1783/1944/1785
f  1783/1944/1785 1906/2081/1906 1790/1947/1788
f  1906/2081/1906 1903/2080/1905 1907/2082/1907
f  1906/2081/1906 1907/2082/1907 1790/1947/1788
f  1790/1947/1788 1907/2082/1907 1788/1949/1790
f  1881/2050/1883 1898/2067/1896 1910/2083/1908
f  1898/2067/1896 1896/2069/1898 1909/2084/1909
f  1898/2067/1896 1909/2084/1909 1910/2083/1908
f  1910/2083/1908 1909/2084/1909 1908/2085/1910
f  1896/2069/1898 1901/2074/1901 1911/2086/1911
f  1901/2074/1901 702/2076/704 845/2087/845
f  1901/2074/1901 845/2087/845 1911/2086/1911
f  1911/2086/1911 845/2087/845 841/2088/843
f  1896/2069/1898 1911/2086/1911 1909/2084/1909
f  1911/2086/1911 841/2088/843 1912/2089/1912
f  1911/2086/1911 1912/2089/1912 1909/2084/1909
f  1909/2084/1909 1912/2089/1912 1908/2085/1910
f  1908/2085/1910 1912/2089/1912 1913/2090/1913
f  1912/2089/1912 841/2088/843 842/2091/842
f  1912/2089/1912 842/2091/842 1913/2090/1913
f  1913/2090/1913 842/2091/842 831/2092/833
f  1881/2050/1883 1910/2083/1908 1904/2079/1904
f  1910/2083/1908 1908/2085/1910 1914/2093/1914
f  1910/2083/1908 1914/2093/1914 1904/2079/1904
f  1904/2079/1904 1914/2093/1914 1903/2080/1905
f  1908/2085/1910 1913/2090/1913 1917/2094/1915
f  1913/2090/1913 831/2092/833 1916/2095/1916
f  1913/2090/1913 1916/2095/1916 1917/2094/1915
f  1917/2094/1915 1916/2095/1916 1915/2096/1917
f  1908/2085/1910 1917/2094/1915 1914/2093/1914
f  1917/2094/1915 1915/2096/1917 1918/2097/1918
f  1917/2094/1915 1918/2097/1918 1914/2093/1914
f  1914/2093/1914 1918/2097/1918 1903/2080/1905
f  1903/2080/1905 1918/2097/1918 1907/2082/1907
f  1918/2097/1918 1915/2096/1917 1919/2098/1919
f  1918/2097/1918 1919/2098/1919 1907/2082/1907
f  1907/2082/1907 1919/2098/1919 1788/1949/1790
f  1788/1949/1790 1919/2098/1919 1799/1956/1797
f  1919/2098/1919 1915/2096/1917 1920/2099/1920
f  1919/2098/1919 1920/2099/1920 1799/1956/1797
f  1799/1956/1797 1920/2099/1920 1797/1958/1799
f  1915/2096/1917 1916/2095/1916 1921/2100/1921
f  1916/2095/1916 831/2092/833 832/2101/832
f  1916/2095/1916 832/2101/832 1921/2100/1921
f  1921/2100/1921 832/2101/832 827/2102/829
f  1915/2096/1917 1921/2100/1921 1920/2099/1920
f  1921/2100/1921 827/2102/829 1922/2103/1922
f  1921/2100/1921 1922/2103/1922 1920/2099/1920
f  1920/2099/1920 1922/2103/1922 1797/1958/1799
f  1797/1958/1799 1922/2103/1922 1802/1961/1802
f  1922/2103/1922 827/2102/829 828/2104/828
f  1922/2103/1922 828/2104/828 1802/1961/1802
f  1802/1961/1802 828/2104/828 560/602/562
# object Sphere__6
g Sphere__6
v 0.00000 3.59117 -6.00000
v 1.85410 3.59117 -5.70630
v 1.50000 4.68097 -5.70630
v 0.57290 5.35447 -5.70630
v -0.57290 5.35447 -5.70630
v -1.50000 4.68097 -5.70630
v -1.85410 3.59117 -5.70630
v -1.49990 2.50137 -5.70630
v -0.57290 1.82787 -5.70630
v 0.57290 1.82787 -5.70630
v 1.50000 2.50137 -5.70630
v 3.52670 3.59117 -4.85410
v 2.85310 5.66407 -4.85410
v 1.08980 6.94527 -4.85410
v -1.08980 6.94527 -4.85410
v -2.85310 5.66407 -4.85410
v -3.52670 3.59117 -4.85410
v -2.85310 1.51827 -4.85410
v -1.08980 0.23707 -4.85410
v 1.08980 0.23707 -4.85410
v 2.85310 1.51827 -4.85410
v 4.85410 3.59117 -3.52670
v 3.92700 6.44427 -3.52670
v 1.50000 8.20767 -3.52670
v -1.50000 8.20767 -3.52670
v -3.92700 6.44427 -3.52670
v -4.85410 3.59117 -3.52670
v -3.92700 0.73807 -3.52670
v -1.50000 -1.02533 -3.52670
v 1.50000 -1.02533 -3.52670
v 3.92700 0.73807 -3.52670
v 5.70630 3.59117 -1.85410
v 4.61650 6.94527 -1.85410
v 1.76330 9.01817 -1.85410
v -1.76330 9.01817 -1.85410
v -4.61650 6.94527 -1.85410
v -5.70630 3.59117 -1.85410
v -4.61650 0.23707 -1.85410
v -1.76330 -1.83583 -1.85410
v 1.76330 -1.83583 -1.85410
v 4.61650 0.23707 -1.85410
v 6.00000 3.59117 0.00000
v 4.85410 7.11787 0.00000
v 1.85410 9.29747 0.00000
v -1.85410 9.29747 0.00000
v -4.85410 7.11787 0.00000
v -6.00000 3.59117 0.00000
v -4.85410 0.06447 0.00000
v -1.85410 -2.11513 0.00000
v 1.85410 -2.11513 0.00000
v 4.85410 0.06447 0.00000
v 5.70630 3.59117 1.85410
v 4.61650 6.94527 1.85410
v 1.76330 9.01817 1.85410
v -1.76330 9.01817 1.85410
v -4.61650 6.94527 1.85410
v -5.70630 3.59117 1.85410
v -4.61650 0.23707 1.85410
v -1.76330 -1.83583 1.85410
v 1.76330 -1.83583 1.85410
v 4.61650 0.23707 1.85410
v 4.85410 3.59117 3.52670
v 3.92700 6.44427 3.52670
v 1.50000 8.20767 3.52670
v -1.50000 8.20767 3.52670
v -3.92700 6.44427 3.52670
v -4.85410 3.59117 3.52670
v -3.92700 0.73807 3.52670
v -1.50000 -1.02533 3.52670
v 1.50000 -1.02533 3.52670
v 3.92700 0.73807 3.52670
v 3.52670 3.59117 4.85410
v 2.85310 5.66407 4.85410
v 1.08980 6.94527 4.85410
v -1.08980 6.94527 4.85410
v -2.85310 5.66407 4.85410
v -3.52670 3.59117 4.85410
v -2.85310 1.51827 4.85410
v -1.08980 0.23707 4.85410
v 1.08980 0.23707 4.85410
v 2.85310 1.51827 4.85410
v 1.85410 3.59117 5.70630
v 1.50000 4.68097 5.70630
v 0.57290 5.35447 5.70630
v -0.57290 5.35447 5.70630
v -1.50000 4.68097 5.70630
v -1.85410 3.59117 5.70630
v -1.49990 2.50137 5.70630
v -0.57290 1.82787 5.70630
v 0.57290 1.82787 5.70630
v 1.50000 2.50137 5.70630
v 0.00000 3.59117 6.00000
# 92 verticies
vt 0.10000 0.90000
vt 0.00000 1.00000
vt 0.10000 1.00000
vt 0.10000 0.80000
vt 0.00000 0.90000
vt 0.10000 0.70000
vt 0.00000 0.80000
vt 0.10000 0.60000
vt 0.00000 0.70000
vt 0.10000 0.50000
vt 0.00000 0.60000
vt 0.10000 0.40000
vt 0.00000 0.50000
vt 0.10000 0.30000
vt 0.00000 0.40000
vt 0.10000 0.20000
vt 0.00000 0.30000
vt 0.10000 0.10000
vt 0.00000 0.20000
vt 0.10000 0.00000
vt 0.00000 0.10000
vt 0.20000 0.90000
vt 0.20000 1.00000
vt 0.20000 0.80000
vt 0.20000 0.70000
vt 0.20000 0.60000
vt 0.20000 0.50000
vt 0.20000 0.40000
vt 0.20000 0.30000
vt 0.20000 0.20000
vt 0.20000 0.10000
vt 0.20000 0.00000
vt 0.30000 0.90000
vt 0.30000 1.00000
vt 0.30000 0.80000
vt 0.30000 0.70000
vt 0.30000 0.60000
vt 0.30000 0.50000
vt 0.30000 0.40000
vt 0.30000 0.30000
vt 0.30000 0.20000
vt 0.30000 0.10000
vt 0.30000 0.00000
vt 0.40000 0.90000
vt 0.40000 1.00000
vt 0.40000 0.80000
vt 0.40000 0.70000
vt 0.40000 0.60000
vt 0.40000 0.50000
vt 0.40000 0.40000
vt 0.40000 0.30000
vt 0.40000 0.20000
vt 0.40000 0.10000
vt 0.40000 0.00000
vt 0.50000 0.90000
vt 0.50000 1.00000
vt 0.50000 0.80000
vt 0.50000 0.70000
vt 0.50000 0.60000
vt 0.50000 0.50000
vt 0.50000 0.40000
vt 0.50000 0.30000
vt 0.50000 0.20000
vt 0.50000 0.10000
vt 0.50000 0.00000
vt 0.60000 0.90000
vt 0.60000 1.00000
vt 0.60000 0.80000
vt 0.60000 0.70000
vt 0.60000 0.60000
vt 0.60000 0.50000
vt 0.60000 0.40000
vt 0.60000 0.30000
vt 0.60000 0.20000
vt 0.60000 0.10000
vt 0.60000 0.00000
vt 0.70000 0.90000
vt 0.70000 1.00000
vt 0.70000 0.80000
vt 0.70000 0.70000
vt 0.70000 0.60000
vt 0.70000 0.50000
vt 0.70000 0.40000
vt 0.70000 0.30000
vt 0.70000 0.20000
vt 0.70000 0.10000
vt 0.70000 0.00000
vt 0.80000 0.90000
vt 0.80000 1.00000
vt 0.80000 0.80000
vt 0.80000 0.70000
vt 0.80000 0.60000
vt 0.80000 0.50000
vt 0.80000 0.40000
vt 0.80000 0.30000
vt 0.80000 0.20000
vt 0.80000 0.10000
vt 0.80000 0.00000
vt 0.90000 0.90000
vt 0.90000 1.00000
vt 0.90000 0.80000
vt 0.90000 0.70000
vt 0.90000 0.60000
vt 0.90000 0.50000
vt 0.90000 0.40000
vt 0.90000 0.30000
vt 0.90000 0.20000
vt 0.90000 0.10000
vt 0.90000 0.00000
vt 1.00000 0.90000
vt 1.00000 0.80000
vt 1.00000 0.70000
vt 1.00000 0.60000
vt 1.00000 0.50000
vt 1.00000 0.40000
vt 1.00000 0.30000
vt 1.00000 0.20000
vt 1.00000 0.10000
vt 1.00000 0.00000
# 119 texture verticies
vn -0.25609 -0.22281 0.94062
vn 0.00000 0.00000 1.00000
vn -0.33815 -0.02973 0.94062
vn -0.07621 -0.33078 0.94063
vn 0.13276 -0.31241 0.94062
vn 0.29104 -0.17472 0.94062
vn 0.33814 0.02974 0.94063
vn 0.25609 0.22281 0.94062
vn 0.07622 0.33077 0.94063
vn -0.13276 0.31241 0.94062
vn -0.29104 0.17472 0.94062
vn -0.46684 -0.35574 0.80964
vn -0.58677 -0.01340 0.80964
vn -0.16858 -0.56219 0.80964
vn 0.19407 -0.55390 0.80965
vn 0.48258 -0.33406 0.80964
vn 0.58677 0.01340 0.80964
vn 0.46683 0.35574 0.80964
vn 0.16858 0.56219 0.80965
vn -0.19407 0.55390 0.80965
vn -0.48258 0.33406 0.80964
vn -0.64837 -0.48276 0.58869
vn -0.80830 -0.00944 0.58869
vn -0.24081 -0.77167 0.58868
vn 0.25877 -0.76582 0.58869
vn 0.65949 -0.46746 0.58869
vn 0.80830 0.00944 0.58869
vn 0.64837 0.48276 0.58869
vn 0.24081 0.77167 0.58868
vn -0.25877 0.76582 0.58869
vn -0.65949 0.46746 0.58869
vn -0.89306 -0.29018 0.34385
vn -0.92155 -0.29943 0.24716
vn -0.55194 -0.75969 0.34385
vn -0.56954 -0.78392 0.24718
vn 0.00000 -0.93903 0.34384
vn 0.00000 -0.96898 0.24716
vn 0.55194 -0.75969 0.34385
vn 0.56954 -0.78392 0.24716
vn 0.89306 -0.29018 0.34385
vn 0.92155 -0.29943 0.24717
vn 0.89306 0.29018 0.34385
vn 0.92155 0.29943 0.24716
vn 0.55194 0.75969 0.34385
vn 0.56954 0.78392 0.24718
vn 0.00000 0.93903 0.34384
vn 0.00000 0.96898 0.24716
vn -0.55194 0.75969 0.34385
vn -0.56954 0.78392 0.24716
vn -0.89306 0.29018 0.34385
vn -0.92155 0.29943 0.24717
vn -0.94986 -0.30863 0.05015
vn -0.94986 -0.30863 -0.05015
vn -0.58704 -0.80800 0.05015
vn -0.58704 -0.80800 -0.05015
vn 0.00000 -0.99874 0.05015
vn 0.00000 -0.99874 -0.05015
vn 0.58704 -0.80800 0.05015
vn 0.58704 -0.80800 -0.05015
vn 0.94986 -0.30863 0.05015
vn 0.94986 -0.30863 -0.05015
vn 0.94986 0.30863 0.05015
vn 0.94986 0.30863 -0.05015
vn 0.58704 0.80800 0.05015
vn 0.58704 0.80800 -0.05015
vn 0.00000 0.99874 0.05015
vn 0.00000 0.99874 -0.05015
vn -0.58704 0.80800 0.05015
vn -0.58704 0.80800 -0.05015
vn -0.94986 0.30863 0.05015
vn -0.94986 0.30863 -0.05015
vn -0.77208 -0.55496 -0.30969
vn -0.95083 0.00485 -0.30968
vn -0.29843 -0.90280 -0.30967
vn 0.28921 -0.90579 -0.30968
vn 0.76638 -0.56281 -0.30969
vn 0.95083 -0.00485 -0.30968
vn 0.77208 0.55496 -0.30969
vn 0.29843 0.90280 -0.30967
vn -0.28921 0.90579 -0.30968
vn -0.76638 0.56281 -0.30969
vn -0.65949 -0.46746 -0.58869
vn -0.80830 0.00944 -0.58869
vn -0.25877 -0.76582 -0.58869
vn 0.24081 -0.77167 -0.58868
vn 0.64837 -0.48276 -0.58869
vn 0.80830 -0.00944 -0.58869
vn 0.65949 0.46746 -0.58869
vn 0.25877 0.76582 -0.58869
vn -0.24081 0.77167 -0.58868
vn -0.64837 0.48276 -0.58869
vn -0.48258 -0.33406 -0.80964
vn -0.58677 0.01340 -0.80964
vn -0.19407 -0.55390 -0.80965
vn 0.16858 -0.56219 -0.80964
vn 0.46684 -0.35574 -0.80964
vn 0.58676 -0.01340 -0.80965
vn 0.48258 0.33405 -0.80964
vn 0.19407 0.55390 -0.80965
vn -0.16858 0.56219 -0.80964
vn -0.46684 0.35574 -0.80964
vn -0.29104 -0.17472 -0.94062
vn -0.33815 0.02973 -0.94062
vn -0.13276 -0.31241 -0.94062
vn 0.07621 -0.33078 -0.94063
vn 0.25609 -0.22281 -0.94062
vn 0.33815 -0.02972 -0.94062
vn 0.29104 0.17472 -0.94062
vn 0.13277 0.31240 -0.94063
vn -0.07621 0.33078 -0.94063
vn -0.25609 0.22281 -0.94062
vn 0.00000 0.00000 -1.00000
# 112 normals
usemtl Explorer_Default0
f  1925/2105/1923 1923/2106/1924 1924/2107/1925
f  1926/2108/1926 1923/2109/1924 1925/2105/1923
f  1927/2110/1927 1923/2111/1924 1926/2108/1926
f  1928/2112/1928 1923/2113/1924 1927/2110/1927
f  1929/2114/1929 1923/2115/1924 1928/2112/1928
f  1930/2116/1930 1923/2117/1924 1929/2114/1929
f  1931/2118/1931 1923/2119/1924 1930/2116/1930
f  1932/2120/1932 1923/2121/1924 1931/2118/1931
f  1933/2122/1933 1923/2123/1924 1932/2120/1932
f  1924/2124/1925 1923/2125/1924 1933/2122/1933
f  1925/2105/1923 1924/2107/1925 1935/2126/1934
f  1935/2126/1934 1924/2107/1925 1934/2127/1935
f  1926/2108/1926 1925/2105/1923 1936/2128/1936
f  1936/2128/1936 1925/2105/1923 1935/2126/1934
f  1927/2110/1927 1926/2108/1926 1937/2129/1937
f  1937/2129/1937 1926/2108/1926 1936/2128/1936
f  1928/2112/1928 1927/2110/1927 1938/2130/1938
f  1938/2130/1938 1927/2110/1927 1937/2129/1937
f  1929/2114/1929 1928/2112/1928 1939/2131/1939
f  1939/2131/1939 1928/2112/1928 1938/2130/1938
f  1930/2116/1930 1929/2114/1929 1940/2132/1940
f  1940/2132/1940 1929/2114/1929 1939/2131/1939
f  1931/2118/1931 1930/2116/1930 1941/2133/1941
f  1941/2133/1941 1930/2116/1930 1940/2132/1940
f  1932/2120/1932 1931/2118/1931 1942/2134/1942
f  1942/2134/1942 1931/2118/1931 1941/2133/1941
f  1933/2122/1933 1932/2120/1932 1943/2135/1943
f  1943/2135/1943 1932/2120/1932 1942/2134/1942
f  1924/2124/1925 1933/2122/1933 1934/2136/1935
f  1934/2136/1935 1933/2122/1933 1943/2135/1943
f  1935/2126/1934 1934/2127/1935 1945/2137/1944
f  1945/2137/1944 1934/2127/1935 1944/2138/1945
f  1936/2128/1936 1935/2126/1934 1946/2139/1946
f  1946/2139/1946 1935/2126/1934 1945/2137/1944
f  1937/2129/1937 1936/2128/1936 1947/2140/1947
f  1947/2140/1947 1936/2128/1936 1946/2139/1946
f  1938/2130/1938 1937/2129/1937 1948/2141/1948
f  1948/2141/1948 1937/2129/1937 1947/2140/1947
f  1939/2131/1939 1938/2130/1938 1949/2142/1949
f  1949/2142/1949 1938/2130/1938 1948/2141/1948
f  1940/2132/1940 1939/2131/1939 1950/2143/1950
f  1950/2143/1950 1939/2131/1939 1949/2142/1949
f  1941/2133/1941 1940/2132/1940 1951/2144/1951
f  1951/2144/1951 1940/2132/1940 1950/2143/1950
f  1942/2134/1942 1941/2133/1941 1952/2145/1952
f  1952/2145/1952 1941/2133/1941 1951/2144/1951
f  1943/2135/1943 1942/2134/1942 1953/2146/1953
f  1953/2146/1953 1942/2134/1942 1952/2145/1952
f  1934/2136/1935 1943/2135/1943 1944/2147/1945
f  1944/2147/1945 1943/2135/1943 1953/2146/1953
f  1945/2137/1944 1944/2138/1945 1955/2148/1954
f  1955/2148/1954 1944/2138/1945 1954/2149/1955
f  1946/2139/1946 1945/2137/1944 1956/2150/1956
f  1956/2150/1956 1945/2137/1944 1955/2148/1957
f  1947/2140/1947 1946/2139/1946 1957/2151/1958
f  1957/2151/1958 1946/2139/1946 1956/2150/1959
f  1948/2141/1948 1947/2140/1947 1958/2152/1960
f  1958/2152/1960 1947/2140/1947 1957/2151/1961
f  1949/2142/1949 1948/2141/1948 1959/2153/1962
f  1959/2153/1962 1948/2141/1948 1958/2152/1963
f  1950/2143/1950 1949/2142/1949 1960/2154/1964
f  1960/2154/1964 1949/2142/1949 1959/2153/1965
f  1951/2144/1951 1950/2143/1950 1961/2155/1966
f  1961/2155/1966 1950/2143/1950 1960/2154/1967
f  1952/2145/1952 1951/2144/1951 1962/2156/1968
f  1962/2156/1968 1951/2144/1951 1961/2155/1969
f  1953/2146/1953 1952/2145/1952 1963/2157/1970
f  1963/2157/1970 1952/2145/1952 1962/2156/1971
f  1944/2147/1945 1953/2146/1953 1954/2158/1972
f  1954/2158/1972 1953/2146/1953 1963/2157/1973
f  1955/2148/1954 1954/2149/1955 1965/2159/1974
f  1965/2159/1974 1954/2149/1955 1964/2160/1975
f  1956/2150/1956 1955/2148/1957 1966/2161/1976
f  1966/2161/1976 1955/2148/1957 1965/2159/1977
f  1957/2151/1958 1956/2150/1959 1967/2162/1978
f  1967/2162/1978 1956/2150/1959 1966/2161/1979
f  1958/2152/1960 1957/2151/1961 1968/2163/1980
f  1968/2163/1980 1957/2151/1961 1967/2162/1981
f  1959/2153/1962 1958/2152/1963 1969/2164/1982
f  1969/2164/1982 1958/2152/1963 1968/2163/1983
f  1960/2154/1964 1959/2153/1965 1970/2165/1984
f  1970/2165/1984 1959/2153/1965 1969/2164/1985
f  1961/2155/1966 1960/2154/1967 1971/2166/1986
f  1971/2166/1986 1960/2154/1967 1970/2165/1987
f  1962/2156/1968 1961/2155/1969 1972/2167/1988
f  1972/2167/1988 1961/2155/1969 1971/2166/1989
f  1963/2157/1970 1962/2156/1971 1973/2168/1990
f  1973/2168/1990 1962/2156/1971 1972/2167/1991
f  1954/2158/1972 1963/2157/1973 1964/2169/1992
f  1964/2169/1992 1963/2157/1973 1973/2168/1993
f  1965/2159/1974 1964/2160/1975 1975/2170/1994
f  1975/2170/1994 1964/2160/1975 1974/2171/1995
f  1966/2161/1976 1965/2159/1977 1976/2172/1996
f  1976/2172/1996 1965/2159/1977 1975/2170/1994
f  1967/2162/1978 1966/2161/1979 1977/2173/1997
f  1977/2173/1997 1966/2161/1979 1976/2172/1996
f  1968/2163/1980 1967/2162/1981 1978/2174/1998
f  1978/2174/1998 1967/2162/1981 1977/2173/1997
f  1969/2164/1982 1968/2163/1983 1979/2175/1999
f  1979/2175/1999 1968/2163/1983 1978/2174/1998
f  1970/2165/1984 1969/2164/1985 1980/2176/2000
f  1980/2176/2000 1969/2164/1985 1979/2175/1999
f  1971/2166/1986 1970/2165/1987 1981/2177/2001
f  1981/2177/2001 1970/2165/1987 1980/2176/2000
f  1972/2167/1988 1971/2166/1989 1982/2178/2002
f  1982/2178/2002 1971/2166/1989 1981/2177/2001
f  1973/2168/1990 1972/2167/1991 1983/2179/2003
f  1983/2179/2003 1972/2167/1991 1982/2178/2002
f  1964/2169/1992 1973/2168/1993 1974/2180/1995
f  1974/2180/1995 1973/2168/1993 1983/2179/2003
f  1975/2170/1994 1974/2171/1995 1985/2181/2004
f  1985/2181/2004 1974/2171/1995 1984/2182/2005
f  1976/2172/1996 1975/2170/1994 1986/2183/2006
f  1986/2183/2006 1975/2170/1994 1985/2181/2004
f  1977/2173/1997 1976/2172/1996 1987/2184/2007
f  1987/2184/2007 1976/2172/1996 1986/2183/2006
f  1978/2174/1998 1977/2173/1997 1988/2185/2008
f  1988/2185/2008 1977/2173/1997 1987/2184/2007
f  1979/2175/1999 1978/2174/1998 1989/2186/2009
f  1989/2186/2009 1978/2174/1998 1988/2185/2008
f  1980/2176/2000 1979/2175/1999 1990/2187/2010
f  1990/2187/2010 1979/2175/1999 1989/2186/2009
f  1981/2177/2001 1980/2176/2000 1991/2188/2011
f  1991/2188/2011 1980/2176/2000 1990/2187/2010
f  1982/2178/2002 1981/2177/2001 1992/2189/2012
f  1992/2189/2012 1981/2177/2001 1991/2188/2011
f  1983/2179/2003 1982/2178/2002 1993/2190/2013
f  1993/2190/2013 1982/2178/2002 1992/2189/2012
f  1974/2180/1995 1983/2179/2003 1984/2191/2005
f  1984/2191/2005 1983/2179/2003 1993/2190/2013
f  1985/2181/2004 1984/2182/2005 1995/2192/2014
f  1995/2192/2014 1984/2182/2005 1994/2193/2015
f  1986/2183/2006 1985/2181/2004 1996/2194/2016
f  1996/2194/2016 1985/2181/2004 1995/2192/2014
f  1987/2184/2007 1986/2183/2006 1997/2195/2017
f  1997/2195/2017 1986/2183/2006 1996/2194/2016
f  1988/2185/2008 1987/2184/2007 1998/2196/2018
f  1998/2196/2018 1987/2184/2007 1997/2195/2017
f  1989/2186/2009 1988/2185/2008 1999/2197/2019
f  1999/2197/2019 1988/2185/2008 1998/2196/2018
f  1990/2187/2010 1989/2186/2009 2000/2198/2020
f  2000/2198/2020 1989/2186/2009 1999/2197/2019
f  1991/2188/2011 1990/2187/2010 2001/2199/2021
f  2001/2199/2021 1990/2187/2010 2000/2198/2020
f  1992/2189/2012 1991/2188/2011 2002/2200/2022
f  2002/2200/2022 1991/2188/2011 2001/2199/2021
f  1993/2190/2013 1992/2189/2012 2003/2201/2023
f  2003/2201/2023 1992/2189/2012 2002/2200/2022
f  1984/2191/2005 1993/2190/2013 1994/2202/2015
f  1994/2202/2015 1993/2190/2013 2003/2201/2023
f  1995/2192/2014 1994/2193/2015 2005/2203/2024
f  2005/2203/2024 1994/2193/2015 2004/2204/2025
f  1996/2194/2016 1995/2192/2014 2006/2205/2026
f  2006/2205/2026 1995/2192/2014 2005/2203/2024
f  1997/2195/2017 1996/2194/2016 2007/2206/2027
f  2007/2206/2027 1996/2194/2016 2006/2205/2026
f  1998/2196/2018 1997/2195/2017 2008/2207/2028
f  2008/2207/2028 1997/2195/2017 2007/2206/2027
f  1999/2197/2019 1998/2196/2018 2009/2208/2029
f  2009/2208/2029 1998/2196/2018 2008/2207/2028
f  2000/2198/2020 1999/2197/2019 2010/2209/2030
f  2010/2209/2030 1999/2197/2019 2009/2208/2029
f  2001/2199/2021 2000/2198/2020 2011/2210/2031
f  2011/2210/2031 2000/2198/2020 2010/2209/2030
f  2002/2200/2022 2001/2199/2021 2012/2211/2032
f  2012/2211/2032 2001/2199/2021 2011/2210/2031
f  2003/2201/2023 2002/2200/2022 2013/2212/2033
f  2013/2212/2033 2002/2200/2022 2012/2211/2032
f  1994/2202/2015 2003/2201/2023 2004/2213/2025
f  2004/2213/2025 2003/2201/2023 2013/2212/2033
f  2005/2203/2024 2004/2204/2025 2014/2214/2034
f  2006/2205/2026 2005/2203/2024 2014/2215/2034
f  2007/2206/2027 2006/2205/2026 2014/2216/2034
f  2008/2207/2028 2007/2206/2027 2014/2217/2034
f  2009/2208/2029 2008/2207/2028 2014/2218/2034
f  2010/2209/2030 2009/2208/2029 2014/2219/2034
f  2011/2210/2031 2010/2209/2030 2014/2220/2034
f  2012/2211/2032 2011/2210/2031 2014/2221/2034
f  2013/2212/2033 2012/2211/2032 2014/2222/2034
f  2004/2213/2025 2013/2212/2033 2014/2223/2034
# object Geosphere__7
g Geosphere__7
v 2.42790 3.59117 3.17790
v 0.75000 5.90017 3.17790
v 0.00000 3.59117 4.00000
v 1.70090 4.82707 3.40190
v 0.44100 4.94807 3.73600
v 1.42700 3.59117 3.73600
v -1.96390 5.01817 3.17790
v -0.64890 5.59117 3.40190
v -1.15400 4.42907 3.73600
v -1.96390 2.16417 3.17790
v -2.10190 3.59117 3.40190
v -1.15400 2.75327 3.73600
v 0.75000 1.28217 3.17790
v -0.64890 1.59117 3.40190
v 0.44100 2.23427 3.73600
v 1.70090 2.35527 3.40190
v 3.92790 3.59117 0.75000
v 2.89400 5.69307 1.78790
v 3.40190 3.59117 2.10190
v 3.66100 4.57307 1.27600
v 2.77900 4.57307 2.70300
v 3.17790 5.90017 -0.75000
v 3.80390 4.82707 0.00000
v 3.22000 5.93007 0.39390
v 1.21390 7.32717 0.75000
v 2.35100 6.82717 0.00000
v 2.06500 6.76907 1.27600
v 1.05090 6.82717 2.10190
v 1.79290 5.93007 2.70300
v -1.10500 6.99307 1.78790
v 0.19690 7.37617 1.27600
v -0.07500 6.53717 2.70300
v -1.21390 7.32717 -0.75000
v 0.00000 7.59117 0.00000
v -1.23000 7.37617 0.39390
v -3.17790 5.90017 0.75000
v -2.35100 6.82717 0.00000
v -2.38400 6.53717 1.27600
v -2.75200 5.59117 2.10190
v -1.67100 6.01907 2.70300
v -3.57690 3.59117 1.78790
v -3.53900 4.94807 1.27600
v -2.82500 4.42907 2.70300
v -3.92790 3.59117 -0.75000
v -3.80390 4.82707 0.00000
v -3.98000 3.59117 0.39390
v -3.17790 1.28217 0.75000
v -3.80390 2.35527 0.00000
v -3.53900 2.23427 1.27600
v -2.75200 1.59117 2.10190
v -2.82500 2.75327 2.70300
v -1.10500 0.18927 1.78790
v -2.38400 0.64517 1.27600
v -1.67100 1.16327 2.70300
v -1.21390 -0.14483 -0.75000
v -2.35100 0.35517 0.00000
v -1.23000 -0.19383 0.39390
v 1.21390 -0.14483 0.75000
v 0.00000 -0.40883 0.00000
v 0.19690 -0.19383 1.27600
v 1.05090 0.35517 2.10190
v -0.07500 0.64517 2.70300
v 2.89400 1.48927 1.78790
v 2.06500 0.41327 1.27600
v 1.79290 1.25227 2.70300
v 3.17790 1.28217 -0.75000
v 2.35100 0.35517 0.00000
v 3.22000 1.25227 0.39390
v 3.80390 2.35527 0.00000
v 3.66100 2.60927 1.27600
v 2.77900 2.60927 2.70300
v -2.42790 3.59117 -3.17790
v -0.75000 5.90017 -3.17790
v 0.00000 3.59117 -4.00000
v -1.70090 4.82707 -3.40190
v -0.44100 4.94807 -3.73600
v -1.42700 3.59117 -3.73600
v 1.96390 5.01817 -3.17790
v 0.64890 5.59117 -3.40190
v 1.15400 4.42907 -3.73600
v 1.96390 2.16417 -3.17790
v 2.10190 3.59117 -3.40190
v 1.15400 2.75327 -3.73600
v -0.75000 1.28217 -3.17790
v 0.64890 1.59117 -3.40190
v -0.44100 2.23427 -3.73600
v -1.70090 2.35527 -3.40190
v -2.89400 5.69307 -1.78790
v -3.40190 3.59117 -2.10190
v -3.66100 4.57307 -1.27600
v -2.77900 4.57307 -2.70300
v -3.22000 5.93007 -0.39390
v -2.06500 6.76907 -1.27600
v -1.05090 6.82717 -2.10190
v -1.79290 5.93007 -2.70300
v 1.10500 6.99307 -1.78790
v -0.19690 7.37617 -1.27600
v 0.07500 6.53717 -2.70300
v 1.23000 7.37617 -0.39390
v 2.38400 6.53717 -1.27600
v 2.75200 5.59117 -2.10190
v 1.67100 6.01907 -2.70300
v 3.57690 3.59117 -1.78790
v 3.53900 4.94807 -1.27600
v 2.82500 4.42907 -2.70300
v 3.98000 3.59117 -0.39390
v 3.53900 2.23427 -1.27600
v 2.75200 1.59117 -2.10190
v 2.82500 2.75327 -2.70300
v 1.10500 0.18927 -1.78790
v 2.38400 0.64517 -1.27600
v 1.67100 1.16327 -2.70300
v 1.23000 -0.19383 -0.39390
v -0.19690 -0.19383 -1.27600
v -1.05090 0.35517 -2.10190
v 0.07500 0.64517 -2.70300
v -2.89400 1.48927 -1.78790
v -2.06500 0.41327 -1.27600
v -1.79290 1.25227 -2.70300
v -3.22000 1.25227 -0.39390
v -3.66100 2.60927 -1.27600
v -2.77900 2.60927 -2.70300
# 122 verticies
vt 0.75000 0.15927
vt 0.65000 0.15927
vt 0.62500 0.12875
vt 0.55000 0.15927
vt 0.52500 0.12875
vt 0.50000 0.09823
vt 0.45000 0.15927
vt 0.35000 0.15927
vt 0.42500 0.12875
vt 0.25000 0.15927
vt 0.15000 0.15927
vt 0.32500 0.12875
vt 0.95000 0.15927
vt 1.15000 0.15927
vt 1.05000 0.15927
vt 0.72500 0.12875
vt 0.75000 0.41096
vt 0.75000 0.28512
vt 0.82500 0.12875
vt 0.65000 0.29352
vt 0.85000 0.15927
vt 0.70000 0.22639
vt 0.70000 0.35224
vt 0.65000 0.58904
vt 0.65000 0.44128
vt 0.70000 0.50000
vt 0.55000 0.41096
vt 0.60000 0.50000
vt 0.60000 0.35224
vt 0.45000 0.29352
vt 0.60000 0.22639
vt 0.55000 0.28512
vt 0.50000 0.22639
vt 0.50000 0.35224
vt 0.45000 0.58904
vt 0.45000 0.44128
vt 0.50000 0.50000
vt 0.35000 0.41096
vt 0.40000 0.50000
vt 0.40000 0.35224
vt 0.25000 0.29352
vt 0.40000 0.22639
vt 0.35000 0.28512
vt 0.30000 0.22639
vt 0.30000 0.35224
vt 0.25000 0.58904
vt 0.25000 0.44128
vt 0.30000 0.50000
vt 0.15000 0.41096
vt 0.20000 0.50000
vt 0.20000 0.35224
vt 0.05000 0.29352
vt 0.20000 0.22639
vt 0.15000 0.28512
vt 0.10000 0.22639
vt 0.10000 0.35224
vt 0.05000 0.58904
vt 0.05000 0.44128
vt 0.10000 0.50000
vt 1.05000 0.58904
vt 0.95000 0.41096
vt 1.04688 0.29687
vt 1.04844 0.44296
vt 0.99844 0.35392
vt 1.00000 0.50000
vt 0.99844 0.22807
vt 0.95000 0.28512
vt 1.09844 0.22807
vt 0.85000 0.29352
vt 0.90000 0.35224
vt 0.90000 0.22639
vt 0.85000 0.58904
vt 0.80000 0.50000
vt 0.80000 0.22639
vt 0.90000 0.50000
vt 0.80000 0.35224
vt 0.85000 0.44128
vt 0.45000 0.84073
vt 0.25000 0.84073
vt 0.50000 0.90177
vt 0.47500 0.87125
vt 0.35000 0.84073
vt 0.37500 0.87125
vt 0.55000 0.84073
vt 0.65000 0.84073
vt 0.57500 0.87125
vt 0.85000 0.84073
vt 0.67500 0.87125
vt 0.95000 0.84073
vt 1.05000 0.84073
vt 0.75000 0.84073
vt 0.77500 0.87125
vt 0.05000 0.84073
vt 0.15000 0.84073
vt 0.27500 0.87125
vt 0.30000 0.64776
vt 0.25000 0.71488
vt 0.35000 0.70648
vt 0.30000 0.77360
vt 0.35000 0.55872
vt 0.40000 0.64776
vt 0.45000 0.71488
vt 0.50000 0.64776
vt 0.55000 0.70648
vt 0.40000 0.77360
vt 0.50000 0.77360
vt 0.55000 0.55872
vt 0.60000 0.64776
vt 0.65000 0.71488
vt 0.70000 0.64776
vt 0.75000 0.70648
vt 0.60000 0.77360
vt 0.70000 0.77360
vt 0.75000 0.55872
vt 0.80000 0.64776
vt 0.85000 0.71488
vt 0.90000 0.64776
vt 0.95000 0.70648
vt 0.80000 0.77360
vt 0.90000 0.77360
vt 0.95000 0.55872
vt 1.00000 0.64776
# 122 texture verticies
vn 0.60719 0.00000 0.79456
vn 0.42538 0.30912 0.85059
vn 0.31751 0.00000 0.94826
vn 0.18766 0.57744 0.79457
vn 0.09810 0.30193 0.94827
vn -0.00007 0.00000 1.00000
vn -0.16241 0.50004 0.85063
vn -0.49125 0.35667 0.79465
vn -0.25688 0.18653 0.94827
vn -0.52581 0.00000 0.85060
vn -0.49125 -0.35667 0.79465
vn -0.25688 -0.18653 0.94827
vn -0.16241 -0.50004 0.85063
vn 0.18766 -0.57744 0.79457
vn 0.09810 -0.30193 0.94827
vn 0.42538 -0.30912 0.85059
vn 0.85072 0.00000 0.52562
vn 0.70304 0.28022 0.65361
vn 0.98222 0.00000 0.18774
vn 0.89908 0.28006 0.33648
vn 0.72357 0.52580 0.44720
vn 0.95107 0.30897 0.00001
vn 0.79459 0.57737 -0.18781
vn 0.80101 0.58193 0.14046
vn 0.58781 0.80900 -0.00002
vn 0.30358 0.93412 0.18777
vn 0.54440 0.76832 0.33661
vn 0.26288 0.80904 0.52570
vn 0.48387 0.58199 0.65358
vn -0.04932 0.75524 0.65359
vn 0.01119 0.94158 0.33661
vn -0.27640 0.85065 0.44721
vn 0.00000 1.00000 0.00000
vn -0.30358 0.93412 -0.18777
vn -0.30604 0.94159 0.14054
vn -0.58781 0.80900 0.00002
vn -0.79459 0.57737 0.18781
vn -0.56257 0.75513 0.33658
vn -0.68822 0.49997 0.52572
vn -0.40403 0.64000 0.65357
vn -0.73342 0.18638 0.65373
vn -0.89198 0.30175 0.33663
vn -0.89433 0.00000 0.44741
vn -0.95107 0.30897 -0.00001
vn -0.98222 -0.00000 -0.18774
vn -0.99011 0.00000 0.14027
vn -0.95107 -0.30897 -0.00001
vn -0.79459 -0.57737 0.18781
vn -0.89198 -0.30175 0.33663
vn -0.68822 -0.49997 0.52572
vn -0.73342 -0.18638 0.65373
vn -0.40403 -0.64000 0.65357
vn -0.56257 -0.75513 0.33658
vn -0.27640 -0.85065 0.44721
vn -0.58781 -0.80900 0.00002
vn -0.30358 -0.93412 -0.18777
vn -0.30604 -0.94159 0.14054
vn 0.00000 -1.00000 0.00000
vn 0.30358 -0.93412 0.18777
vn 0.01119 -0.94158 0.33661
vn 0.26288 -0.80904 0.52570
vn -0.04932 -0.75524 0.65359
vn 0.48387 -0.58199 0.65358
vn 0.54440 -0.76832 0.33661
vn 0.72357 -0.52580 0.44720
vn 0.58781 -0.80900 -0.00002
vn 0.79459 -0.57737 -0.18781
vn 0.80101 -0.58193 0.14046
vn 0.95107 -0.30897 0.00001
vn 0.89908 -0.28006 0.33648
vn 0.70304 -0.28022 0.65361
vn -0.60719 0.00000 -0.79456
vn -0.42538 0.30912 -0.85059
vn -0.31751 -0.00000 -0.94826
vn -0.18766 0.57744 -0.79457
vn -0.09810 0.30193 -0.94827
vn 0.00007 0.00000 -1.00000
vn 0.16241 0.50004 -0.85063
vn 0.49125 0.35667 -0.79465
vn 0.25688 0.18653 -0.94827
vn 0.52581 0.00000 -0.85060
vn 0.49125 -0.35667 -0.79465
vn 0.25688 -0.18653 -0.94827
vn 0.16241 -0.50004 -0.85063
vn -0.18766 -0.57744 -0.79457
vn -0.09810 -0.30193 -0.94827
vn -0.42538 -0.30912 -0.85059
vn -0.85072 -0.00000 -0.52562
vn -0.70304 0.28022 -0.65361
vn -0.89908 0.28006 -0.33648
vn -0.72357 0.52580 -0.44720
vn -0.80101 0.58193 -0.14046
vn -0.54440 0.76832 -0.33661
vn -0.26288 0.80904 -0.52570
vn -0.48387 0.58199 -0.65358
vn 0.04932 0.75524 -0.65359
vn -0.01119 0.94158 -0.33661
vn 0.27640 0.85065 -0.44721
vn 0.30604 0.94159 -0.14054
vn 0.56257 0.75513 -0.33658
vn 0.68822 0.49997 -0.52572
vn 0.40403 0.64000 -0.65357
vn 0.73342 0.18638 -0.65373
vn 0.89198 0.30175 -0.33663
vn 0.89433 0.00000 -0.44741
vn 0.99011 0.00000 -0.14027
vn 0.89198 -0.30175 -0.33663
vn 0.68822 -0.49997 -0.52572
vn 0.73342 -0.18638 -0.65373
vn 0.40403 -0.64000 -0.65357
vn 0.56257 -0.75513 -0.33658
vn 0.27640 -0.85065 -0.44721
vn 0.30604 -0.94159 -0.14054
vn -0.01119 -0.94158 -0.33661
vn -0.26288 -0.80904 -0.52570
vn 0.04932 -0.75524 -0.65359
vn -0.48387 -0.58199 -0.65358
vn -0.54440 -0.76832 -0.33661
vn -0.72357 -0.52580 -0.44720
vn -0.80101 -0.58193 -0.14046
vn -0.89908 -0.28006 -0.33648
vn -0.70304 -0.28022 -0.65361
# 122 normals
f  2015/2224/2035 2018/2225/2036 2020/2226/2037
f  2018/2225/2036 2016/2227/2038 2019/2228/2039
f  2018/2225/2036 2019/2228/2039 2020/2226/2037
f  2020/2226/2037 2019/2228/2039 2017/2229/2040
f  2016/2227/2038 2022/2230/2041 2019/2228/2039
f  2022/2230/2041 2021/2231/2042 2023/2232/2043
f  2022/2230/2041 2023/2232/2043 2019/2228/2039
f  2019/2228/2039 2023/2232/2043 2017/2229/2040
f  2021/2231/2042 2025/2233/2044 2023/2232/2043
f  2025/2233/2044 2024/2234/2045 2026/2235/2046
f  2025/2233/2044 2026/2235/2046 2023/2232/2043
f  2023/2232/2043 2026/2235/2046 2017/2229/2040
f  2024/2234/2045 2028/2236/2047 2026/2235/2046
f  2028/2236/2047 2027/2237/2048 2029/2238/2049
f  2028/2236/2047 2029/2238/2049 2026/2235/2046
f  2026/2235/2046 2029/2238/2049 2017/2229/2040
f  2027/2237/2048 2030/2239/2050 2029/2238/2049
f  2030/2239/2050 2015/2224/2035 2020/2226/2037
f  2030/2239/2050 2020/2226/2037 2029/2238/2049
f  2029/2238/2049 2020/2226/2037 2017/2229/2040
f  2015/2224/2035 2033/2240/2051 2035/2241/2052
f  2033/2240/2051 2031/2242/2053 2034/2243/2054
f  2033/2240/2051 2034/2243/2054 2035/2241/2052
f  2035/2241/2052 2034/2243/2054 2032/2244/2055
f  2031/2242/2053 2037/2245/2056 2034/2243/2054
f  2037/2245/2056 2036/2246/2057 2038/2247/2058
f  2037/2245/2056 2038/2247/2058 2034/2243/2054
f  2034/2243/2054 2038/2247/2058 2032/2244/2055
f  2036/2246/2057 2040/2248/2059 2038/2247/2058
f  2040/2248/2059 2039/2249/2060 2041/2250/2061
f  2040/2248/2059 2041/2250/2061 2038/2247/2058
f  2038/2247/2058 2041/2250/2061 2032/2244/2055
f  2039/2249/2060 2042/2251/2062 2041/2250/2061
f  2042/2251/2062 2016/2227/2038 2043/2252/2063
f  2042/2251/2062 2043/2252/2063 2041/2250/2061
f  2041/2250/2061 2043/2252/2063 2032/2244/2055
f  2016/2227/2038 2018/2225/2036 2043/2252/2063
f  2018/2225/2036 2015/2224/2035 2035/2241/2052
f  2018/2225/2036 2035/2241/2052 2043/2252/2063
f  2043/2252/2063 2035/2241/2052 2032/2244/2055
f  2016/2227/2038 2042/2251/2062 2046/2253/2064
f  2042/2251/2062 2039/2249/2060 2045/2254/2065
f  2042/2251/2062 2045/2254/2065 2046/2253/2064
f  2046/2253/2064 2045/2254/2065 2044/2255/2066
f  2039/2249/2060 2048/2256/2067 2045/2254/2065
f  2048/2256/2067 2047/2257/2068 2049/2258/2069
f  2048/2256/2067 2049/2258/2069 2045/2254/2065
f  2045/2254/2065 2049/2258/2069 2044/2255/2066
f  2047/2257/2068 2051/2259/2070 2049/2258/2069
f  2051/2259/2070 2050/2260/2071 2052/2261/2072
f  2051/2259/2070 2052/2261/2072 2049/2258/2069
f  2049/2258/2069 2052/2261/2072 2044/2255/2066
f  2050/2260/2071 2053/2262/2073 2052/2261/2072
f  2053/2262/2073 2021/2231/2042 2054/2263/2074
f  2053/2262/2073 2054/2263/2074 2052/2261/2072
f  2052/2261/2072 2054/2263/2074 2044/2255/2066
f  2021/2231/2042 2022/2230/2041 2054/2263/2074
f  2022/2230/2041 2016/2227/2038 2046/2253/2064
f  2022/2230/2041 2046/2253/2064 2054/2263/2074
f  2054/2263/2074 2046/2253/2064 2044/2255/2066
f  2021/2231/2042 2053/2262/2073 2057/2264/2075
f  2053/2262/2073 2050/2260/2071 2056/2265/2076
f  2053/2262/2073 2056/2265/2076 2057/2264/2075
f  2057/2264/2075 2056/2265/2076 2055/2266/2077
f  2050/2260/2071 2059/2267/2078 2056/2265/2076
f  2059/2267/2078 2058/2268/2079 2060/2269/2080
f  2059/2267/2078 2060/2269/2080 2056/2265/2076
f  2056/2265/2076 2060/2269/2080 2055/2266/2077
f  2058/2268/2079 2062/2270/2081 2060/2269/2080
f  2062/2270/2081 2061/2271/2082 2063/2272/2083
f  2062/2270/2081 2063/2272/2083 2060/2269/2080
f  2060/2269/2080 2063/2272/2083 2055/2266/2077
f  2061/2271/2082 2064/2273/2084 2063/2272/2083
f  2064/2273/2084 2024/2234/2045 2065/2274/2085
f  2064/2273/2084 2065/2274/2085 2063/2272/2083
f  2063/2272/2083 2065/2274/2085 2055/2266/2077
f  2024/2234/2045 2025/2233/2044 2065/2274/2085
f  2025/2233/2044 2021/2231/2042 2057/2264/2075
f  2025/2233/2044 2057/2264/2075 2065/2274/2085
f  2065/2274/2085 2057/2264/2075 2055/2266/2077
f  2024/2234/2045 2064/2273/2084 2068/2275/2086
f  2064/2273/2084 2061/2271/2082 2067/2276/2087
f  2064/2273/2084 2067/2276/2087 2068/2275/2086
f  2068/2275/2086 2067/2276/2087 2066/2277/2088
f  2061/2271/2082 2070/2278/2089 2067/2276/2087
f  2070/2278/2089 2069/2279/2090 2071/2280/2091
f  2070/2278/2089 2071/2280/2091 2067/2276/2087
f  2067/2276/2087 2071/2280/2091 2066/2277/2088
f  2069/2279/2090 2073/2281/2092 2071/2280/2091
f  2073/2281/2092 2072/2282/2093 2074/2283/2094
f  2073/2281/2092 2074/2283/2094 2071/2280/2091
f  2071/2280/2091 2074/2283/2094 2066/2277/2088
f  2072/2282/2093 2075/2284/2095 2074/2283/2094
f  2075/2284/2095 2027/2237/2048 2076/2285/2096
f  2075/2284/2095 2076/2285/2096 2074/2283/2094
f  2074/2283/2094 2076/2285/2096 2066/2277/2088
f  2027/2237/2048 2028/2236/2047 2076/2285/2096
f  2028/2236/2047 2024/2234/2045 2068/2275/2086
f  2028/2236/2047 2068/2275/2086 2076/2285/2096
f  2076/2285/2096 2068/2275/2086 2066/2277/2088
f  2027/2237/2048 2075/2284/2095 2079/2286/2097
f  2075/2284/2095 2072/2282/2093 2078/2287/2098
f  2075/2284/2095 2078/2287/2098 2079/2286/2097
f  2079/2286/2097 2078/2287/2098 2077/2288/2099
f  2072/2282/2093 2081/2289/2100 2078/2287/2098
f  2081/2289/2100 2080/2290/2101 2082/2291/2102
f  2081/2289/2100 2082/2291/2102 2078/2287/2098
f  2078/2287/2098 2082/2291/2102 2077/2288/2099
f  2080/2290/2101 2083/2292/2103 2082/2291/2102
f  2083/2292/2103 2031/2242/2053 2084/2293/2104
f  2083/2292/2103 2084/2293/2104 2082/2291/2102
f  2082/2291/2102 2084/2293/2104 2077/2288/2099
f  2031/2242/2053 2033/2240/2051 2084/2293/2104
f  2033/2240/2051 2015/2224/2035 2085/2294/2105
f  2033/2240/2051 2085/2294/2105 2084/2293/2104
f  2084/2293/2104 2085/2294/2105 2077/2288/2099
f  2015/2224/2035 2030/2239/2050 2085/2294/2105
f  2030/2239/2050 2027/2237/2048 2079/2286/2097
f  2030/2239/2050 2079/2286/2097 2085/2294/2105
f  2085/2294/2105 2079/2286/2097 2077/2288/2099
f  2086/2295/2106 2089/2296/2107 2091/2297/2108
f  2089/2296/2107 2087/2298/2109 2090/2299/2110
f  2089/2296/2107 2090/2299/2110 2091/2297/2108
f  2091/2297/2108 2090/2299/2110 2088/2300/2111
f  2087/2298/2109 2093/2301/2112 2090/2299/2110
f  2093/2301/2112 2092/2302/2113 2094/2303/2114
f  2093/2301/2112 2094/2303/2114 2090/2299/2110
f  2090/2299/2110 2094/2303/2114 2088/2300/2111
f  2092/2302/2113 2096/2304/2115 2094/2303/2114
f  2096/2304/2115 2095/2305/2116 2097/2306/2117
f  2096/2304/2115 2097/2306/2117 2094/2303/2114
f  2094/2303/2114 2097/2306/2117 2088/2300/2111
f  2095/2305/2116 2099/2307/2118 2097/2306/2117
f  2099/2307/2118 2098/2308/2119 2100/2309/2120
f  2099/2307/2118 2100/2309/2120 2097/2306/2117
f  2097/2306/2117 2100/2309/2120 2088/2300/2111
f  2098/2308/2119 2101/2310/2121 2100/2309/2120
f  2101/2310/2121 2086/2295/2106 2091/2297/2108
f  2101/2310/2121 2091/2297/2108 2100/2309/2120
f  2100/2309/2120 2091/2297/2108 2088/2300/2111
f  2086/2295/2106 2103/2311/2122 2105/2312/2123
f  2103/2311/2122 2058/2268/2079 2104/2313/2124
f  2103/2311/2122 2104/2313/2124 2105/2312/2123
f  2105/2312/2123 2104/2313/2124 2102/2314/2125
f  2058/2268/2079 2059/2267/2078 2104/2313/2124
f  2059/2267/2078 2050/2260/2071 2106/2315/2126
f  2059/2267/2078 2106/2315/2126 2104/2313/2124
f  2104/2313/2124 2106/2315/2126 2102/2314/2125
f  2050/2260/2071 2051/2259/2070 2106/2315/2126
f  2051/2259/2070 2047/2257/2068 2107/2316/2127
f  2051/2259/2070 2107/2316/2127 2106/2315/2126
f  2106/2315/2126 2107/2316/2127 2102/2314/2125
f  2047/2257/2068 2108/2317/2128 2107/2316/2127
f  2108/2317/2128 2087/2298/2109 2109/2318/2129
f  2108/2317/2128 2109/2318/2129 2107/2316/2127
f  2107/2316/2127 2109/2318/2129 2102/2314/2125
f  2087/2298/2109 2089/2296/2107 2109/2318/2129
f  2089/2296/2107 2086/2295/2106 2105/2312/2123
f  2089/2296/2107 2105/2312/2123 2109/2318/2129
f  2109/2318/2129 2105/2312/2123 2102/2314/2125
f  2087/2298/2109 2108/2317/2128 2112/2319/2130
f  2108/2317/2128 2047/2257/2068 2111/2320/2131
f  2108/2317/2128 2111/2320/2131 2112/2319/2130
f  2112/2319/2130 2111/2320/2131 2110/2321/2132
f  2047/2257/2068 2048/2256/2067 2111/2320/2131
f  2048/2256/2067 2039/2249/2060 2113/2322/2133
f  2048/2256/2067 2113/2322/2133 2111/2320/2131
f  2111/2320/2131 2113/2322/2133 2110/2321/2132
f  2039/2249/2060 2040/2248/2059 2113/2322/2133
f  2040/2248/2059 2036/2246/2057 2114/2323/2134
f  2040/2248/2059 2114/2323/2134 2113/2322/2133
f  2113/2322/2133 2114/2323/2134 2110/2321/2132
f  2036/2246/2057 2115/2324/2135 2114/2323/2134
f  2115/2324/2135 2092/2302/2113 2116/2325/2136
f  2115/2324/2135 2116/2325/2136 2114/2323/2134
f  2114/2323/2134 2116/2325/2136 2110/2321/2132
f  2092/2302/2113 2093/2301/2112 2116/2325/2136
f  2093/2301/2112 2087/2298/2109 2112/2319/2130
f  2093/2301/2112 2112/2319/2130 2116/2325/2136
f  2116/2325/2136 2112/2319/2130 2110/2321/2132
f  2092/2302/2113 2115/2324/2135 2119/2326/2137
f  2115/2324/2135 2036/2246/2057 2118/2327/2138
f  2115/2324/2135 2118/2327/2138 2119/2326/2137
f  2119/2326/2137 2118/2327/2138 2117/2328/2139
f  2036/2246/2057 2037/2245/2056 2118/2327/2138
f  2037/2245/2056 2031/2242/2053 2120/2329/2140
f  2037/2245/2056 2120/2329/2140 2118/2327/2138
f  2118/2327/2138 2120/2329/2140 2117/2328/2139
f  2031/2242/2053 2083/2292/2103 2120/2329/2140
f  2083/2292/2103 2080/2290/2101 2121/2330/2141
f  2083/2292/2103 2121/2330/2141 2120/2329/2140
f  2120/2329/2140 2121/2330/2141 2117/2328/2139
f  2080/2290/2101 2122/2331/2142 2121/2330/2141
f  2122/2331/2142 2095/2305/2116 2123/2332/2143
f  2122/2331/2142 2123/2332/2143 2121/2330/2141
f  2121/2330/2141 2123/2332/2143 2117/2328/2139
f  2095/2305/2116 2096/2304/2115 2123/2332/2143
f  2096/2304/2115 2092/2302/2113 2119/2326/2137
f  2096/2304/2115 2119/2326/2137 2123/2332/2143
f  2123/2332/2143 2119/2326/2137 2117/2328/2139
f  2095/2305/2116 2122/2331/2142 2126/2333/2144
f  2122/2331/2142 2080/2290/2101 2125/2334/2145
f  2122/2331/2142 2125/2334/2145 2126/2333/2144
f  2126/2333/2144 2125/2334/2145 2124/2335/2146
f  2080/2290/2101 2081/2289/2100 2125/2334/2145
f  2081/2289/2100 2072/2282/2093 2127/2336/2147
f  2081/2289/2100 2127/2336/2147 2125/2334/2145
f  2125/2334/2145 2127/2336/2147 2124/2335/2146
f  2072/2282/2093 2073/2281/2092 2127/2336/2147
f  2073/2281/2092 2069/2279/2090 2128/2337/2148
f  2073/2281/2092 2128/2337/2148 2127/2336/2147
f  2127/2336/2147 2128/2337/2148 2124/2335/2146
f  2069/2279/2090 2129/2338/2149 2128/2337/2148
f  2129/2338/2149 2098/2308/2119 2130/2339/2150
f  2129/2338/2149 2130/2339/2150 2128/2337/2148
f  2128/2337/2148 2130/2339/2150 2124/2335/2146
f  2098/2308/2119 2099/2307/2118 2130/2339/2150
f  2099/2307/2118 2095/2305/2116 2126/2333/2144
f  2099/2307/2118 2126/2333/2144 2130/2339/2150
f  2130/2339/2150 2126/2333/2144 2124/2335/2146
f  2098/2308/2119 2129/2338/2149 2133/2340/2151
f  2129/2338/2149 2069/2279/2090 2132/2341/2152
f  2129/2338/2149 2132/2341/2152 2133/2340/2151
f  2133/2340/2151 2132/2341/2152 2131/2342/2153
f  2069/2279/2090 2070/2278/2089 2132/2341/2152
f  2070/2278/2089 2061/2271/2082 2134/2343/2154
f  2070/2278/2089 2134/2343/2154 2132/2341/2152
f  2132/2341/2152 2134/2343/2154 2131/2342/2153
f  2061/2271/2082 2062/2270/2081 2134/2343/2154
f  2062/2270/2081 2058/2268/2079 2135/2344/2155
f  2062/2270/2081 2135/2344/2155 2134/2343/2154
f  2134/2343/2154 2135/2344/2155 2131/2342/2153
f  2058/2268/2079 2103/2311/2122 2135/2344/2155
f  2103/2311/2122 2086/2295/2106 2136/2345/2156
f  2103/2311/2122 2136/2345/2156 2135/2344/2155
f  2135/2344/2155 2136/2345/2156 2131/2342/2153
f  2086/2295/2106 2101/2310/2121 2136/2345/2156
f  2101/2310/2121 2098/2308/2119 2133/2340/2151
f  2101/2310/2121 2133/2340/2151 2136/2345/2156
f  2136/2345/2156 2133/2340/2151 2131/2342/2153
